timestamp,rainfall_24h,rainfall_48h,rainfall_7d,month,water_level,water_level_change_24h,temperature,humidity,elevation,soil_saturation,historical_floods_count,day_of_year,flood_occurred,hours_to_flood
2022-10-18 13:32:25.601742000,7.039021349652887,15.361693023460479,53.009677775439414,10,1.1305504999053004,0.0,25.897161758503696,67.23032658078878,80,63.57890962472327,2,291,0,
2022-10-18 22:18:12.117247168,45.151821463762815,51.92917006279149,106.42654407114017,10,1.9218788895517471,0.7913283896464467,28.13630941700511,73.68875072236999,80,95.17463466882283,0,291,1,7.162403498348276
2022-10-19 07:03:58.632752336,19.75118540318174,33.220855750498124,78.07602963074675,10,1.0636318286202666,-0.8582470609314805,27.24434054032875,74.52191757464865,20,100.0,3,292,1,18.45874817520492
2022-10-19 15:49:45.148257505,13.6941383066393,21.500388011173207,63.91282658073554,10,1.0134903809498692,-0.05014144767039741,23.37983623087362,69.32237805551975,20,86.98282692018817,4,292,1,23.396307147885924
2022-10-20 00:35:31.663762673,2.5443730569351946,3.900119012904908,19.590844803551576,10,0.4797818576276128,-0.5337085233222565,26.350190172345968,63.245708908935825,40,58.370768308559896,1,293,1,37.19190216559227
2022-10-20 09:21:18.179267841,2.543944378719078,27.475913990098185,90.03139947168825,10,0.7022920054840831,0.22251014785647033,23.77621128006337,69.1699324696305,40,100.0,2,293,1,32.26176921824903
2022-10-20 18:07:04.694773010,0.89758152913021,6.522652591126387,20.147296579602585,10,0.6698149699481766,-0.03247703553590653,26.13400146774911,69.76192270583643,80,40.95618461455336,1,293,0,
2022-10-21 02:52:51.210278178,30.16846296719909,24.84916212662602,82.22394683162196,10,1.0311149856042627,0.36130001565608616,26.099862528894782,64.13099907555919,40,84.859830690608,1,294,1,28.115543593707322
2022-10-21 11:38:37.725783347,13.78623230440897,22.13883128288525,53.175349698776756,10,0.7083271744185864,-0.32278781118567634,22.400641464376076,72.17038614322594,10,95.70563958124674,4,294,1,27.48793142887279
2022-10-21 20:24:24.241288515,18.468750925568855,17.34761075380458,94.20187870476506,10,1.0467093021242115,0.33838212770562515,24.94482249885808,71.77608671447207,20,100.0,5,294,1,20.496489252370786
2022-10-22 05:10:10.756793683,0.3119896199870793,12.528670632461484,70.60564057461814,10,0.6270647909418702,-0.41964451118234136,25.739962090976842,72.64410958710302,80,68.51465806256452,2,295,1,30.27918174011791
2022-10-22 13:55:57.272298852,52.55336212737468,60.859902377253135,119.6107198392771,10,2.2283771817280122,1.6013123907861422,24.35779830675008,71.855372863314,80,99.17141366130885,2,295,1,4.867332794489194
2022-10-22 22:41:43.787804020,26.796443150320126,53.680831559862625,117.58827208594165,10,1.9477822563017066,-0.2805949254263056,25.880725173535993,74.15182575308386,10,100.0,3,295,1,7.4956185525406305
2022-10-23 07:27:30.303309189,3.5803143787342044,8.596431842804343,41.56385712257055,10,0.6784734132178918,-1.2693088430838149,26.884023030444688,69.64781481351994,40,71.12518584665669,0,296,1,31.22645554304024
2022-10-23 16:13:16.818814357,3.01018483124495,7.707907664977499,17.06424515592523,10,0.7569172033416329,0.07844379012374114,25.231958755996853,71.59521530577149,40,63.227567296118266,2,296,0,
2022-10-24 00:59:03.334319525,3.0391713424838556,13.339638557209499,35.68396575095781,10,0.4990732252988457,-0.25784397804278725,25.763256098958102,68.6394128698555,20,74.88141226880389,3,297,1,28.747653641970665
2022-10-24 09:44:49.849824694,5.4413059419071566,7.013575198998969,12.38008057870185,10,0.8325494035314402,0.33347617823259457,28.10181204963418,67.74743170693472,10,72.14045600540501,4,297,1,31.3096878632407
2022-10-24 18:30:36.365329862,11.158917462912818,16.670344056579175,65.74079125791054,10,0.7846036168019126,-0.04794578672952765,26.302257924777606,77.4029776704647,80,77.1147647803805,2,297,1,32.74763380251827
2022-10-25 03:16:22.880835031,8.48305600170505,12.94490944518341,22.797904653177604,10,0.8133943810021537,0.02879076420024107,25.77840795533541,60.534675244340434,10,83.24527999986975,3,298,1,32.31703121746962
2022-10-25 12:02:09.396340199,5.163344888309123,6.452393819410238,15.032055636484767,10,0.6460211109464525,-0.16737327005570113,23.481488619357236,75.17909470305123,80,41.588047779370086,1,298,1,40.900916453146806
2022-10-25 20:47:55.911845367,14.19556310849698,17.038481772521585,37.869555639196236,10,1.1608909268779617,0.5148698159315092,26.760580422321294,67.73435242185889,10,84.93057323878416,3,298,1,21.67674801907443
2022-10-26 05:33:42.427350536,2.25351793091008,16.58737833860686,52.24071116374739,10,0.44894883112927036,-0.7119420957486913,26.099701970859787,67.12861325593622,40,83.94326178716076,2,299,0,
2022-10-26 14:19:28.942855704,5.182732680036034,20.109745371618544,68.87442442103489,10,0.34810438039389824,-0.10084445073537213,28.027746897147267,72.22842347981593,80,69.81443611317087,1,299,0,
2022-10-26 23:05:15.458360873,6.844158273312706,7.1693334061461185,67.83023597209518,10,0.6658899601101304,0.3177855797162321,25.574882992798855,63.51420375062945,20,98.58676171967758,3,299,1,37.07264129352374
2022-10-27 07:51:01.973866041,9.134020317896624,8.227231859404146,25.28327350360948,10,0.8586589763329988,0.19276901622286846,21.869442334936156,66.92383531067729,10,80.25070326563625,5,300,0,
2022-10-27 16:36:48.489371209,23.069040165463676,24.191289089243867,46.46225499401381,10,1.233747569363212,0.37508859303021325,22.122574213056886,66.79993366886187,40,73.21524821317125,1,300,1,27.76001290369425
2022-10-28 01:22:35.004876378,3.3410379319303543,19.51679419524895,61.02998283781157,10,1.0084295480738787,-0.22531802128933331,27.01500891432745,69.98030348269049,80,71.98795452362266,0,301,0,
2022-10-28 10:08:21.520381546,10.830437325496916,12.479466521408632,32.640623139022836,10,0.9288779465599584,-0.07955160151392038,24.42408208234068,67.10825011467054,40,55.815405517013424,1,301,0,
2022-10-28 18:54:08.035886715,13.462570819646409,23.93314781803434,68.67099899942197,10,0.8958132282012996,-0.03306471835865876,26.458816760138138,79.17615594403063,10,97.02191282257448,3,301,1,29.82173887752724
2022-10-29 03:39:54.551391883,0.7134577463461281,1.5511324970130969,8.536861992905543,10,0.06469644906911748,-0.8311167791321821,25.834548250943886,80.19724850636811,20,64.70009609038858,4,302,1,45.249660596641
2022-10-29 12:25:41.066897051,14.029995309744152,19.659808394900047,46.80519693194664,10,0.9297355433048399,0.8650390942357224,25.29319468918639,61.14378043540815,20,79.7810606470539,4,302,1,29.2409197674503
2022-10-29 21:11:27.582402220,2.8044187796612463,6.0140163121637205,19.4949907288969,10,0.8218203391664216,-0.10791520413841826,25.454931509603863,74.0169216853893,10,84.73040184082157,3,302,1,31.425569198260938
2022-10-30 05:57:14.097907388,1.0089589631895637,12.776405172911558,45.03507414844468,10,0.569533674459484,-0.2522866647069376,23.937643755618186,75.63016272680515,80,54.48693266988172,0,303,1,44.4635512052679
2022-10-30 14:43:00.613412556,44.60531690260396,39.48922968837469,103.91464558090948,10,1.7926626876713792,1.2231290132118953,25.657624336910775,74.09328544137576,40,100.0,0,303,1,6.7918349280175745
2022-10-30 23:28:47.128917725,50.55945513691759,53.71257230531796,136.3839187910657,10,2.1325868766528733,0.3399241889814941,24.54093769775288,68.1292816612249,40,100.0,1,303,1,5.967605095639907
2022-10-31 08:14:33.644422893,24.784973592193154,24.583193937277862,66.32777666066183,10,1.0384729363666785,-1.0941139402861948,24.98614390712132,70.24083608395276,80,71.40336335960876,0,304,0,
2022-10-31 17:00:20.159928062,5.4493178995313745,14.680460347988461,27.680450561239276,10,0.8804381407982755,-0.15803479556840294,25.10407841337319,67.76137973169455,10,78.51833645942982,2,304,1,37.337095251928645
2022-11-01 01:46:06.675433230,1.0277731500250624,11.569863937380894,46.188537983005006,11,0.9636784603746513,0.08324031957637579,25.318696326014074,69.44284557582888,40,82.60641839385849,2,305,1,30.932681582106078
2022-11-01 10:31:53.190938398,11.527507630986618,10.21122412705202,30.97621834090354,11,0.7980997235115713,-0.16557873686308,27.637122585892023,65.53572620241982,40,58.79064835560158,1,305,0,
2022-11-01 19:17:39.706443567,5.800908425853983,15.916155661447863,29.561266905539526,11,0.5493668407650979,-0.24873288274647343,25.55387290226426,71.05296501317454,10,84.17033497592465,5,305,1,29.809716307191373
2022-11-02 04:03:26.221948735,1.3015223395444864,5.636379202076121,19.04203560212759,11,0.5690740334072563,0.019707192642158367,27.881523839306617,64.15422977572749,40,50.88683706096303,0,306,0,
2022-11-02 12:49:12.737453904,6.835472281341501,8.802122351789569,20.414486444898206,11,0.27985384742295194,-0.2892201859843043,28.930479029067413,70.70886548168822,80,58.20509383280205,1,306,0,
2022-11-02 21:34:59.252959072,0.34993721443479087,3.0848876968049312,26.24342705330453,11,0.6052282740520684,0.3253744266291164,27.585293381085446,65.50789971244747,80,55.12812560753829,0,306,0,
2022-11-03 06:20:45.768464240,24.004228873930238,23.955525787241818,48.124370038630374,11,1.3100947108807386,0.7048664368286702,26.964960731638445,72.82612913195987,10,94.74705046730854,3,307,1,16.366456836165735
2022-11-03 15:06:32.283969409,2.994577768406861,9.305189337075133,31.16452671998552,11,0.9880707075080011,-0.3220240033727375,26.5702919309351,68.43615721922167,10,92.9538280564514,2,307,1,31.149610971574145
2022-11-03 23:52:18.799474577,10.862557985649804,18.86340839510507,29.86552642549886,11,0.8670862851507217,-0.12098442235727935,27.66793268671819,73.32733227660879,80,55.66987541986249,0,307,0,
2022-11-04 08:38:05.314979746,3.7354658165762364,4.179117621123508,12.970950903164088,11,0.6981975601720539,-0.1688887249786678,26.13650804717143,77.3234767817818,10,77.58333223228743,5,308,1,31.161401017768338
2022-11-04 17:23:51.830484914,7.341108959092287,10.417950359314029,62.467368058819474,11,0.5787440622978057,-0.1194534978742482,27.94748074678164,79.90391679025802,80,71.8923104697355,2,308,0,
2022-11-05 02:09:38.345990082,7.912237979817975,16.01506579275836,55.81355332919136,11,0.7471099934189275,0.16836593112112175,27.227089972974035,59.357733779686875,80,70.72494829181127,1,309,0,
2022-11-05 10:55:24.861495251,2.0438859950790573,15.608283868895159,33.22061784060948,11,0.3919234712580931,-0.35518652216083435,25.29971721041377,67.86782579458018,80,54.14810200069843,0,309,0,
2022-11-05 19:41:11.377000419,34.92807132736226,34.41398598894613,83.06376095193305,11,1.5037433621800596,1.1118198909219665,27.831601763533758,70.56436962109622,40,90.46044393914985,2,309,1,19.390315241894832
2022-11-06 04:26:57.892505588,14.922453771381408,29.827880025953306,65.06350464259641,11,1.0356660449834483,-0.4680773171966113,26.2433436284461,74.42240632488935,10,100.0,4,310,1,33.21975869741025
2022-11-06 13:12:44.408010756,28.05094419291582,29.289808661621677,55.63796952106081,11,1.4137569236923124,0.37809087870886415,25.86858459659445,63.90992470286551,40,79.20584951831982,2,310,1,26.400457785433666
2022-11-06 21:58:30.923515924,22.521519975341967,23.112793880799778,56.09663485628654,11,1.0568389622483092,-0.35691796144400323,25.148896309197482,67.29212722598984,10,97.47709785763264,3,310,1,11.135277458324087
2022-11-07 06:44:17.439021093,9.11054412383275,19.107857456697356,53.50333000880831,11,0.8899585272386469,-0.16688043500966232,26.453759007785393,72.89522863735804,20,79.74905304925059,2,311,1,33.76090467622663
2022-11-07 15:30:03.954526261,25.49435379269405,33.66842726402995,89.63857362519647,11,1.2798953373726474,0.3899368101340005,28.135053530123077,72.70869780622756,40,100.0,1,311,0,
2022-11-08 00:15:50.470031430,0.9265545895311562,4.157336665247088,26.458290934671773,11,0.4938045807831912,-0.7860907565894562,27.94039524466556,74.21312249905944,40,59.92187491758203,0,312,0,
2022-11-08 09:01:36.985536598,2.1813469463126745,5.182032454159668,14.70253839471863,11,0.6115197286604562,0.117715147877265,26.889669351554822,74.5841421477144,40,62.2874553894556,0,312,0,
2022-11-08 17:47:23.501041766,0.46281965686831955,9.763813995610644,18.117360995853872,11,0.6149991215568749,0.0034793928964186316,27.402514792631354,74.09942718794187,20,69.93744875636736,3,312,1,39.7066417564564
2022-11-09 02:33:10.016546935,3.9353208680308684,13.563135926366321,31.384509664794606,11,0.8665725844346083,0.2515734628777334,28.766945722934267,73.41538086293576,10,79.22500221874796,4,313,1,30.543511124861777
2022-11-09 11:18:56.532052103,4.921302917942186,7.105813319135294,47.64235401079698,11,0.6453555847242297,-0.22121699971037856,25.943922703566265,72.76640943844782,20,90.08255439305155,3,313,1,37.96397204211372
2022-11-09 20:04:43.047557271,3.165604432088257,4.676137105219491,26.751447660569717,11,0.5400963898693595,-0.10525919485487023,24.03329658570203,75.8520886341467,10,84.64842706228255,5,313,1,35.0629363757123
2022-11-10 04:50:29.563062440,17.64557865240934,21.730319055860715,58.0780592713903,11,1.0340532745893487,0.4939568847199892,28.88665540871776,61.372178075900095,10,100.0,5,314,1,14.43120116216273
2022-11-10 13:36:16.078567608,4.4122699952987015,8.882691930761885,27.219951289031158,11,0.5341394958453944,-0.49991377874395426,25.245075760938864,80.33093196485677,10,82.69793214083597,2,314,0,
2022-11-10 22:22:02.594072777,3.298028401342492,4.85519442151226,36.40487201646414,11,0.542530293528638,0.008390797683243578,24.944169672687426,61.62728158434885,10,91.72269215806735,3,314,1,33.391319733242085
2022-11-11 07:07:49.109577945,7.82407083207746,14.994431121289391,35.046194628884734,11,1.2126574704690893,0.6701271769404513,22.752640801912232,67.29426354064022,10,78.7104617577173,3,315,1,27.41753882476441
2022-11-11 15:53:35.625083113,1.5189814782062885,4.556724761468295,12.015357962131377,11,0.3934111250396354,-0.819246345429454,27.507769196451523,71.59660219699514,20,63.50659966309691,2,315,1,34.38916040479645
2022-11-12 00:39:22.140588282,16.204835957747314,21.251705078691106,80.4384590421785,11,0.9808825031659956,0.5874713781263602,23.142440648814535,76.13375625128717,40,83.85426285993289,1,316,0,
2022-11-12 09:25:08.656093450,0.7747586881130901,1.2624008891990939,21.842241670852523,11,0.4506214500003146,-0.530261053165681,24.904946766925825,57.83459431062052,20,69.0472015852343,5,316,1,38.57682878832375
2022-11-12 18:10:55.171598619,43.3414633958732,47.757750530150375,81.83307660195187,11,1.794972450770088,1.3443510007697732,27.60203177909088,72.71049476041236,40,93.27559699850666,2,316,1,15.421195168544275
2022-11-13 02:56:41.687103787,14.794837762415114,30.924950280927423,80.03728328633821,11,1.0388983962818976,-0.7560740544881903,27.88946947319026,76.8532291338257,40,86.99574120489838,2,317,1,29.938908742796556
2022-11-13 11:42:28.202608955,2.2153944050588597,4.132812721472628,14.66854073115876,11,0.6414840355601034,-0.39741436072179426,25.162262068450687,77.90393130991669,80,51.65348083377329,0,317,0,
2022-11-13 20:28:14.718114124,0.05537420375935475,0.9760110200597767,3.4912966333748523,11,0.16883257399742602,-0.47265146156267734,26.217381373702107,69.48472776288655,40,47.462585098937375,2,317,0,
2022-11-14 05:14:01.233619292,16.89896777486126,18.438837095825605,68.85183765873697,11,1.2298020209618823,1.0609694469644562,24.760490552497572,71.5071827758446,20,98.85210189761838,3,318,1,26.84909372692773
2022-11-14 13:59:47.749124461,12.270959073870447,14.584611981833927,32.45359778639467,11,1.0177818612241878,-0.2120201597376945,25.42885117112873,69.97054884903906,80,62.775584722567515,1,318,0,
2022-11-14 22:45:34.264629629,13.05662908787999,15.14758013463028,54.76316934517866,11,0.6640340658912756,-0.35374779533291223,27.078013621775593,71.12779293530915,10,100.0,2,318,1,22.05948939167561
2022-11-15 07:31:20.780134797,14.752145260435135,19.339750256309674,46.27487524846672,11,0.5346249531813192,-0.12940911270995636,25.56220096180255,67.97185588514876,10,91.4164923650845,4,319,1,23.794156802744812
2022-11-15 16:17:07.295639966,0.7692926551379635,4.575526688285709,18.293595019111958,11,0.3657266907573362,-0.16889826242398298,26.096947970582796,68.72449528951368,40,48.51952951983527,1,319,0,
2022-11-16 01:02:53.811145134,4.438926724162325,7.837651654964874,17.662587752791463,11,0.6186217587474707,0.2528950679901345,23.67582058373924,75.3823525040906,10,81.74212886008247,5,320,1,34.406181400179534
2022-11-16 09:48:40.326650303,1.2315010460444966,3.6552024118996416,20.67889001200833,11,1.0772404247780414,0.45861866603057067,28.89097398850577,73.9082001841507,10,79.71327143242765,2,320,1,36.96735111126515
2022-11-16 18:34:26.842155471,19.885295716582227,24.73144943692607,54.15245047542645,11,1.25367180169576,0.1764313769177186,27.66499402490578,75.74765421507966,80,62.18426053707646,0,320,0,
2022-11-17 03:20:13.357660639,9.763011917123741,28.09525852245963,65.16734387351973,11,0.6146948937307797,-0.6389769079649803,28.25044188203235,74.39933422522007,20,89.80227661240781,3,321,1,32.1790768668967
2022-11-17 12:05:59.873165808,4.01818801251301,5.909078169535591,11.349362822358676,11,0.5015234409654272,-0.11317145276535245,29.265222860390292,76.89043742805111,10,82.84680799340335,5,321,1,23.234122995326935
2022-11-17 20:51:46.388670976,0.6566806580478289,2.1732458409973083,7.270914812315452,11,0.5242235843163331,0.022700143350905866,25.053657959261415,77.79923741148068,10,67.94875640310696,4,321,1,39.226153156662676
2022-11-18 05:37:32.904176145,3.7248835041035373,5.419618042062011,10.68678158277917,11,0.6794305613623103,0.1552069770459772,26.006976323803315,64.7389474803882,20,67.68493666949564,5,322,1,26.82174754384866
2022-11-18 14:23:19.419681313,3.9331421318413136,7.276779779464967,15.330677565280096,11,0.38848086836939144,-0.29094969299291884,22.953747868949584,69.21528495615621,80,48.755129660827066,1,322,1,41.98777842001141
2022-11-18 23:09:05.935186481,13.078757839577408,19.723847979299585,47.329930350741606,11,0.9318155909891318,0.5433347226197404,33.04388312829054,72.36919482872193,80,61.87802685205464,1,322,0,
2022-11-19 07:54:52.450691650,10.148893589260199,9.334896000800514,31.501137041134854,11,0.652799004271101,-0.27901658671803076,26.483456426647507,73.45186648712782,10,88.97323195713267,4,323,1,27.370343845776535
2022-11-19 16:40:38.966196818,21.822519124015148,28.7236320530956,59.044944193463266,11,1.0029349904907958,0.3501359862196948,28.879641307582638,70.25391814641546,40,87.68369839122596,2,323,1,25.989603686425
2022-11-20 01:26:25.481701987,6.390661333763098,5.866406981451554,20.359234677617167,11,0.7383964258295683,-0.2645385646612275,24.345390027426557,78.20354298713647,20,68.69975981937759,4,324,1,43.79887482550614
2022-11-20 10:12:11.997207155,1.273723936155019,3.962824855557817,10.848717758435368,11,0.7198781619672431,-0.018518263862325246,28.833983990757577,83.5821561203961,80,44.20845413883218,1,324,0,
2022-11-20 18:57:58.512712323,12.491263443165995,22.25510455057756,37.76717021460289,11,1.1405845697614194,0.42070640779417634,30.57585138889128,74.65214904909257,10,91.99390963225244,4,324,1,24.354484580976013
2022-11-21 03:43:45.028217492,14.303927530768641,15.794238532801577,32.87109477392751,11,1.058898206170164,-0.08168636359125547,26.75953796468718,74.18190408647735,80,61.02676149413876,0,325,0,
2022-11-21 12:29:31.543722660,8.238874948858289,13.506259321826303,48.652451717776614,11,0.7003661855673762,-0.35853202060278777,24.877733286604006,78.04627383508807,10,93.68768982314513,3,325,1,26.14551984314801
2022-11-21 21:15:18.059227828,14.738899667213644,14.049607374491604,37.8685685762769,11,1.0781840193818901,0.37781783381451395,26.64126694425872,64.5085207162824,20,77.40741560767022,4,325,1,25.35475306282663
2022-11-22 06:01:04.574732997,6.808147315102779,14.051691057579088,35.39633045962363,11,0.8384907444987041,-0.23969327488318604,22.48466647195166,74.01872374592426,40,56.609932626213016,2,326,0,
2022-11-22 14:46:51.090238165,7.39678838777267,9.076592352394036,18.18798725579166,11,0.7654900678697965,-0.07300067662890763,26.88171186550322,78.8101496624314,20,65.20394906606306,4,326,1,25.70278641548972
2022-11-22 23:32:37.605743334,5.578141939084274,14.260944537004857,43.25989704183527,11,0.6318336598113744,-0.13365640805842205,28.618680923030393,70.73772330280325,80,55.93339016057988,0,326,1,30.691734538243654
2022-11-23 08:18:24.121248502,0.2574777399011373,1.3112969316459393,16.771386203633952,11,0.41888729864617646,-0.21294636116519794,26.92445802550723,67.8591437289987,80,51.80881808337643,0,327,0,
2022-11-23 17:04:10.636753670,1.1416743519186583,11.48453039284176,32.34064115351818,11,0.6524561781917017,0.2335688795455252,26.446885830143586,73.10130182854417,80,54.95080583375488,1,327,0,
2022-11-24 01:49:57.152258839,0.3193368129305382,2.4407091746553458,10.291219532323371,11,1.0187687214022645,0.36631254321056284,28.089457415470587,73.76521520048345,40,53.73050173846704,1,328,1,40.66433029122253
2022-11-24 10:35:43.667764007,10.117295509275495,17.535467127200533,43.229128915657874,11,0.9379490774757933,-0.08081964392647123,28.26149140298992,69.56362200860433,20,81.56928313971403,2,328,1,19.480777755563054
2022-11-24 19:21:30.183269176,3.7739670879509983,6.322383600057231,50.383325521581014,11,0.5164654773095351,-0.4214836001662582,23.7527150563327,84.62585874294089,10,90.8407804101635,5,328,1,29.65499460284398
2022-11-25 04:07:16.698774344,7.104371771341901,18.73448230678127,57.475997023589116,11,0.6629543695007621,0.14648889219122707,27.26922018948255,71.78966662481022,20,96.50423444523832,5,329,1,31.366498664815524
2022-11-25 12:53:03.214279512,23.812655298459756,22.19138942993051,39.884415847357715,11,1.0998136777372598,0.43685930823649766,31.98255587385561,68.4528744936614,20,86.43317748216192,4,329,1,21.361266100926482
2022-11-25 21:38:49.729784681,2.8673882298329834,3.775388924377521,25.57298724207657,11,1.0305603433502482,-0.06925333438701164,24.459527437668832,73.7910132625767,40,70.87702753627673,2,329,1,39.14239280715613
2022-11-26 06:24:36.245289849,5.282819748826726,9.151512044892197,29.278349341537684,11,0.6173201862362641,-0.4132401571139841,26.9776591768181,78.83629687349092,20,78.0562608269633,2,330,1,32.40483023782435
2022-11-26 15:10:22.760795018,14.087491475385834,11.748467503634558,30.67854684811134,11,1.0806086114661193,0.46328842522985525,31.05088827757106,74.42186331192647,80,55.19188284894598,0,330,0,
2022-11-26 23:56:09.276300186,2.5980515691739403,3.781670821341499,12.07538742325946,11,0.5145920905026226,-0.5660165209634967,29.394607483177296,76.8004839403999,40,64.11134022666415,1,330,1,34.693116966767576
2022-11-27 08:41:55.791805354,0.8010427855017637,15.228545978439893,35.82520921845136,11,0.72054322375036,0.2059511332477374,26.17828655964191,70.05260687072229,80,54.50777042966078,2,331,1,37.625599858220255
2022-11-27 17:27:42.307310523,3.4214030388705705,22.361412850551268,55.81277455549691,11,0.9503912440846685,0.2298480203343085,27.636134715542028,81.8861701446112,80,63.55034238258339,1,331,1,34.935366431982
2022-11-28 02:13:28.822815691,1.7580835850006284,3.936767830762454,20.811658944553532,11,0.46014878004565235,-0.4902424640390161,27.238385585625313,77.29377303078213,20,67.39827189842747,5,332,1,36.58893802423585
2022-11-28 10:59:15.338320860,26.549500858806248,41.66105470334939,88.10284903255965,11,1.3193782333790651,0.8592294533334128,25.765170951327327,79.76113696432938,10,100.0,5,332,1,19.229810779779243
2022-11-28 19:45:01.853826028,16.508870804845696,17.74596777038605,51.95172141803409,11,1.3394110326918405,0.02003279931277535,27.13147625601131,76.3857641043708,20,82.16533474207868,4,332,1,15.051086303969292
2022-11-29 04:30:48.369331196,10.03494190520531,10.399610127013897,73.26987152877732,11,1.0016135183534045,-0.33779751433843597,26.738674085332974,78.72163289053599,10,100.0,2,333,0,
2022-11-29 13:16:34.884836365,20.51519730520813,29.6727496917183,59.420259477016685,11,1.3651659067594912,0.3635523884060867,27.54268974894332,70.2691209471935,40,71.70085326908446,0,333,1,18.989377949968066
2022-11-29 22:02:21.400341533,16.279689407405563,23.212149336139223,55.21689630088208,11,1.2151705401340862,-0.14999536662540502,25.838970348828855,72.21442133697404,40,80.01393647758226,0,333,0,
2022-11-30 06:48:07.915846701,2.0649547635863907,24.26990761861124,76.5328283405022,11,0.8759132691200533,-0.3392572710140329,24.801004137116426,81.44088405299165,40,80.68089733433555,1,334,0,
2022-11-30 15:33:54.431351870,22.308134052355612,21.602577198836695,68.21864163292607,11,1.5657436156704923,0.689830346550439,27.290141483305995,82.54411579660129,80,69.44851554213622,0,334,1,26.018516821010635
2022-12-01 00:19:40.946857038,7.75099901966172,12.440160479569778,43.656607032683034,12,0.7882032455643635,-0.7775403701061288,30.82136029986564,69.04691972842078,80,67.91413919082474,1,335,1,37.6799186587971
2022-12-01 09:05:27.462362207,16.47348291303566,15.230364872937193,40.67970835715744,12,1.0972257804302692,0.3090225348659057,27.573908566956987,76.06768576818186,40,76.24144576350928,1,335,0,
2022-12-01 17:51:13.977867375,22.642426492862313,20.95927727125522,47.29337242928916,12,0.8722587168509959,-0.22496706357927332,26.764651702308335,72.70095951791671,20,85.51825166237707,3,335,1,31.64550259946122
2022-12-02 02:37:00.493372543,3.8273071641831846,3.1771990266808343,15.892530865491608,12,0.44332599623222385,-0.428932720618772,28.954304788858675,71.40710901073905,80,49.324583341421956,0,336,0,
2022-12-02 11:22:47.008877712,1.1659216012385083,38.77278992594526,129.33717991687058,12,0.6708825313172146,0.2275565350849908,27.147744923873347,76.35296677490547,80,100.0,1,336,0,
2022-12-02 20:08:33.524382880,2.5868674613938136,10.932045289551564,24.66205810712725,12,0.9158705188266218,0.2449879875094072,31.218657700492948,80.6699983629765,20,68.46651073485262,3,336,1,26.242745464951795
2022-12-03 04:54:20.039888049,5.570576927486144,13.53421762948728,58.97623190324319,12,0.2362456844404457,-0.6796248343861762,27.492930945039102,77.25982429367949,80,67.67690746283469,2,337,0,
2022-12-03 13:40:06.555393217,17.03829726638945,21.78042788805586,44.86494216019037,12,0.9781082196578029,0.7418625352173572,28.919870295625053,73.44019008902228,20,74.8642002077836,4,337,1,23.508325927508622
2022-12-03 22:25:53.070898385,19.713449718798334,18.194505781622233,83.39468682621647,12,0.47747273166006443,-0.5006354879977385,26.02774338467852,77.64821019860594,10,100.0,5,337,1,34.30846093098468
2022-12-04 07:11:39.586403554,0.06976409181650647,0.9024003788154581,13.088748559622372,12,0.3441617065281066,-0.1333110251319578,28.561162093400036,73.31008630554891,20,66.78852990385323,4,338,1,35.9934011446636
2022-12-04 15:57:26.101908722,7.148761593385558,9.791770207088161,30.222735020948438,12,0.6427031439922194,0.29854143746411277,28.123157118391667,77.20651183266132,10,80.4442611769229,3,338,1,35.291425042442064
2022-12-05 00:43:12.617413891,5.402733209186713,8.419855812266068,24.192817007629472,12,0.9692274410652038,0.32652429707298436,27.477899317677124,82.16415163626974,80,59.939818098021526,1,339,0,
2022-12-05 09:28:59.132919059,2.5116733827582447,9.89545906931779,25.40833840844564,12,0.7285136461926343,-0.2407137948725695,26.60529195685271,64.83181666188017,10,85.73873775565806,2,339,1,48.0
2022-12-05 18:14:45.648424227,1.276803915456468,5.376767594582397,14.069903418125595,12,0.41267544958916014,-0.3158381966034741,26.350597255579245,79.23957666646815,20,70.49416072910708,2,339,1,41.90511296902509
2022-12-06 03:00:32.163929396,4.119085798624324,4.595250923133116,9.332320658440375,12,0.8415269691501829,0.42885151956102274,28.209166904624595,67.59364854547825,10,72.22946069902436,4,340,1,31.88349491606604
2022-12-06 11:46:18.679434564,28.631211226911496,25.28966324371404,58.785571310863624,12,1.329087307881322,0.487560338731139,28.920097355332928,81.46607682460227,40,79.3861352653002,1,340,1,20.632963521232984
2022-12-06 20:32:05.194939732,3.903838028814744,4.6259756921452375,13.765604180425349,12,0.6318498892391977,-0.6972374186421242,27.42560436033895,72.17473185649013,20,70.01966544114978,3,340,1,37.19036712101775
2022-12-07 05:17:51.710444901,7.314528057601519,10.667545342563974,37.443141473800054,12,0.5124317130232718,-0.11941817621592588,28.272129574908416,69.30683054530124,20,79.4854825724012,5,341,0,
2022-12-07 14:03:38.225950069,12.14086976880855,26.826010263487937,58.2653616735038,12,0.8130747552304225,0.30064304220715066,27.63938076075927,78.90676636949335,10,100.0,5,341,1,17.633403176487185
2022-12-07 22:49:24.741455238,4.519744989669624,9.630831755035329,20.163679897660476,12,0.5216837573546409,-0.2913909978757816,27.929830894509497,77.2864080051095,80,49.06290210174648,1,341,1,39.74166575850368
2022-12-08 07:35:11.256960406,35.677981382917,37.61241937729488,98.76024031183982,12,1.5989760760621266,1.0772923187074857,27.3494096258687,70.50466466763802,80,86.85731749473936,1,342,1,15.182702631653356
2022-12-08 16:20:57.772465574,32.82009864541398,34.26837008555714,74.47534534055673,12,1.5146628191599858,-0.08431325690214075,27.803717207711745,69.27054531210828,20,100.0,4,342,1,16.022425608855382
2022-12-09 01:06:44.287970743,2.9006129499220528,5.633274139189265,41.97237124045086,12,0.9231635330951427,-0.5914992860648431,33.18127682481437,74.63298438490261,20,74.66294925879286,5,343,1,33.10223127830813
2022-12-09 09:52:30.803475911,6.876592784638472,7.682571567550452,30.003977305528828,12,0.7913686049558408,-0.13179492813930183,28.42583946952924,69.5847069929728,10,89.62347331430497,3,343,1,38.12503545348518
2022-12-09 18:38:17.318981080,3.5793046007904676,14.068853858844136,30.224881573852027,12,0.17076149186982903,-0.6206071130860118,29.110490542978525,70.33242838761474,20,68.6088817839661,4,343,0,
2022-12-10 03:24:03.834486248,3.352496763810817,10.685507918100093,30.290996728160092,12,0.7264334120315554,0.5556719201617264,28.713220080242486,76.25244969127975,20,78.3384216943728,3,344,1,34.45030601810134
2022-12-10 12:09:50.349991417,0.37584477765522534,1.276391625397516,12.894631962556188,12,0.23027754057357308,-0.49615587145798234,27.32876565239975,70.87944042671225,80,43.20594821041478,0,344,0,
2022-12-10 20:55:36.865496585,9.404920709825932,14.482069948877887,27.15286634892876,12,0.6397249287629901,0.40944738818941706,30.459554038467047,77.87584767390014,20,75.95935390938135,4,344,1,33.21045407529659
2022-12-11 05:41:23.381001753,6.985196328296385,10.791358758516768,20.73111955198082,12,0.5851836198058293,-0.054541308957160806,27.306373965827603,83.22812099277795,10,84.9022745062955,3,345,1,35.64068221094785
2022-12-11 14:27:09.896506922,0.5285108738039248,5.494632857836832,11.876095575584372,12,0.4328488813519864,-0.15233473845384293,30.015885780578383,75.06877629088365,20,66.70515376531178,5,345,1,37.593295887578776
2022-12-11 23:12:56.412012090,3.2662592101036934,17.817802514004043,39.32183546247236,12,0.4684733309340537,0.035624449582067286,27.254386843989987,76.49635699017368,20,73.66281297303279,3,345,1,38.612728797234034
2022-12-12 07:58:42.927517259,23.888609510893403,29.46796214428337,65.83017496630364,12,1.3131482123511593,0.8446748814171057,26.019828641776982,85.97003102430756,20,88.43121126061607,4,346,1,21.298582406094035
2022-12-12 16:44:29.443022427,2.7386055214207703,6.347980406874159,19.361277552267737,12,0.3360914574789651,-0.9770567548721942,28.68748732098917,69.97538422214684,40,56.03734307096496,2,346,0,
2022-12-13 01:30:15.958527595,1.5653086098546976,1.9521188604147346,4.676616541091795,12,0.6221608822512107,0.28606942477224556,25.764227504177057,81.90330440866624,20,52.863273802557025,3,347,1,43.239211180566386
2022-12-13 10:16:02.474032764,6.722721094736363,6.852900961815416,24.86884071946627,12,1.1503776469252074,0.5282167646739967,29.06166176950641,81.3350506285088,10,88.07180965339279,5,347,1,34.76981198015834
2022-12-13 19:01:48.989537932,42.4403698261526,42.50226807654636,80.00752338627717,12,1.5079582655017028,0.35758061857649537,25.618828606341275,80.28587853291673,80,80.55429962192024,1,347,1,19.06767901465109
2022-12-14 03:47:35.505043101,2.7714481355972618,3.1020319888018673,8.532301441673825,12,0.5295472217321194,-0.9784110437695833,27.38584165824089,82.50645469203634,80,38.58856049489194,0,348,1,27.840817180230182
2022-12-14 12:33:22.020548269,11.151550102972934,19.897898547748117,48.54207806680486,12,0.41731851503444584,-0.1122287066976736,25.177057034991986,77.48390768587603,40,81.54941332069421,2,348,1,33.01801109977516
2022-12-14 21:19:08.536053437,14.338876262394628,18.262867231027975,39.2507051957668,12,0.9092191389641457,0.4919006239296999,33.705455771406356,73.19959602720546,10,86.11871209719257,3,348,1,18.00132517763606
2022-12-15 06:04:55.051558606,2.713331723358058,3.7970241667139684,13.170421028681478,12,0.7207803066605977,-0.18843883230354808,24.76575428208193,81.62021325873195,80,47.83807295971509,1,349,0,
2022-12-15 14:50:41.567063774,13.027489284923162,20.98744890980889,41.585853513763695,12,1.1145521210680056,0.39377181440740794,28.109798564367356,81.84455322571357,80,56.66657403090084,0,349,0,
2022-12-15 23:36:28.082568942,4.58522799264304,5.3231985102177575,17.552675948617424,12,0.6604092910118577,-0.45414283005614786,30.393223058380507,81.73979852690739,20,58.68503720766358,2,349,1,37.435615656871335
2022-12-16 08:22:14.598074111,10.005037477317714,9.88350628073686,31.02377359719868,12,0.9767884973055181,0.31637920629366034,30.19577520821864,76.46851719368536,20,68.68968400434304,5,350,1,38.71155828637686
2022-12-16 17:08:01.113579279,10.038378271376383,10.671102717599014,32.138418903902824,12,1.316689499792076,0.33990100248655786,29.842021684143063,72.69770231152695,20,73.82675729761925,4,350,1,33.74076069372332
2022-12-17 01:53:47.629084448,7.673852499523488,10.010450419583053,21.334082475393277,12,1.09604249167382,-0.22064700811825588,27.52115959274676,77.26804400893747,40,65.15852559372688,1,351,0,
2022-12-17 10:39:34.144589616,0.9462915881162095,2.24789605759274,9.743090349007169,12,0.43690060645632417,-0.659141885217496,30.874017786077765,81.05482987464669,20,66.60421090859981,4,351,0,
2022-12-17 19:25:20.660094784,18.03644794246297,21.32865567219659,59.01230723625103,12,0.7837947182778777,0.34689411182155355,30.014789909196487,81.49777440448408,10,100.0,4,351,1,24.181973051217316
2022-12-18 04:11:07.175599953,3.8681029366739663,7.145190805537242,36.541800171080354,12,0.567583683474091,-0.21621103480378667,28.628718823206732,74.25985854039858,40,58.22076197181577,1,352,0,
2022-12-18 12:56:53.691105121,2.0643210660755655,23.289614791560258,52.93707474873922,12,0.5847860161136442,0.017202332639553175,28.70133670685165,78.01721486343389,80,72.8189681127701,0,352,1,34.29169812419689
2022-12-18 21:42:40.206610290,0.416297597943452,0.748087498641905,9.385755432961812,12,0.6060763365182147,0.021290320404570462,27.62832896100092,69.92845699003355,80,45.81127619895869,0,352,0,
2022-12-19 06:28:26.722115458,8.937784045945834,9.381660779896432,21.250906499119246,12,0.5363335808319813,-0.06974275568623334,26.43281244981347,81.42898351798836,10,80.02836490009882,5,353,1,23.12498934248577
2022-12-19 15:14:13.237620626,11.318517342673488,12.29241365698738,26.31085907496881,12,0.8347299969052752,0.2983964160732938,30.74230359819132,72.61945951084246,10,88.81754508742888,5,353,1,28.778417176052635
2022-12-19 23:59:59.753125795,0.1672694755847062,5.066602232893581,33.08811164871101,12,0.7216142227478921,-0.11311577415738305,30.908245401792076,80.49393562703575,80,62.78153944219688,0,353,1,35.05940517712841
2022-12-20 08:45:46.268630963,7.176305845494884,6.479126794336368,10.325619454061043,12,0.688178210289826,-0.033436012458066156,26.531381243586814,70.8526761643425,10,80.93576096507647,5,354,1,25.581442725346925
2022-12-20 17:31:32.784136132,2.5682414705495766,11.272304761687225,61.980313168329175,12,0.4748251124783045,-0.21335309781152145,28.007741373228498,81.7877029392118,10,99.75472410064816,2,354,1,27.452557169409484
2022-12-21 02:17:19.299641300,10.36124341547692,12.167719036619136,32.50211811929016,12,1.0638648701928681,0.5890397577145636,28.044119239425047,78.27110729479966,10,81.2336762557241,4,355,1,22.562285664822856
2022-12-21 11:03:05.815146468,1.9160422253913376,5.418496601765386,20.640715215798785,12,0.21670962157471518,-0.847155248618153,28.28124934978535,72.7863338364472,20,75.26497219360976,4,355,1,47.79377415643805
2022-12-21 19:48:52.330651637,11.742125275677191,16.636494189161503,29.19945820475538,12,0.8356484362296661,0.6189388146549509,28.490687641645312,80.18097767434293,80,47.77445688702561,1,355,0,
2022-12-22 04:34:38.846156805,4.8895870098110175,6.572662933341593,24.40570951325159,12,0.6551863648533693,-0.18046207137629677,30.27129850445953,73.80334270330769,10,91.93913844994721,3,356,1,32.06846697450845
2022-12-22 13:20:25.361661974,27.60343817804307,32.173120704668264,73.00879613300542,12,1.3769817022874704,0.7217953374341011,26.898559358631704,80.53376313843603,10,100.0,5,356,1,22.675092678750055
2022-12-22 22:06:11.877167142,1.4794441343927893,3.50862628418942,6.401208786767592,12,0.6007743567453662,-0.7762073455421042,26.71565881404826,75.44614821724356,20,57.89618311488588,5,356,0,
2022-12-23 06:51:58.392672310,4.171324339951718,8.022130984196185,18.733501213249525,12,0.785735760602895,0.1849614038575288,30.896891260193616,68.24206792366701,80,43.20740783584171,1,357,1,41.34567425251906
2022-12-23 15:37:44.908177479,1.2044428503699642,2.2822353216578373,26.455619368790842,12,0.5398297224149075,-0.2459060381879875,27.513601159730875,71.96570008458227,40,56.839785564115125,2,357,1,45.615035856764365
2022-12-24 00:23:31.423682647,25.861903971507235,24.512769159472132,47.54708736620614,12,1.18875411459613,0.6489243921812226,25.927998425118304,74.75606472110846,80,64.47535821670729,0,358,0,
2022-12-24 09:09:17.939187815,20.983337071609938,36.43695060756133,84.62637465818445,12,1.202518378575873,0.013764263979743063,27.49892709154636,83.7793190702351,80,82.28122572879327,0,358,1,32.09878555365897
2022-12-24 17:55:04.454692984,2.9832737006148893,3.112315170883855,7.608209469414089,12,0.4684854653134654,-0.7340329132624077,27.824138437992804,81.47420596960774,80,37.62449386716108,0,358,0,
2022-12-25 02:40:50.970198152,10.787627390439145,19.056127489249295,54.84350911680475,12,1.0638224875666489,0.5953370222531835,31.60916512156386,85.11778639383536,20,85.63947562562286,2,359,1,32.60877385019437
2022-12-25 11:26:37.485703321,16.994840726392212,23.778634793013364,65.1252066427893,12,0.948377466562675,-0.11544502100397391,30.363826410104014,85.29652405085037,80,65.72292639093794,2,359,0,
2022-12-25 20:12:24.001208489,8.10132360686508,9.391038096789194,23.607362118223236,12,0.9252910749068424,-0.023086391655832594,30.824087837248516,74.3843391850135,40,64.75019008883248,2,359,0,
2022-12-26 04:58:10.516713657,7.54279410193946,9.262837223018797,29.869129406999892,12,0.7472840707209514,-0.178007004185891,30.18380454557828,76.14528022297527,10,84.66159837293638,5,360,1,23.33587553503277
2022-12-26 13:43:57.032218826,2.7687704543790312,3.8761113497435935,14.657934452462968,12,0.4898855612137907,-0.2573985095071607,30.451093039243,75.06081177037206,80,45.43695469664424,2,360,0,
2022-12-26 22:29:43.547723994,0.9772614047494073,6.879367760230453,25.533958095744218,12,0.7120203488461198,0.22213478763232908,27.197127397258658,73.7890302743332,20,66.32642539753448,5,360,0,
2022-12-27 07:15:30.063229163,22.75123225194523,31.664300459032773,50.649626621425135,12,1.1261768646846086,0.4141565158384889,28.190710555547795,67.96835618582723,80,63.82403530959874,1,361,0,
2022-12-27 16:01:16.578734331,23.06774427648427,34.87934570143476,113.23758654404556,12,1.4377851506896755,0.31160828600506685,26.622644460722512,77.131211583455,80,94.54515386529114,2,361,1,25.410638019938403
2022-12-28 00:47:03.094239499,10.026699194828847,23.193256659046657,62.458140778053945,12,0.9750117747254005,-0.46277337596427504,28.19599599524664,70.80611614408586,40,82.81770389507496,1,362,1,27.00534116446911
2022-12-28 09:32:49.609744668,4.140465098113239,9.786464181956362,26.601044994355117,12,0.5614090059634442,-0.41360276876195623,29.999615502244957,77.0919516330793,40,64.13561238776236,2,362,1,29.29447191141719
2022-12-28 18:18:36.125249836,4.295676158116439,5.15249163400515,14.181950728387577,12,0.7431654025692922,0.18175639660584797,28.914941795140827,87.87040449884759,20,71.05127587459049,4,362,0,
2022-12-29 03:04:22.640755005,12.944654297271182,16.62360134114669,53.59928983280062,12,1.0344470444946183,0.29128164192532613,31.28304255736575,74.77343635723679,20,84.376762198875,5,363,0,
2022-12-29 11:50:09.156260173,22.740973491072523,35.39605730763969,88.83414333863333,12,1.540283964059839,0.5058369195652206,26.39149076653328,78.32251473011578,20,95.11501415833419,4,363,1,18.206777901825962
2022-12-29 20:35:55.671765341,21.811325693966133,19.518139520521004,45.98611236239281,12,1.324637311566392,-0.21564665249344683,29.68897597149455,81.91024046924255,20,87.94852056418661,5,363,1,23.28454235265149
2022-12-30 05:21:42.187270510,15.135621919309033,14.862619884927756,42.15294745407809,12,1.0495934413807149,-0.2750438701856772,26.206005824124322,78.80667931555546,20,76.39631116179814,3,364,1,14.865795352911695
2022-12-30 14:07:28.702775678,10.273106935677049,16.56725475117536,44.30787855738118,12,0.645616495983542,-0.4039769453971729,28.905011514853474,78.89573809272386,10,86.61935401361431,3,364,1,32.447518397602146
2022-12-30 22:53:15.218280847,0.8789172619608405,3.455244064421412,22.439642404423886,12,1.0418481835182425,0.3962316875347005,30.211307314505923,75.64926877034553,10,81.00423847664318,4,364,1,37.43126295268865
2022-12-31 07:39:01.733786015,1.7629421468341149,14.178208599252121,31.16205662282261,12,0.39631768671484136,-0.6455304968034011,28.315551727385802,76.32972384676232,20,77.09238087618388,5,365,0,
2022-12-31 16:24:48.249291183,22.882305001775055,31.419282744510102,76.47885002707126,12,1.4616915623370639,1.0653738756222224,29.860660715264917,72.71676240324287,20,95.5852429849622,4,365,1,20.870974666679068
2023-01-01 01:10:34.764796352,9.324939469655895,10.45878030937208,26.152603275393997,1,0.8773433558640985,-0.5843482064729654,26.85272749471272,81.77460937320421,10,80.38283823035637,3,1,1,24.69485380070533
2023-01-01 09:56:21.280301520,0.09239605610994409,14.873669794300065,23.568889509596673,1,0.4157561445689767,-0.4615872112951218,25.458530634478166,68.86436289867137,40,59.82931316597056,2,1,0,
2023-01-01 18:42:07.795806688,1.0699690143594933,2.7193024150206524,28.291411948626667,1,0.5237322166616966,0.10797607209271987,29.91362179068043,82.45456678332066,10,91.22840772927904,3,1,1,36.617514871003316
2023-01-02 03:27:54.311311857,10.891623872902409,14.030127483392754,39.39016429178563,1,0.8423831750430476,0.31865095838135105,32.30116825733562,70.60780365464208,20,79.68169170810215,4,2,1,29.763679210000973
2023-01-02 12:13:40.826817025,0.050744370517970025,2.6225109539345044,10.346524844191817,1,0.7883565401118091,-0.05402663493123849,26.834576202444303,82.46636853595143,40,50.33344822478693,0,2,0,
2023-01-02 20:59:27.342322194,1.7531581610419904,2.0935948322113695,7.008398201827868,1,0.41333693148691114,-0.37501960862489797,31.284505549368877,75.91114674724966,20,58.7152823163991,5,2,0,
2023-01-03 05:45:13.857827362,7.956978461389317,10.307003388807571,34.42294453431703,1,0.7098206018309913,0.29648367034408013,28.940347689760873,71.54765830359071,80,55.95705136924666,2,3,0,
2023-01-03 14:31:00.373332530,11.773152866548127,13.248952045798122,39.4669835592053,1,0.4007386567846911,-0.30908194504630015,26.195433853330343,80.63012701883117,40,70.92278144974269,1,3,1,42.02489577491564
2023-01-03 23:16:46.888837699,10.554414821352488,11.762517864795996,66.19292071237854,1,1.175666033699725,0.774927376915034,26.617054426418292,82.40396773362411,20,95.51636116602022,5,3,0,
2023-01-04 08:02:33.404342867,2.539498673080245,4.8958900355030215,50.18708128988818,1,0.38565522521262086,-0.7900108084871043,28.924814583461792,75.59609683296331,10,95.71433366418016,5,4,1,21.897797679191306
2023-01-04 16:48:19.919848036,12.454172888985388,18.517625542956242,38.29009601589334,1,0.9996418860571051,0.6139866608444843,28.09743211231206,81.4157661197152,20,74.93568125336122,3,4,1,16.14620631366869
2023-01-05 01:34:06.435353204,2.7082375905280593,10.421020143996294,24.91396365351774,1,0.6380933873061514,-0.36154849875095374,26.293573799655793,66.41337703299779,10,80.33727532895495,2,5,1,33.16891971093525
2023-01-05 10:19:52.950858372,3.9363490891808444,4.242037090383802,15.396313067890205,1,0.601547159330787,-0.03654622797536444,25.54429544032025,71.26176655680912,40,61.367695943268224,1,5,0,
2023-01-05 19:05:39.466363541,13.723575516657906,13.272676517572847,43.46981655996943,1,1.0691706724830616,0.4676235131522747,27.251840553306412,84.3526030706625,10,86.00444847771925,2,5,1,24.56834861103653
2023-01-06 03:51:25.981868709,10.48773814302768,13.742232437805276,33.318010341294915,1,1.1814295792993335,0.11225890681627182,29.34573316241461,76.79788392051516,40,64.33023820526014,2,6,0,
2023-01-06 12:37:12.497373878,18.91956077463401,21.499229351053735,38.97019984363708,1,1.1436822429916158,-0.03774733630771765,28.958080081974874,68.63069654211807,20,82.47241421122531,2,6,1,26.533954432201018
2023-01-06 21:22:59.012879046,10.718132881697624,18.790831833442866,30.716924871195083,1,1.0332865794944863,-0.11039566349712948,27.981102394297,74.47282571638435,10,89.73486956877343,2,6,1,29.687134392519866
2023-01-07 06:08:45.528384214,8.400443055872573,13.404373310113764,28.767228933367726,1,0.8678309015639973,-0.165455677930489,29.39997947775888,73.37540781572643,40,63.419037611226955,0,7,1,40.09238500177621
2023-01-07 14:54:32.043889383,0.9835706144841049,1.8756915457187633,5.9911873198175165,1,0.741934612532995,-0.12589628903100236,31.088815144846322,77.18771475287727,40,50.939559607054676,1,7,1,35.91582901308843
2023-01-07 23:40:18.559394551,4.584163072070201,5.986634730252782,17.21546029254679,1,0.5589663328466664,-0.18296827968632856,29.809500957536002,76.18874095429717,40,51.9971404390547,1,7,0,
2023-01-08 08:26:05.074899720,3.0816014785883117,3.228746286683298,23.107906560438987,1,0.8089976033218821,0.2500312704752157,28.79104622180826,78.96198577386565,80,54.18215289385497,0,8,0,
2023-01-08 17:11:51.590404888,2.7970020366242125,8.181376265138208,26.5047153058401,1,0.8598537765133432,0.050856173191461074,30.902152384212332,77.74468648371905,40,69.846256078654,2,8,0,
2023-01-09 01:57:38.105910056,36.12309406162926,33.0354664361182,66.94050834120398,1,1.769323947330349,0.9094701708170059,27.138581534400046,84.91526055285037,20,100.0,2,9,1,16.074024095991504
2023-01-09 10:43:24.621415225,4.993874970400237,26.022808308257012,63.06181007623004,1,0.7280760090232796,-1.0412479383070694,28.62064557380335,80.26371230442645,20,93.46313595570525,3,9,1,24.240778593072264
2023-01-09 19:29:11.136920393,22.26055211248523,26.332625589479314,57.600967163703885,1,1.1748697712970595,0.44679376227377987,28.68043982768711,80.45358945374363,20,88.54608532363204,2,9,1,35.52731654952486
2023-01-10 04:14:57.652425561,9.973343857364831,11.33918670298414,28.528184139002608,1,0.860752141933225,-0.31411762936383447,26.620768546875777,84.01513574699555,40,59.66503900374676,1,10,0,
2023-01-10 13:00:44.167930730,15.838252526883998,20.28048192482956,49.61647035606909,1,0.7454014608201744,-0.11535068111305058,28.266914211232205,76.26948131945393,20,75.4139506093188,2,10,1,34.93972232226613
2023-01-10 21:46:30.683435898,6.984353243887704,19.4002210398694,69.28304319392171,1,1.152673316893651,0.4072718560734765,24.96865854274387,71.92776859227652,40,85.52631784566002,2,10,1,32.998540212967804
2023-01-11 06:32:17.198941067,8.60155902641585,11.763706953789491,29.74162318097785,1,0.7872129433657767,-0.3654603735278742,32.95477705608227,84.29569354467398,40,76.62250719126044,0,11,0,
2023-01-11 15:18:03.714446235,6.782934333416934,6.541805755042371,15.167483712681646,1,0.7578623217397067,-0.02935062162607005,27.26736391965784,78.96359173360149,40,63.93780300462539,0,11,1,29.574294308427717
2023-01-12 00:03:50.229951403,2.172148953252385,4.457204931698229,16.36690801309893,1,0.47261414043658945,-0.28524818130311724,32.32611756803656,79.00453464988252,80,53.766275352118456,0,12,0,
2023-01-12 08:49:36.745456572,12.817618030658037,20.717029198466868,73.29616905275478,1,0.698147140724425,0.22553300028783552,29.241683192799837,75.16437875507052,10,100.0,2,12,1,34.52141697965534
2023-01-12 17:35:23.260961740,3.2957736836626292,8.093174397560404,27.068324672131048,1,0.5260412405539024,-0.17210590017052252,30.30679418523773,75.26985517633373,20,75.33177813746713,4,12,1,39.81573388909871
2023-01-13 02:21:09.776466909,0.24616481080688615,5.550915320485483,31.734728346608904,1,0.6042732869477103,0.07823204639380787,28.21094472436566,82.61070033598926,80,43.74862758191456,2,13,0,
2023-01-13 11:06:56.291972077,10.36968786295274,20.932411947168376,45.846063927968956,1,1.0514036392814772,0.44713035233376686,29.61580856417571,83.32317735119277,20,86.73558486780446,4,13,1,31.162616059651313
2023-01-13 19:52:42.807477245,1.949335702248227,13.213995985658698,77.26952583527782,1,0.7034849820220956,-0.34791865725938154,30.51225957821477,82.34167762520909,80,75.73806006975983,2,13,0,
2023-01-14 04:38:29.322982414,28.21083147273303,39.876105464581805,74.24722991317707,1,1.5323224873488688,0.8288375053267731,30.551642304864803,82.40988297938026,10,100.0,2,14,1,17.2673574297527
2023-01-14 13:24:15.838487582,30.77562412788023,30.399179692652943,67.28532394274251,1,1.3520990045478587,-0.18022348280101008,30.783267296267212,81.31258871853578,10,100.0,5,14,1,12.78190037924199
2023-01-14 22:10:02.353992751,24.635098846338416,28.965872510211316,83.03726063573771,1,1.3816104152779671,0.029511410730108434,28.50816380193792,79.14727209442333,10,100.0,2,14,1,19.544465825270244
2023-01-15 06:55:48.869497919,4.622873964973667,11.731278399723827,52.064293656950355,1,1.006336836573893,-0.3752735787040742,28.295144053744384,77.63482837584928,10,92.44396886861686,3,15,1,25.45289927231456
2023-01-15 15:41:35.385003087,0.15577315371944384,7.240332888123563,15.37606287492941,1,0.7164766804434219,-0.289860156130471,26.078470201981645,84.58526495474148,40,57.757391798344585,1,15,0,
2023-01-16 00:27:21.900508256,26.355234573318896,27.56031992027571,67.75895778734876,1,1.4646162683197232,0.7481395878763013,30.324145413317265,76.68681042947462,20,91.08809091263413,4,16,1,21.764617427284964
2023-01-16 09:13:08.416013424,5.589382770530613,6.501966703832476,13.271058535697414,1,0.7356106023102632,-0.72900566600946,31.453274245606785,80.42692971532354,20,67.13714404662944,5,16,1,28.23707754276098
2023-01-16 17:58:54.931518592,34.00842016122056,40.79386943867749,80.66267870109097,1,1.2874760836912658,0.5518654813810026,32.531214318554106,74.57843692766527,20,92.8954502777953,5,16,1,14.65656682759708
2023-01-17 02:44:41.447023761,33.137354761302056,44.41548504616507,77.82870529404536,1,1.3979686395614432,0.11049255587017748,29.920254878933346,75.32332403529242,40,87.84406379386259,2,17,1,8.049853803102156
2023-01-17 11:30:27.962528929,19.17387017179419,20.632160230790923,72.38698068349512,1,1.1807741658765616,-0.21719447368488165,27.78753304316425,77.46021233867664,20,90.7120123933163,2,17,1,26.553904813651055
2023-01-17 20:16:14.478034098,3.487760681721603,6.649439124296585,21.277653130485575,1,0.6340617944853807,-0.5467123713911809,25.936807423954363,74.64230753743074,10,77.43157997275347,5,17,1,35.951727245625364
2023-01-18 05:02:00.993539266,4.862919320986936,5.070463113194268,25.89373311714116,1,0.735931594846247,0.10186980036086635,31.42476425611442,82.67212070728694,20,73.66386077373824,5,18,1,30.657555928551883
2023-01-18 13:47:47.509044434,19.047266524780795,21.910612106711955,53.27880602759052,1,1.4353361351315501,0.6994045402853031,25.7592325105245,71.96340003043399,20,78.61941494002048,4,18,1,11.659323614189272
2023-01-18 22:33:34.024549603,3.8114623143071706,3.319089922573336,13.646918400411309,1,0.7546273453577435,-0.6807087897738067,28.680855935634497,79.22027629914942,80,42.71142231384497,2,18,0,
2023-01-19 07:19:20.540054771,1.857186162957548,4.293128863022659,25.718508994228394,1,0.8318522530379417,0.0772249076801983,28.923652294722515,79.40707238543052,40,65.70407642129587,0,19,0,
2023-01-19 16:05:07.055559940,8.137369920602278,10.96601022499707,29.095967272784605,1,0.7913437785561622,-0.04050847448177952,29.243480767720285,69.71078419524625,10,77.4820944270633,3,19,1,22.91172891320233
2023-01-20 00:50:53.571065108,27.512934708070418,34.459169537842925,63.81136390028516,1,1.2334072540429497,0.4420634754867875,29.46404439185851,76.57975928095563,10,100.0,2,20,1,20.298132618635478
2023-01-20 09:36:40.086570276,11.908255977579373,15.95468816040194,34.86436305520028,1,0.8861387693127387,-0.347268484730211,29.678705332016698,80.08331812880381,10,93.45422130825337,4,20,1,32.66081989510622
2023-01-20 18:22:26.602075445,8.441123364356555,17.12432566597747,46.58057276592057,1,0.6791153612030782,-0.20702340810966047,24.581577426681704,80.96824786814787,20,80.8176509606989,5,20,1,26.571596524431566
2023-01-21 03:08:13.117580613,1.022281973493229,2.3973855801676636,21.248718818913297,1,0.8560784866260308,0.17696312542295256,29.45143203248814,77.82270438249493,10,76.68831097053133,2,21,1,39.382127241354965
2023-01-21 11:53:59.633085782,9.545307155177177,9.058256013467815,57.72102789623899,1,0.9395669185453155,0.08348843191928468,24.972707684434756,82.24815868772059,10,99.8702134647969,5,21,1,35.72133551062886
2023-01-21 20:39:46.148590950,46.10569747846317,55.78674398495939,117.25411023340416,1,2.0840838887445132,1.1445169701991977,30.90595578576544,78.3364579929867,80,91.38974383156628,0,21,1,12.04811523187429
2023-01-22 05:25:32.664096118,1.5092058664226415,2.312117253945031,19.47095126071013,1,0.8004939303135239,-1.2835899584309893,28.340852152294506,78.97046948817875,20,59.724762006192904,2,22,1,40.76268778660951
2023-01-22 14:11:19.179601287,7.304953249815037,24.293563027996825,52.8760289494038,1,0.4850234123716239,-0.3154705179419,25.146533686914857,80.1794836196559,80,64.14133885443907,1,22,0,
2023-01-22 22:57:05.695106455,20.986086379007943,32.686488085444765,90.52761976976726,1,1.3642141987031384,0.8791907863315145,27.841624138312543,83.57506512983743,40,94.59356605237267,1,22,1,16.11758392433824
2023-01-23 07:42:52.210611624,13.5003424835367,14.64764099483064,27.269835022415926,1,0.6543541027581659,-0.7098600959449726,28.33923068719306,75.58017271904707,20,74.1070536329756,4,23,0,
2023-01-23 16:28:38.726116792,11.940744253016732,31.746509767451467,57.43259250799979,1,1.0548288430417172,0.40047474028355134,31.870049825782203,76.5431918187529,80,65.64259317341048,2,23,0,
2023-01-24 01:14:25.241621960,12.1228755622449,12.929363779076771,27.529723233870662,1,0.8094096305422228,-0.2454192124994944,29.89111648916753,75.65119955268801,40,70.13459526431006,1,24,0,
2023-01-24 10:00:11.757127129,4.454923423149491,6.489096542844194,20.11374239875464,1,0.7863367563108214,-0.023072874231401364,30.195842337886074,77.35291631766016,80,42.5811729069579,1,24,0,
2023-01-24 18:45:58.272632297,3.475620842670952,8.821521603857157,17.05309114100273,1,0.7033650906841816,-0.08297166562663982,31.87842802969155,86.16314081289953,40,52.835234895710876,1,24,0,
2023-01-25 03:31:44.788137465,16.573745072597124,17.092032240602,56.707325992077536,1,1.2714186585803202,0.5680535678961386,29.33264920742828,81.91350216320363,10,100.0,3,25,1,14.162820037376656
2023-01-25 12:17:31.303642634,16.613281990870288,26.538322316179773,54.46596972062485,1,0.9772694307926809,-0.2941492277876393,31.042187280136506,73.4121739902992,10,91.42474793212672,4,25,1,35.15428715882106
2023-01-25 21:03:17.819147802,20.17950047367915,22.3224860048557,74.89282334104999,1,1.2686377474487969,0.29136831665611596,30.91032755769861,76.08297583172589,20,91.44480940953841,2,25,1,18.006339944455604
2023-01-26 05:49:04.334652971,24.446159618366362,28.780833934937412,66.42016274350777,1,1.3091761750964677,0.040538427647670794,26.97838055702583,80.96647520971132,80,73.8268553327897,1,26,1,29.221774649798043
2023-01-26 14:34:50.850158139,7.160932369329037,12.592264834648578,31.948637644416927,1,0.442083241718756,-0.8670929333777116,32.50592100332038,74.58736879145759,80,50.7067057206283,2,26,0,
2023-01-26 23:20:37.365663307,6.961843775511992,13.145062509276311,29.091779724931,1,0.5869642088983964,0.14488096717964039,26.727904529783448,75.51031597577588,40,63.880467722862065,2,26,0,
2023-01-27 08:06:23.881168476,16.009499323084874,19.684419944388548,48.74261016911648,1,0.9870585792011493,0.40009437030275286,31.41171541852038,85.8787625700001,20,80.87202228626946,5,27,1,29.347309398144972
2023-01-27 16:52:10.396673644,10.497190748878003,12.70184367881973,35.12660424092255,1,1.0594207417441028,0.07236216254295358,26.551229714385027,76.10387343402665,10,83.25498360359758,4,27,1,37.095381782872224
2023-01-28 01:37:56.912178813,12.10550648511517,20.579168867017266,42.493352370683425,1,1.040646429883899,-0.01877431186020373,30.796162524749995,83.96071197704023,80,50.73514922861701,1,28,0,
2023-01-28 10:23:43.427683981,15.88619474954205,18.823104452637516,34.665813463036955,1,0.7724547747410732,-0.26819165514282595,33.32575121065661,85.48045885636724,40,68.03072249562517,2,28,0,
2023-01-28 19:09:29.943189149,22.07323476346767,30.411696607119772,65.01937213061751,1,1.2175184157311194,0.44506364099004625,29.184115848281348,75.55283586691871,10,96.27373610474412,4,28,1,25.957181540015224
2023-01-29 03:55:16.458694318,4.124824071376542,7.737695415326952,64.82257072823603,1,1.0634347253394063,-0.1540836903917131,29.10543264069212,74.78647507001111,10,100.0,3,29,1,22.43587989010723
2023-01-29 12:41:02.974199486,4.7093678872755635,12.559413076677412,30.307887720079005,1,0.7420261554804569,-0.3214085698589494,30.847013606336294,77.87160678299938,10,82.59341936829668,5,29,1,30.39848547071761
2023-01-29 21:26:49.489704655,0.9869603918736056,7.389946792331857,17.14654844389532,1,0.5281735607463115,-0.21385259473414542,28.97524915308928,73.82494552666061,40,57.54073392844824,0,29,1,41.11621043160004
2023-01-30 06:12:36.005209823,8.634140266094347,9.680672142427548,26.164550237623867,1,0.8678374548974066,0.3396638941510951,33.278426566965514,79.88890771147346,40,62.33389824874563,2,30,1,29.805444720907104
2023-01-30 14:58:22.520714991,0.36604104210856997,4.509980501555016,24.554076848695786,1,0.7050992417741155,-0.16273821312329106,30.033999252591197,78.27096994808069,10,83.24517967893921,4,30,1,38.89387781742815
2023-01-30 23:44:09.036220160,6.266069481821096,16.099204803379784,48.424330185981916,1,0.6950797681742079,-0.010019473599907625,29.016939695160346,81.1174575026351,40,70.57336858553374,2,30,1,33.83627711095694
2023-01-31 08:29:55.551725328,7.822945856871259,11.601961944370144,30.379356283840742,1,0.872993491455414,0.17791372328120614,28.584289842911463,86.31443907856978,10,91.40316053828721,3,31,1,34.620840445169044
2023-01-31 17:15:42.067230496,3.376306603145225,20.913526908142675,40.67059219388929,1,0.7108835018101693,-0.1621099896452447,27.806464241505545,83.43214726755477,10,81.09829579266676,3,31,1,38.567431366630494
2023-02-01 02:01:28.582735664,8.936325301461753,10.885742625562226,18.85480269060449,2,0.9314494526507451,0.22056595084057573,28.424269455845806,81.80575773578335,10,78.29444575266609,2,32,1,31.708619921555336
2023-02-01 10:47:15.098240834,0.30975062101474543,1.0264348410752149,7.641772332337508,2,0.5503979924253037,-0.38105146022544134,28.985768723666315,69.54398895712741,40,58.00204104822309,1,32,0,
2023-02-01 19:33:01.613746002,0.3806349928278938,2.904938092712007,11.233809458133965,2,0.6330556461942564,0.08265765376895262,28.7190911509183,81.6056185063428,20,68.00076749408001,3,32,1,35.24718769431027
2023-02-02 04:18:48.129251170,17.29351369538136,31.68035052099225,109.13367424403103,2,1.0108370698840488,0.3777814236897924,28.38519011452305,88.01621962911726,20,100.0,3,33,1,21.72393268982182
2023-02-02 13:04:34.644756338,4.4658502420774475,6.4667097738999555,19.69928187187162,2,0.48972682576597665,-0.5211102441180722,33.90631194042153,64.36464637786572,40,55.80841347099569,1,33,0,
2023-02-02 21:50:21.160261506,1.3588904129742798,11.74179681276013,31.714962874481067,2,0.8336952373189659,0.34396841155298924,27.65544547123177,82.87818396329962,80,50.82351864060752,0,33,1,30.736053746159808
2023-02-03 06:36:07.675766676,7.386535882790156,16.759604689553427,62.44583279924434,2,0.7994474882742387,-0.03424774904472716,30.015824148560522,78.64832507275402,40,84.21905455294412,0,34,0,
2023-02-03 15:21:54.191271844,14.696479404457353,17.72373001011035,48.86097501354511,2,1.0281738366101227,0.228726348335884,30.91444142485299,75.20982379554776,80,60.73086886419501,2,34,1,38.439187505222556
2023-02-04 00:07:40.706777012,2.4311800342990337,2.4516536046743425,14.784596226985997,2,0.5118610513154203,-0.5163127852947025,30.996372791465586,83.477956520156,10,78.66791355411024,3,35,1,35.109976903200014
2023-02-04 08:53:27.222282180,9.752196186564928,15.713304955534284,39.39992613597055,2,1.0319223280893703,0.5200612767739501,29.62561688795994,88.03419158208641,80,61.02147013836505,2,35,1,30.127595326696646
2023-02-04 17:39:13.737787348,0.8921102898989729,2.866813845017242,9.41009438801214,2,0.4249483482422204,-0.60697397984715,29.26801686213302,83.37499765584406,10,86.54701453518292,5,35,1,33.61295255558934
2023-02-05 02:25:00.253292518,0.530650959103094,8.154059646466752,43.2569780906766,2,0.5650333676665529,0.1400850194243325,30.65902456596358,77.65589941066152,20,83.19474534434681,4,36,1,34.19319742013885
2023-02-05 11:10:46.768797686,7.57908940625521,12.00921805561279,32.862986547668314,2,0.9288725312218585,0.36383916355530566,30.295396958194363,74.80735819443514,10,82.37577320008184,5,36,1,27.66686690565496
2023-02-05 19:56:33.284302854,7.779104426947422,11.28340805891596,30.7005042692385,2,1.0030097089609613,0.07413717773910278,29.250776447761194,80.26052640354015,80,48.04950082428726,2,36,0,
2023-02-06 04:42:19.799808022,10.145374482046158,16.94297322202579,43.79956881532191,2,0.7675853636558444,-0.2354243453051169,26.65119370588698,83.91574816057961,20,80.52052083447224,2,37,1,27.627810178051078
2023-02-06 13:28:06.315313190,12.949605629166843,13.909100993090558,55.393379568218144,2,1.2900199189054191,0.5224345552495747,28.845276299836872,77.6269823578381,20,87.10126057197247,3,37,1,18.842535043752008
2023-02-06 22:13:52.830818360,37.23557008699993,37.936282299861354,65.3779688160139,2,1.6867225634773357,0.3967026445719166,27.494112367002412,78.12251043058068,40,71.63548677105416,1,37,0,
2023-02-07 06:59:39.346323528,7.262911192303562,9.2521503653418,23.247929491037937,2,0.5291940751377417,-1.157528488339594,28.458898492037473,93.69643643353224,80,48.0546939440539,2,38,0,
2023-02-07 15:45:25.861828696,3.900197141059788,5.516471170640251,44.17819355840325,2,0.7069790642455919,0.17778498910785012,29.865584809363835,84.99153639445846,80,63.575859493339394,0,38,0,
2023-02-08 00:31:12.377333864,15.856539797326864,18.76147532176716,33.12507275523594,2,0.9281457062675175,0.2211666420219256,30.522447098935714,85.36059301385313,40,63.9007580262871,1,39,0,
2023-02-08 09:16:58.892839032,3.158514654361373,11.385495255776982,33.796265509067226,2,0.7638389430816326,-0.16430676318588489,33.37163242811783,72.32002432077198,40,71.74125168306279,1,39,1,34.0281850702107
2023-02-08 18:02:45.408344202,5.779834312733013,8.540058804498521,24.60370984210652,2,0.6924260247675779,-0.07141291831405472,28.741581817300336,76.09684575374862,20,64.51007269745067,3,39,0,
2023-02-09 02:48:31.923849370,0.817051685836699,4.582637597533972,19.861441580034516,2,0.5770221477301026,-0.11540387703747523,31.37122893070707,80.01736351758473,40,63.31513489078335,2,40,1,43.20902065641798
2023-02-09 11:34:18.439354538,0.2567760954147438,5.832563874504368,17.206801407097174,2,0.3811424853361094,-0.19587966239399324,30.439396131529296,74.6492643758815,20,73.17284941117835,4,40,1,33.23748765769401
2023-02-09 20:20:04.954859706,32.87379923268602,27.978733574366444,56.02701690194269,2,1.6352755665406569,1.2541330812045475,32.42488508733879,87.66776598656487,80,72.79599083017902,0,40,1,21.69325396168932
2023-02-10 05:05:51.470364874,18.077676421150628,17.661456580602813,47.82571193533125,2,0.8069426207988344,-0.8283329457418225,30.990675994513605,86.72799864359794,40,66.08357404439373,1,41,1,32.318484336049806
2023-02-10 13:51:37.985870044,11.906427327993416,26.222699336544466,44.38217140830506,2,0.778602560844314,-0.02834005995452038,27.82649956230912,77.01919814684322,80,63.763849683439446,1,41,1,33.87541357199133
2023-02-10 22:37:24.501375212,5.258596444651419,11.653266589074313,32.302306522382324,2,0.795176664613269,0.016574103768954962,26.4025291800851,88.61683551037255,20,72.80738266858359,4,41,1,42.181475515550986
2023-02-11 07:23:11.016880380,1.9030653614210875,5.8306196071975505,12.987309716976908,2,0.9169363527359912,0.1217596881227222,30.47621832943805,79.68612937660639,10,69.46294264857394,4,42,1,36.562753376311285
2023-02-11 16:08:57.532385548,1.7012074157285415,7.125056430860487,15.39182231117317,2,0.5347560932102943,-0.3821802595256969,28.80178140630536,92.66431539115753,10,75.62657253071805,3,42,1,35.50789619877119
2023-02-12 00:54:44.047890716,2.880059891265836,3.343029278050318,42.52425988139091,2,0.7312259551466129,0.19646986193631866,27.902959075189866,80.4506037868073,80,56.737239981191415,2,43,0,
2023-02-12 09:40:30.563395884,7.967906483133146,12.935247478543502,27.765997852288677,2,1.003378639820807,0.2721526846741942,27.333248929903633,82.61777242958169,20,78.4867512669637,2,43,1,31.68851925602065
2023-02-12 18:26:17.078901054,12.538492877767757,13.925874728474724,68.05978547434235,2,1.0529654922989162,0.04958685247810912,30.19508762832793,86.74579047215504,20,96.59520945223902,3,43,1,30.308952290528232
2023-02-13 03:12:03.594406222,10.793903496967985,15.890132920838981,35.13907611120493,2,0.8125377413130133,-0.24042775098590297,32.89319876518135,86.14373348214829,10,81.80731571505812,3,44,1,38.55380052159725
2023-02-13 11:57:50.109911390,3.2841226138899593,5.621029073773691,19.693381761667915,2,0.40368339957672117,-0.4088543417362921,29.064999766175056,82.31834924585374,20,66.22558431167931,2,44,0,
2023-02-13 20:43:36.625416558,30.981034985563063,34.90012453403316,60.95732575595009,2,1.0271124319173217,0.6234290323406005,31.067360448319796,79.06793805511913,20,88.57517574989193,2,44,1,20.097830400180545
2023-02-14 05:29:23.140921726,13.390174048752264,15.812808781131206,54.2296456781905,2,0.8733634688938787,-0.15374896302344299,29.686676693288575,82.3530822874131,80,66.75279710250577,2,45,0,
2023-02-14 14:15:09.656426896,8.082304819313313,24.115579717840024,69.69330468374008,2,1.1384193672771015,0.26505589838322274,27.316748904973718,75.71010530698044,10,100.0,2,45,1,27.480758124854372
2023-02-14 23:00:56.171932064,9.460304720374351,12.15560461798478,21.956746224722497,2,0.5859289436349481,-0.5524904236421534,31.36935350599759,80.56013023227409,20,74.43228474476442,4,45,1,47.83026124499188
2023-02-15 07:46:42.687437232,5.440378655320513,7.800868215111617,38.64725109015112,2,0.8268582247612797,0.2409292811263316,27.71447843900428,74.26118739162808,80,59.58058538994976,1,46,0,
2023-02-15 16:32:29.202942400,2.846612922740635,3.3122494561322084,9.814747722947192,2,0.40002424700576034,-0.42683397775551934,29.95116139607139,70.91140806936701,40,53.604129611998985,0,46,0,
2023-02-16 01:18:15.718447568,4.400141293231124,4.803632089292398,20.03994806877946,2,0.6572536620349141,0.25722941502915375,29.22882674141053,80.07586896353949,10,71.15320386135237,2,47,1,33.8648460429167
2023-02-16 10:04:02.233952738,14.181818477567132,21.870803481201598,91.98316830118617,2,1.1439027271943623,0.48664906515944817,31.701895636282675,86.14287098766094,80,92.45157228122336,0,47,1,25.05025515450714
2023-02-16 18:49:48.749457906,0.14498079720804277,3.987812979193828,29.145514727423254,2,0.4108786583684136,-0.7330240688259486,27.803225669129166,84.46807851612138,40,62.33727437438335,0,47,0,
2023-02-17 03:35:35.264963074,1.2338039223997606,4.636830205746392,41.6420745243099,2,0.6051413166448419,0.19426265827642836,30.704967981294004,79.43689485275213,20,88.59523846428623,2,48,1,29.145191752962674
2023-02-17 12:21:21.780468242,0.4709437695252053,1.9372708626993733,7.849256807966552,2,0.4457733166724321,-0.15936799997240986,28.247247422340266,88.58863296495282,20,64.90517486464245,5,48,1,37.804843757834966
2023-02-17 21:07:08.295973410,0.4158145191729243,7.2849657197413045,13.582241120336127,2,0.7221956793685068,0.27642236269607473,28.90815938000116,77.01543265508458,40,66.91754160327528,1,48,1,35.13277319036517
2023-02-18 05:52:54.811478580,19.342030336156586,23.421453603596778,52.037218362428035,2,1.1681185764560271,0.4459228970875203,22.66341035153729,70.27845830424488,80,69.0502168480456,2,49,1,28.48211489739604
2023-02-18 14:38:41.326983748,12.162406117006883,14.474248794778124,42.77981618724134,2,0.8992921451737724,-0.2688264312822547,34.12136232573391,68.96382389399139,20,74.22980993751628,2,49,1,31.158320624218717
2023-02-18 23:24:27.842488916,6.427845944128924,9.765174908369653,33.44230176100601,2,1.0378786599946705,0.13858651482089812,31.041546739058067,73.97491104383262,20,73.64907347919694,3,49,1,21.01002395223916
2023-02-19 08:10:14.357994084,1.0295691844781325,2.779367097136568,7.077251400079136,2,0.6808462831345887,-0.3570323768600818,28.40891885009074,83.97035136024529,80,42.69295089667974,1,50,1,31.927636155767154
2023-02-19 16:56:00.873499252,6.7651796579723324,9.239713230100284,30.867352850059426,2,0.5896303522351917,-0.09121593089939706,27.69739659566656,76.71940252732816,80,51.0647619894881,0,50,0,
2023-02-20 01:41:47.389004422,6.414503320943712,11.798241471086467,27.995559601009244,2,0.7290997009701865,0.13946934873499484,28.958417764417376,82.20422374963863,40,62.1124757145944,1,51,0,
2023-02-20 10:27:33.904509590,1.90194712800225,7.265679651621511,21.199979914239282,2,0.5955159820603281,-0.13358371890985843,31.38639473233544,88.13668824331296,20,63.7652941642091,2,51,1,35.35946908715322
2023-02-20 19:13:20.420014758,5.688991313023238,13.60833844475209,41.623220336756034,2,0.7659271252330281,0.1704111431727,26.171299247448943,74.41045338434856,80,60.840216573873626,1,51,1,32.157079366263496
2023-02-21 03:59:06.935519926,5.083366145832069,7.734260013859844,18.344603411152363,2,1.1839117783767388,0.4179846531437107,29.675046689605686,82.30892971536817,10,80.35936145063089,3,52,1,24.454534502990743
2023-02-21 12:44:53.451025094,9.567224329131346,10.774819762138705,43.634942709412556,2,0.8732630627462133,-0.31064871563052543,33.502158648127775,82.61656516968347,40,66.79692431867568,0,52,1,22.48233537228063
2023-02-21 21:30:39.966530264,10.08114536040912,10.756210602779806,25.922377519573388,2,0.40200449921502523,-0.4712585635311881,27.695554505015036,75.62320441153577,40,72.66246022719625,2,52,1,41.76591306904227
2023-02-22 06:16:26.482035432,0.4636232402053473,19.969887500491907,62.8108977300066,2,0.600411545465633,0.1984070462506078,30.126702381803252,86.7029192347773,40,81.7230151714056,1,53,0,
2023-02-22 15:02:12.997540600,4.693840046550616,8.879196391476789,19.76481863747769,2,0.2961943473466185,-0.30421719811901454,34.37494987206087,78.49812520534333,40,55.798704988124285,0,53,0,
2023-02-22 23:47:59.513045768,9.831249947827285,14.999541985726312,37.500581584979464,2,0.780660767404641,0.4844664200580225,31.234944206038303,78.02251698874846,10,80.60259429266365,3,53,1,38.533598535459475
2023-02-23 08:33:46.028550936,6.9943945260778975,6.233714289538379,20.726624120240807,2,0.30476298747165603,-0.47589777993298493,30.224712020010532,90.5037948501691,40,60.66302650710625,2,54,0,
2023-02-23 17:19:32.544056106,19.413494531754388,22.48112186285431,60.84430899419144,2,0.9387630150499452,0.6340000275782891,30.988273409473727,82.56383471114503,40,79.11971183302896,0,54,1,30.44631247685313
2023-02-24 02:05:19.059561274,10.749747640549979,12.6946670181003,33.08048564652989,2,0.5377973170651786,-0.40096569798476656,29.17531860098041,84.58055129042712,80,60.45544735969716,1,55,1,31.150348266313866
2023-02-24 10:51:05.575066442,1.7785286876730733,5.994458333183588,14.163448200665611,2,0.6723471926787928,0.1345498756136142,32.5782732277072,86.73248597180984,20,66.36487277547296,5,55,1,42.77968865362433
2023-02-24 19:36:52.090571610,0.7318243625624083,13.317524313854566,28.721168064435005,2,0.6479196029155696,-0.024427589763223234,29.18222457771948,76.70939924974373,40,58.39199012087387,2,55,0,
2023-02-25 04:22:38.606076778,10.28394147108891,25.819800720497582,61.45592717693879,2,1.0244692981265002,0.3765496952109306,26.064307919884204,86.21444775998071,80,79.0815550693573,0,56,0,
2023-02-25 13:08:25.121581948,0.2686907266739443,4.178427761932353,26.427014058154498,2,0.5262478144390972,-0.49822148368740304,29.201763959361184,77.45926975949585,80,55.39163142661318,2,56,0,
2023-02-25 21:54:11.637087116,8.813473778072908,11.46462986362476,33.91783032668052,2,0.5120562241568223,-0.014191590282274902,28.05251262359338,77.24884642000208,20,75.68837160534846,5,56,1,29.429706052218798
2023-02-26 06:39:58.152592284,28.172554553871517,46.30293924667894,110.58308952492519,2,1.629184757395167,1.1171285332383447,29.425117632980925,78.61501145321088,80,96.11473741971129,0,57,1,19.85204259428481
2023-02-26 15:25:44.668097452,8.567824455775444,14.712797456007277,38.40650669828885,2,1.2029293757294721,-0.4262553816656949,29.470773944410446,76.86755995041864,80,61.573463131952714,2,57,1,26.701300440491707
2023-02-27 00:11:31.183602620,4.913006922239073,5.830686606486027,26.68736592576792,2,0.7384095202309511,-0.46451985549852104,32.38513727332449,84.09136391071517,40,56.19939989341678,0,58,1,35.37448117013485
2023-02-27 08:57:17.699107790,10.30827157844982,12.502163076983532,33.247942347112,2,0.7460021424753185,0.0075926222443674085,31.38213752045152,81.31915740997077,40,67.41244227337005,0,58,0,
2023-02-27 17:43:04.214612958,6.129559740510913,7.974986395237324,25.33283208611066,2,0.41672762354150256,-0.32927451893381593,30.51925659580312,77.52932916821909,80,50.41579867658587,0,58,0,
2023-02-28 02:28:50.730118126,7.888143605763202,10.316244105852757,17.99083174555542,2,0.5793119190217986,0.16258429548029601,29.987920691033413,83.36014819317131,10,81.53191580092647,3,59,1,34.64963687309677
2023-02-28 11:14:37.245623294,28.38127146232999,36.40492069451003,74.35994041106721,2,1.522282567506112,0.9429706484843134,27.877093709479855,78.61370726745996,20,93.47906058250221,3,59,1,11.08087403550722
2023-02-28 20:00:23.761128462,4.879275273501872,9.508539960888413,20.722631830040534,2,0.9072945104387966,-0.6149880570673154,25.63336976828642,78.35108863541217,80,47.33780663953486,2,59,0,
2023-03-01 04:46:10.276633630,32.49091861506754,32.41647790139285,83.60253041739844,3,1.5261563862596748,0.6188618758208781,30.22286306976344,80.23650551846347,80,90.1156207015195,2,60,1,15.520130218084883
2023-03-01 13:31:56.792138800,23.57576183769919,22.299439573144667,55.80518079877288,3,1.3544870904266273,-0.17166929583304746,31.58656052997699,82.31185802399042,10,100.0,2,60,1,21.58351947620863
2023-03-01 22:17:43.307643968,2.1789626094045,5.4126481240868705,15.708931439258166,3,0.7392413822344073,-0.61524570819222,29.78125769177777,81.94508916342099,20,51.376659819792536,3,60,1,30.430748777699087
2023-03-02 07:03:29.823149136,0.7188415530315702,9.640562916568081,38.44707585472715,3,0.7120893385034958,-0.027152043730911513,28.928776396350635,78.18072417258392,80,65.00734783968514,1,61,0,
2023-03-02 15:49:16.338654304,1.0622533548163022,6.396137805013725,15.102667346420095,3,0.4535117260942121,-0.2585776124092837,30.927961194404382,84.23346976514893,80,47.18307354192126,1,61,0,
2023-03-03 00:35:02.854159472,0.18389887847233705,2.256137174990391,8.868768343760395,3,0.5610240517143812,0.1075123256201691,29.832676514889936,78.886711076879,40,50.89347385738514,2,62,0,
2023-03-03 09:20:49.369664642,0.9920501165575414,14.60588788145441,27.260479487471486,3,0.4962243203692672,-0.06479973134511396,33.37112557561694,76.72435194029444,80,48.59436606519749,2,62,0,
2023-03-03 18:06:35.885169810,11.488748725771671,24.39697700384643,61.261425570396305,3,0.977230535145518,0.48100621477625083,32.46530236950177,72.65958312689365,10,95.8851246437982,2,62,1,22.239670719643016
2023-03-04 02:52:22.400674978,0.7384962694642703,2.00601830823985,27.43689788220781,3,0.6010028146850663,-0.3762277204604517,31.918982507613194,84.91582519212818,80,50.318769217311825,0,63,0,
2023-03-04 11:38:08.916180146,3.841571882948685,4.46987094723044,21.707620342191117,3,0.9572869086086491,0.35628409392358273,31.51546754257347,80.06194900927737,20,65.21814725268634,2,63,0,
2023-03-04 20:23:55.431685314,18.635260400972772,27.340272653723652,60.68119580796869,3,0.8841615396831656,-0.07312536892548349,27.419609617645673,81.05425068564975,20,83.56759959862113,5,63,0,
2023-03-05 05:09:41.947190484,0.2354700318071151,8.996044441334899,29.719178814970334,3,0.6909713712477524,-0.19319016843541315,31.32578919581984,85.22861816192686,10,79.65768865326562,5,64,1,35.47577322561624
2023-03-05 13:55:28.462695652,16.845305061859584,31.260772573483735,81.77833564984914,3,1.445761145296748,0.7547897740489956,30.752223267449665,77.61211154632394,80,82.506137100253,2,64,1,21.360940736435413
2023-03-05 22:41:14.978200820,3.3108346683962946,14.603252798305089,49.36937265153708,3,0.8640187745187361,-0.5817423707780119,31.212102588702503,73.12651002146971,80,64.93513706862252,0,64,0,
2023-03-06 07:27:01.493705988,1.2575011982910764,5.7794225180550045,12.491161608176718,3,0.7495333377113799,-0.11448543680735623,30.984066110218933,80.34659778426175,80,49.02486306184765,2,65,0,
2023-03-06 16:12:48.009211156,11.931554084399135,15.384337973453087,36.2388578063062,3,1.010013441796076,0.26048010408469613,30.90387854899892,81.53651450700706,80,57.78757970710283,0,65,0,
2023-03-07 00:58:34.524716326,9.913991764332202,8.195897953149982,23.978279762825938,3,1.0399057127732272,0.029892270977151192,35.399504789818565,78.68129837063688,80,45.45574322818901,1,66,1,26.985431187912518
2023-03-07 09:44:21.040221494,20.994158140869466,20.391331669689297,44.97772115977774,3,0.9063008458918087,-0.13360486688141848,29.84473123914892,87.36289304848636,20,84.9610651973569,5,66,1,25.796908997717683
2023-03-07 18:30:07.555726662,13.282935787644004,13.882642089564651,34.339408166109926,3,0.6272998034544772,-0.2790010424373315,31.869020331712424,67.56185830150073,40,62.14625768868039,1,66,1,34.703274698591656
2023-03-08 03:15:54.071231830,16.269958059939782,23.68877727222672,58.600756213514885,3,1.0610201058280115,0.4337203023735343,29.053521216485674,85.59128486352627,20,92.53344961670211,2,67,0,
2023-03-08 12:01:40.586736998,3.3133386230673856,7.047023866351751,31.094828929958318,3,0.20450459041052327,-0.8565155154174883,31.575851562539377,83.94490504134919,40,59.71781445019435,0,67,1,48.0
2023-03-08 20:47:27.102242168,1.9533329604044698,8.78445146192294,21.51580451760166,3,0.873040334662921,0.6685357442523977,31.87218804014122,82.27095040785491,20,67.3205191267832,3,67,0,
2023-03-09 05:33:13.617747336,13.887563960054248,12.967484352826483,57.2685668591874,3,1.151569161828438,0.2785288271655171,30.721292603932365,63.30537315197786,10,96.82732522675411,4,68,1,25.448516027997382
2023-03-09 14:19:00.133252504,16.442091832434194,21.70092141388657,47.490294831918476,3,0.9591809397706443,-0.1923882220577937,33.32973886892365,86.40193388469264,80,67.11717142124398,0,68,0,
2023-03-09 23:04:46.648757672,46.5700489014023,43.73475518493734,118.59179126775686,3,1.7945944105453175,0.8354134707746732,28.22140981147196,74.84775321520617,40,100.0,1,68,1,10.385300649283444
2023-03-10 07:50:33.164262840,5.32079354152605,8.837016244377395,50.33466219153867,3,0.6803165382441606,-1.114277872301157,29.01414928891988,77.43872245259571,20,85.26733770652395,5,69,0,
2023-03-10 16:36:19.679768010,4.652439119617327,12.309407117535047,32.25216717302315,3,0.7265469836556209,0.046230445411460264,30.411893044474677,79.12130242090504,40,75.5544275117881,0,69,0,
2023-03-11 01:22:06.195273178,14.97954503343587,19.843788693801333,64.69232477743934,3,1.0234635714455877,0.2969165877899669,31.747200717279668,82.00826419388233,80,63.16124658259395,1,70,0,
2023-03-11 10:07:52.710778346,4.1673367093075315,28.193724654073556,70.52116736421694,3,0.9769304021025468,-0.04653316934304097,30.34281265563846,83.16504743705993,10,100.0,4,70,1,27.382167576801756
2023-03-11 18:53:39.226283514,26.701379243993266,33.628513708091226,55.18014767224544,3,1.3357874513590822,0.3588570492565354,32.55375078233954,84.4286681902333,80,62.184131445927754,0,70,1,29.724367617606166
2023-03-12 03:39:25.741788682,19.548391571662492,25.54059430397512,47.71321267514928,3,1.3350124351685597,-0.0007750161905224484,28.657044587403046,84.04011620906395,20,75.00334478796327,2,71,1,26.363612506522426
2023-03-12 12:25:12.257293852,5.603556094421597,8.375443157079161,18.11973391866064,3,0.7850151088842843,-0.5499973262842754,27.697371525874185,81.22169303076822,20,65.46226939490019,3,71,0,
2023-03-12 21:10:58.772799020,13.89784716495461,15.407032199907443,38.302834467932406,3,0.8106345761236395,0.025619467239355265,30.592801942224465,82.03270383359087,40,72.59026305294972,2,71,1,34.15666461083208
2023-03-13 05:56:45.288304188,14.04632986855017,24.20009458370891,39.46545996429622,3,1.2899500767689118,0.4793155006452723,29.820114104829713,74.49518073500298,10,86.77449298956935,4,72,1,26.46480536934336
2023-03-13 14:42:31.803809356,1.0883751880671801,6.663354591221312,28.18777580332189,3,0.3167496524490594,-0.9732004243198524,31.05804414563974,76.1894993757515,10,82.4288730417294,4,72,1,40.43131355498458
2023-03-13 23:28:18.319314524,23.284456808676318,30.215693344239885,61.71605701083775,3,1.24941290745163,0.9326632550025706,29.915266868905594,84.41744401965136,20,82.24525436601746,2,72,1,25.073479701585136
2023-03-14 08:14:04.834819694,7.0370748975675435,9.57908324905498,25.029039348848492,3,0.9299158106569941,-0.3194970967946359,29.287699352377455,84.12152530089215,40,58.53189179862251,1,73,0,
2023-03-14 16:59:51.350324862,17.5133255752333,26.63095472037807,51.090837167781835,3,0.9719614377260176,0.04204562706902348,29.815444051386656,83.54963547189031,80,63.236925005953005,1,73,1,21.935577314927038
2023-03-15 01:45:37.865830030,3.857354261645083,4.548400249378551,74.02503294834631,3,0.6845422170801174,-0.2874192206459002,30.02051006633907,77.35354074522276,80,80.22451858690873,0,74,0,
2023-03-15 10:31:24.381335198,22.58790514545926,36.33178105832951,70.03513527234126,3,1.42374383289229,0.7392016158121726,29.350255623699073,84.47289710650995,20,86.64298564657953,3,74,1,20.391140628066225
2023-03-15 19:17:10.896840366,4.929884540601712,7.63137040888149,13.664999019519058,3,0.5028066213046014,-0.9209372115876886,29.551272987661804,74.10885189821553,20,64.55745578115383,3,74,0,
2023-03-16 04:02:57.412345534,0.10896806615175478,2.0193314375951874,6.558451314940893,3,0.5078771317801799,0.0050705104755784935,29.14758222059221,85.29633683844342,80,48.7133158078149,2,75,1,37.78456889347603
2023-03-16 12:48:43.927850704,23.579072969624537,24.729070670972774,77.44006227344308,3,1.1875714000603763,0.6796942682801964,31.665243954509464,78.59947342331185,80,76.49461470860521,0,75,1,26.366854083227643
2023-03-16 21:34:30.443355872,0.9572561054847526,14.90615790581649,68.68400656047012,3,0.5578591308014015,-0.6297122692589748,30.337013600064342,88.31879521380864,80,63.76419620964167,1,75,0,
2023-03-17 06:20:16.958861040,3.8465363338503886,3.9546973707864557,17.194444649717838,3,1.0768126707950272,0.5189535399936257,34.459447519406595,72.2846746898107,40,64.99310121159988,2,76,0,
2023-03-17 15:06:03.474366208,29.969723831882856,27.70627721166814,81.3611553694018,3,1.2238359780652432,0.14702330727021606,30.2642358225589,88.70267366959656,10,100.0,2,76,1,19.829940200479264
2023-03-17 23:51:49.989871376,30.079495401039896,34.04303025757813,79.1383667825396,3,1.6430062694101557,0.41917029134491246,28.83790913990123,78.07192651529981,20,100.0,5,76,1,23.16853102068082
2023-03-18 08:37:36.505376546,8.519972910552639,10.565665447558196,52.785439352186174,3,0.6974959093104064,-0.9455103600997493,35.27768546269572,77.97527314588048,20,77.67380144236613,4,77,1,33.757974810517936
2023-03-18 17:23:23.020881714,9.992300803905247,12.23683112688289,25.62032922597336,3,0.6048870895698775,-0.09260881974052892,30.76021143041729,80.84011144490522,40,70.37244324222276,2,77,1,35.0862447657606
2023-03-19 02:09:09.536386882,5.950146636228576,8.87279734674608,15.004141326768291,3,0.728293754823046,0.12340666525316857,31.909745599676537,76.37359748777831,80,43.63569023782816,1,78,0,
2023-03-19 10:54:56.051892050,3.4702277874619702,5.645505534589146,13.035518451303995,3,0.755678287972631,0.027384533149585,31.110152792877372,79.49024864643323,40,53.97056450455084,1,78,1,30.808452258569964
2023-03-19 19:40:42.567397218,3.9848633455038973,16.58093875268935,37.76818856652147,3,0.9296085694501073,0.17393028147747625,31.16833319764414,76.15649095174302,80,55.37020845330072,0,78,0,
2023-03-20 04:26:29.082902388,11.163235799285063,17.14266265776102,49.944548703197356,3,1.2071443646943254,0.2775357952442181,30.98989713015871,76.33186040001159,20,89.70696026137472,5,79,1,27.17060744343604
2023-03-20 13:12:15.598407556,13.958378736630772,14.764154605794861,34.35369835037777,3,1.5158583787775841,0.3087140140832587,27.71061142748712,82.26399086558136,10,86.27785741266241,2,79,1,23.011080746272892
2023-03-20 21:58:02.113912724,15.681954162211486,39.611265452313646,134.1517049455252,3,1.2598545785184856,-0.2560038002590985,30.64594388979568,75.31394411282814,40,100.0,1,79,0,
2023-03-21 06:43:48.629417892,15.588310318487418,19.489925644797964,45.63551734697204,3,0.8740470280526504,-0.38580755046583515,27.257182201036944,75.97283844244744,80,63.19726378790786,2,80,0,
2023-03-21 15:29:35.144923060,0.9563694654031945,1.356725306781759,4.4565245071820385,3,0.6232695077348598,-0.25077752031779066,29.5541119963046,72.94171908952728,20,61.75305223512642,2,80,0,
2023-03-22 00:15:21.660428230,6.82049596573356,7.083543573175955,19.74341450388069,3,0.6540027649651324,0.030733257230272648,28.447449534132396,77.27771549471125,10,75.13778693320937,3,81,1,22.552702451177716
2023-03-22 09:01:08.175933398,0.5928170644873779,3.536887172851558,20.026417660663384,3,0.7324184389887091,0.07841567402357663,30.609385587743553,86.34690058071183,40,69.07391176687052,1,81,0,
2023-03-22 17:46:54.691438566,7.974613156953929,9.209247322694171,38.82252959016891,3,0.49215187709287594,-0.24026656189583312,30.558372544598445,75.55057189932911,40,62.09429665255832,2,81,1,28.477768545671253
2023-03-23 02:32:41.206943734,5.825552749872836,20.714194838010513,43.12231097118789,3,1.2973199118576493,0.8051680347647734,30.848000806356666,76.11325172371637,20,83.62242535576736,3,82,1,31.932164396757308
2023-03-23 11:18:27.722448902,21.866186642208014,30.23646289786597,79.88494795754231,3,1.4108979807779223,0.113578068920273,30.455805363704425,80.73203416882018,40,91.82575693930754,2,82,1,24.78477248958033
2023-03-23 20:04:14.237954072,4.321916194678851,6.513772136894323,15.69798920347319,3,0.3147752417032873,-1.096122739074635,28.662979025442368,77.8992772490327,20,73.62077603249872,5,82,1,32.94726370457423
2023-03-24 04:50:00.753459240,1.2450597755245087,5.75616785418259,23.786424880006354,3,0.4406570935893217,0.1258818518860344,29.34995459900773,90.88469532217043,40,68.83366260189956,2,83,0,
2023-03-24 13:35:47.268964408,1.5430765454211937,7.983814981073605,61.212468070563006,3,0.7739158895419478,0.3332587959526261,31.708000228764366,78.9217759891295,10,99.91929103819763,5,83,1,28.079922670139773
2023-03-24 22:21:33.784469576,14.334305470790937,31.322506711774246,53.40262326942886,3,1.335179987767852,0.5612640982259043,31.998082132700134,81.40082928730952,10,99.3532831643382,5,83,1,17.812111217929353
2023-03-25 07:07:20.299974744,9.62905679748035,21.28781033328262,68.61970197223752,3,0.6510117138360405,-0.6841682739318116,27.56387808098949,84.4337324804818,40,93.1342195383813,1,84,1,34.78557341436935
2023-03-25 15:53:06.815479914,1.0660871224538544,4.661493235906816,16.608885691191666,3,0.7105418448947352,0.059530131058694646,26.790579228086457,84.32775831553775,20,67.97855901098457,3,84,1,31.191156605780243
2023-03-26 00:38:53.330985082,0.8785552166860509,8.401999879975435,18.007375272710146,3,0.21212312860109062,-0.49841871629364454,28.393560744269408,80.86111692914456,80,43.671520261029194,0,85,0,
2023-03-26 09:24:39.846490250,12.072084716530998,15.666531621731142,59.12899294066508,3,0.8802398374537221,0.6681167088526315,31.932574584464206,78.8786814073694,40,77.64215590683544,0,85,0,
2023-03-26 18:10:26.361995418,0.7554608952579713,4.696203627458284,17.055701128609225,3,0.7844806226003835,-0.0957592148533386,32.2666623735906,89.79393130834535,80,42.00462057123228,0,85,0,
2023-03-27 02:56:12.877500586,17.251858538085813,18.52958900964205,36.08300079078278,3,0.9200299148375406,0.13554929223715706,27.98212052079383,79.16428718662101,20,79.900584450365,5,86,1,24.51915627698683
2023-03-27 11:41:59.393005756,12.24999753130005,15.022251485149901,24.54977475781501,3,0.5938380056498973,-0.3261919091876433,30.440728126921243,77.44376831675474,80,57.59716841961068,1,86,0,
2023-03-27 20:27:45.908510924,0.8484875058031206,4.76428915333371,13.357151347990971,3,0.5938556009249114,1.759527501410396e-05,33.48945248848524,76.41193470294004,40,56.07336821365779,1,86,1,42.514601592468985
2023-03-28 05:13:32.424016092,0.8865386777780669,2.396238004561911,21.893135718913896,3,0.4207493802740848,-0.1731062206508266,30.645608541257452,70.99595516001979,10,72.84176761218875,4,87,1,41.428545348106226
2023-03-28 13:59:18.939521260,43.15458562058092,43.73865611089723,79.70771046791192,3,1.9263899467337577,1.505640566459673,32.65230338202705,83.72667238430753,20,100.0,2,87,1,9.733474496761591
2023-03-28 22:45:05.455026428,4.688375825522896,10.563379362084145,42.800785585753005,3,0.5223360236876873,-1.4040539230460705,31.800976736604984,67.86670520737344,10,82.5188979850476,3,87,1,33.526527155808964
2023-03-29 07:30:51.970531598,4.630552604753125,5.713700977907531,13.380434140350008,3,0.4952206839435177,-0.027115339744169575,27.977268630318758,79.56671788102456,10,68.9604431805598,3,88,1,37.6266278402612
2023-03-29 16:16:38.486036766,16.755754032826772,24.503111382284587,49.70713325458532,3,0.6759457303041325,0.18072504636061482,29.41176140641892,78.55914533546924,10,93.96187468981907,2,88,1,25.25860303125315
2023-03-30 01:02:25.001541934,29.421645379632437,35.05505337443624,54.20604657308236,3,1.4729723835473076,0.7970266532431751,29.855207289261774,90.7712226265134,40,78.36194951491866,0,89,1,19.844788071427843
2023-03-30 09:48:11.517047102,42.68773939601984,65.22467934974316,168.23231533512728,3,1.9738205937625086,0.500848210215201,29.98785516241321,70.40092062917293,20,100.0,2,89,1,9.516387960315079
2023-03-30 18:33:58.032552270,13.998992301163417,18.513774799803773,104.8398128690028,3,0.7274406598732919,-1.2463799338892168,31.606052428643824,75.04127260861158,80,92.08920867426903,2,89,1,31.540260060279206
2023-03-31 03:19:44.548057440,4.720209996191256,5.224670925399712,21.398885385780943,3,0.6854106519312406,-0.04203000794205125,30.584486372167003,78.85375140182413,10,89.49966151856475,3,90,1,38.72202837454816
2023-03-31 12:05:31.063562608,0.8719399369795726,4.727487392131674,12.285265409964232,3,0.7701277327897359,0.08471708085849528,23.888353586583957,78.53386426093452,80,46.46847441039813,2,90,0,
2023-03-31 20:51:17.579067776,15.012425404546256,23.93806716331262,67.58856094285727,3,0.9965155910402613,0.22638785825052543,27.12862996684394,76.76089807200857,20,98.96762098019332,2,90,1,31.071412328370556
2023-04-01 05:37:04.094572944,8.17360407561493,37.54568588687829,95.05119041230844,4,1.0925623303454763,0.09604673930521501,25.373020247490032,79.0906246078734,20,100.0,5,91,1,31.91028095594403
2023-04-01 14:22:50.610078112,5.520331253049737,8.725950372498001,14.521521824310982,4,0.7523283787030076,-0.3402339516424687,30.091900763312964,73.18452691965588,80,40.79639225113284,2,91,0,
2023-04-01 23:08:37.125583280,23.682376754780904,24.410983096636144,58.20350728727973,4,0.9768914006261875,0.2245630219231799,30.215450541732967,81.25491488056959,80,68.25310120721225,2,91,1,20.893620037259566
2023-04-02 07:54:23.641088450,1.1788020797188024,13.24424269169081,34.82320160579051,4,1.0673356326528034,0.09044423202661589,30.2941469945981,67.84796744436542,10,98.02820336930034,5,92,1,35.91703190190885
2023-04-02 16:40:10.156593618,6.7850510937295425,6.943529785860084,13.815956815133822,4,0.6109663537087349,-0.45636927894406853,27.802979369319317,79.31282503011083,80,44.386224137865625,0,92,0,
2023-04-03 01:25:56.672098786,0.11418589432541669,4.8923354655337805,11.76465405363663,4,0.6824303129139003,0.07146395920516546,31.06217985561909,76.42600021944035,80,42.509224405034864,2,93,0,
2023-04-03 10:11:43.187603954,6.323543695829263,9.408345501345153,28.63176726950716,4,0.8743973843758467,0.19196707146194636,31.139390014126693,84.49516975616245,40,65.16876154213868,2,93,0,
2023-04-03 18:57:29.703109122,0.5795043106592578,0.8349512007827454,7.337678602671322,4,0.4920205727978622,-0.3823768115779845,27.189457421144272,88.1760664642757,10,71.32623965503541,5,93,1,32.921986246635626
2023-04-04 03:43:16.218614292,1.2649099593117121,3.4732159930657622,9.805906671129732,4,0.6813893641288188,0.18936879133095658,26.760487170401664,77.72986630284703,10,70.93443043805367,3,94,1,26.084603993770354
2023-04-04 12:29:02.734119460,1.2502623200745626,2.6788615636504804,7.739887114883745,4,0.6009577064012739,-0.0804316577275449,29.685025828244466,86.32420804710384,20,61.45352658595394,4,94,1,32.37391785832233
2023-04-04 21:14:49.249624628,10.475683864069715,14.828358515686267,36.89895534951631,4,0.5742693109927759,-0.02668839540849799,33.26149711269893,77.77528372779237,80,65.60952603160129,2,94,1,32.870302152077045
2023-04-05 06:00:35.765129796,13.705977175964728,29.310406043686797,111.68968679892916,4,1.000769063706145,0.42649975271336915,33.06997928118345,74.51035497792688,40,100.0,0,95,1,15.422637514222847
2023-04-05 14:46:22.280634964,8.755537772028685,10.663511297162742,36.22996310162754,4,0.6592356879413888,-0.3415333757647563,30.789781746143554,88.05546421142299,20,71.47460638704021,2,95,1,36.225632144236336
2023-04-05 23:32:08.796140134,32.74720209102377,36.88950765020043,88.84102444130323,4,1.4314901100532542,0.7722544221118655,28.1953770397429,81.91462298947614,40,86.8617795302108,1,95,1,22.6692888404814
2023-04-06 08:17:55.311645302,4.697965779202672,5.368216366850645,15.984871323168067,4,0.3868408436852323,-1.044649266368022,31.421371322214622,79.31756461952398,10,89.02646032185639,2,96,1,31.58117226771481
2023-04-06 17:03:41.827150470,3.364691574205587,7.16662034903589,19.839439193587246,4,0.8642467783236767,0.4774059346384444,28.735071491552137,82.71572741783368,80,48.80304774962312,2,96,0,
2023-04-07 01:49:28.342655638,20.295025381702295,22.02271923843038,54.52844080609768,4,1.4465262309410323,0.5822794526173556,28.097058499706055,80.63522032175818,40,79.43711290787593,1,97,1,17.46373442886248
2023-04-07 10:35:14.858160806,2.530820677318534,16.465349547579702,41.14577020571841,4,0.9108705042218495,-0.5356557267191828,25.336210133426512,78.90219055363342,20,76.71599897116116,5,97,1,37.13463703906004
2023-04-07 19:21:01.373665976,33.028701062519104,35.9350071143055,76.14305638522843,4,1.7740299372228658,0.8631594330010164,29.820898227926616,72.60009352592263,10,100.0,5,97,1,10.169651716693988
2023-04-08 04:06:47.889171144,0.12228944358969307,5.462758511860836,22.959366550690817,4,0.4881464065887709,-1.285883530634095,28.34830811909743,77.86340194893805,40,68.77633153335307,1,98,1,28.676162863585944
2023-04-08 12:52:34.404676312,35.02526922879482,47.61894010325541,115.68153951169242,4,1.5494434186112434,1.0612970120224725,29.79273165620926,82.31601891159687,40,100.0,0,98,1,15.172948987753164
2023-04-08 21:38:20.920181480,0.4411899861850189,5.674353028142896,16.98546575215818,4,0.409849920642787,-1.1395934979684563,24.992902821577022,78.56937929966824,20,70.78566677582201,4,98,1,37.03856955842651
2023-04-09 06:24:07.435686648,22.17721229160009,41.30807214656804,74.52173197278047,4,1.4854379518891268,1.0755880312463397,29.922938258133886,83.67819863158495,40,80.23213460693829,1,99,0,
2023-04-09 15:09:53.951191818,7.501432503493904,14.77417340939846,47.16858948246338,4,0.8431829947926927,-0.6422549570964341,24.712628812268207,81.06801739975687,10,100.0,2,99,1,30.107681629174078
2023-04-09 23:55:40.466696986,49.56828607926033,68.50084180562854,162.8911297571293,4,2.160929797321807,1.3177468025291144,31.7422575500491,74.74207249659695,40,100.0,0,99,1,11.012053456168262
2023-04-10 08:41:26.982202154,0.7666137595445494,4.548011505041921,13.664349194189128,4,0.8198420990803789,-1.3410876982414281,30.601585240274577,72.5197457548482,80,44.7682053753331,1,100,1,41.912099455227256
2023-04-10 17:27:13.497707322,8.071096637333488,8.80962597958441,25.658548248324777,4,0.8305064633055824,0.01066436422520356,28.99181893338351,78.31240445281453,80,51.33990350773157,1,100,1,27.952642892510607
2023-04-11 02:13:00.013212490,34.83575221256005,38.43121136025037,71.58084611075351,4,1.413295630349588,0.5827891670440056,30.665854028309997,76.45968637576874,20,93.24023218280507,5,101,1,6.991876636255482
2023-04-11 10:58:46.528717660,7.40443933181044,7.792221528526914,13.438546664071232,4,0.589829236094339,-0.823466394255249,27.57545189576815,80.74480989029894,80,44.42474751141815,1,101,1,39.059204060845076
2023-04-11 19:44:33.044222828,9.926282903811874,13.039750353511671,38.75096356977762,4,0.9653218214621833,0.37549258536784424,29.66745800106179,75.45472564585035,80,47.1380060731405,2,101,1,33.623325284915325
2023-04-12 04:30:19.559727996,11.899012381167742,15.538255847998649,47.01329349305203,4,1.1017093766342607,0.13638755517207746,31.103282187424774,75.95050659223382,40,73.01681808604224,2,102,0,
2023-04-12 13:16:06.075233164,6.061277556769509,10.392564262071978,24.453203038709486,4,0.8354872402073038,-0.2662221364269569,23.316103502471012,84.27471258928215,10,81.52720811632618,2,102,1,28.974305361988502
2023-04-12 22:01:52.590738332,9.876741730080221,11.591688887860771,27.38061574305881,4,1.1928294730546285,0.3573422328473247,28.60110207985972,79.73211644156903,10,86.13361555783179,5,102,1,26.622279703958558
2023-04-13 06:47:39.106243502,8.778258618057556,10.153941146793633,37.78758571906856,4,1.1041060169753711,-0.08872345607925736,29.44105240623664,75.4590460058823,40,66.27807412732665,0,103,1,26.43154557357031
2023-04-13 15:33:25.621748670,23.142327694826474,27.381526106295595,60.52820051184207,4,1.324868981929638,0.22076296495426684,29.084464528754317,79.0423125721668,80,66.40891868521592,0,103,0,
2023-04-14 00:19:12.137253838,0.46511461743480975,15.467396769551467,28.287638812335715,4,0.4962601281479104,-0.8286088537817276,32.381887907970174,85.82992472603914,40,64.10494468390299,2,104,0,
2023-04-14 09:04:58.652759006,3.2984272589875845,5.126704255592907,9.308090526448549,4,0.3552380853893272,-0.14102204275858315,27.21043605494352,80.38541005095219,80,36.59220467277186,0,104,0,
2023-04-14 17:50:45.168264174,30.03996005860931,27.17486915205822,46.03766793668096,4,1.2950715436898257,0.9398334583004985,28.206395591025775,81.86218220295812,80,63.7359499060134,1,104,1,31.604347760479875
2023-04-15 02:36:31.683769344,22.09675828453486,27.69014193162219,67.34136431067064,4,1.3694792742901505,0.0744077306003248,25.60737368950225,75.11705080160108,80,64.36158585772672,1,105,0,
2023-04-15 11:22:18.199274512,6.0817526195962,9.700213701763976,35.730185895396986,4,1.0839666052719514,-0.28551266901819905,32.45000476853869,83.99095981765781,10,93.46918619185246,2,105,1,18.27704612443421
2023-04-15 20:08:04.714779680,9.679330287389773,11.868723317219613,20.63854438252821,4,0.8957632458021516,-0.18820335946979982,28.9270931342812,90.4298581413166,20,73.74062196956798,5,105,1,32.79546318740283
2023-04-16 04:53:51.230284848,3.2487341989513014,6.388893319918148,15.903162457350021,4,0.8626081760244549,-0.033155069777696666,28.53301999789321,74.86233733536898,10,73.32065184655494,4,106,1,26.560668066779
2023-04-16 13:39:37.745790016,2.084041614360645,3.6308293951825514,7.538272112987336,4,0.5289276290014779,-0.333680547022977,29.29495933746517,72.89037953231326,80,47.07482612318385,2,106,0,
2023-04-16 22:25:24.261295184,6.230585988040987,23.53709495214399,51.30646924724128,4,0.9845364943277697,0.45560886532629175,30.662406034769536,79.65757997499351,40,76.21080574489005,0,106,1,27.648528996095017
2023-04-17 07:11:10.776800354,4.359535346167334,4.555934868721542,57.44921449789946,4,0.7974214215059966,-0.1871150728217731,30.074593783872263,83.13725920290207,40,73.67955609352542,2,107,1,30.783220775785068
2023-04-17 15:56:57.292305522,8.76243706006643,12.359508060651354,35.320483974984505,4,0.4029249666373365,-0.3944964548686601,34.665491102753954,78.28249699102825,80,47.54586120134681,1,107,0,
2023-04-18 00:42:43.807810690,0.8092228443318479,1.0650904092009528,9.864134393788815,4,0.4441476005033444,0.041222633866007885,30.26737342922575,73.45297132462308,20,66.51424561402666,2,108,1,32.186107781579395
2023-04-18 09:28:30.323315858,36.64960122522567,33.456317995250025,96.67230939920168,4,1.7574952813125875,1.313347680809243,28.418713228294152,78.15548736436267,10,100.0,4,108,1,12.593690299699043
2023-04-18 18:14:16.838821026,42.83865575552539,54.48841933327607,111.76384482427709,4,1.9565509755705814,0.19905569425799396,28.216116684035192,81.66812168205345,10,100.0,4,108,1,1.0
2023-04-19 03:00:03.354326196,11.978638819127895,12.07882509065447,40.79481781419875,4,0.6210580176589161,-1.3354929579116654,28.5428621470786,76.62160096909415,80,60.46757757650863,1,109,0,
2023-04-19 11:45:49.869831364,7.680784344120899,9.027842968860032,20.353191208054998,4,0.2578696414255471,-0.363188376233369,26.314180099339257,81.67198298597248,80,46.67868212154091,1,109,0,
2023-04-19 20:31:36.385336532,3.7037930155436,7.65703950103002,17.817218016417048,4,0.5774901062607709,0.3196204648352238,29.386980448939944,84.4380579941131,20,77.89780267366089,4,109,1,26.336620015018337
2023-04-20 05:17:22.900841700,16.809071674879966,13.69923735173387,43.91509777575683,4,0.9588566684361622,0.38136656217539133,30.86351070654818,79.79430211711293,10,94.83978135089345,3,110,1,16.21267517531563
2023-04-20 14:03:09.416346868,11.543295836488156,13.82093892127606,30.667479183308025,4,0.6922907159768545,-0.2665659524593077,28.059094315345593,78.43190417679267,20,57.05830701613348,5,110,1,27.199161871341218
2023-04-20 22:48:55.931852038,1.7747365410048839,10.103357331506718,60.28535356092664,4,0.6651452915407637,-0.027145424436090804,27.660233177570625,82.6967062064091,10,97.71071793650898,5,110,1,27.738373037384704
2023-04-21 07:34:42.447357206,24.183010919991276,36.142649853220476,68.36174396300818,4,1.4463640663786093,0.7812187748378455,32.295980297477264,74.24767587259144,20,87.26042702144197,5,111,1,21.081746173176988
2023-04-21 16:20:28.962862374,17.289945113672715,29.381644399186094,93.327055039455,4,1.273752780410562,-0.1726112859680473,26.400145539035563,73.73267453609118,20,100.0,5,111,1,19.607815052849652
2023-04-22 01:06:15.478367542,29.917385250334362,43.71298710408279,80.41761961574879,4,1.0642937910610508,-0.20945898934951113,25.106422272101984,77.15125662546825,20,99.48514781328171,5,112,1,15.7539150328371
2023-04-22 09:52:01.993872710,12.936040041961343,16.41872233037018,47.20799783652508,4,0.6600510045813046,-0.4042427864797462,26.925127829991688,76.00246616050057,40,75.37424146120027,1,112,0,
2023-04-22 18:37:48.509377880,9.504040195913728,9.146594152640645,22.57702942751132,4,0.7206222157737339,0.06057121119242925,26.13886469008817,74.42275037222115,40,62.59534342432353,0,112,1,30.503744875986918
2023-04-23 03:23:35.024883048,5.417025065931133,12.114634937155902,70.24641053782771,4,0.8439214768976744,0.12329926112394052,29.980906571090223,87.569251260756,40,90.51257065173787,2,113,1,26.850949463969297
2023-04-23 12:09:21.540388216,26.99018361547118,41.46017878750574,67.05197584079063,4,1.5522522628944881,0.7083307859968138,28.47569586999457,89.2541757892589,10,100.0,4,113,1,16.192773255594727
2023-04-23 20:55:08.055893384,20.1039238004692,30.677187211332814,74.69879423664021,4,1.3032243376980475,-0.24902792519644068,28.74630751759876,76.60283800401496,20,100.0,2,113,1,20.077125037307017
2023-04-24 05:40:54.571398552,0.46272938653122786,4.079236436283579,24.406226135911425,4,0.47336336369967397,-0.8298609739983736,31.48005320765432,78.80696445615138,80,53.210574683622085,1,114,1,34.7277008938997
2023-04-24 14:26:41.086903722,0.26720816866511365,1.6397218481545557,8.437174823358937,4,0.4562146943928556,-0.017148669306818354,27.779945088599053,77.38601552153025,80,50.65258167530897,0,114,0,
2023-04-24 23:12:27.602408890,4.723477615832628,13.271882391105214,32.450805967416656,4,0.5815225225433566,0.12530782815050096,30.70115050593987,83.83943956548795,10,84.64402026775375,2,114,1,24.96681292360173
2023-04-25 07:58:14.117914058,16.63647722996086,22.369576182941977,92.61208689775502,4,1.2100641320498067,0.6285416095064501,32.161901271108995,84.80673915460541,10,100.0,4,115,1,23.175922230329046
2023-04-25 16:44:00.633419226,43.64275468220168,55.9083914129769,119.00170068371644,4,1.7478412502258869,0.5377771181760802,28.21614199136478,69.36861498133597,80,89.97298357699556,2,115,1,16.92899115216722
2023-04-26 01:29:47.148924394,1.630095099344797,2.287714350351297,13.601569125766005,4,0.725486324528323,-1.022354925697564,30.58965154461125,80.61126566732537,20,72.08160478193318,5,116,1,29.172442254340247
2023-04-26 10:15:33.664429564,9.017241302157357,9.31984238509692,17.544740586992628,4,0.8151138975216456,0.08962757299332269,28.620036594218078,71.67323813274633,40,58.38774151460054,1,116,1,32.66959683776285
2023-04-26 19:01:20.179934732,4.794736997580961,5.925493213089653,30.970032056447348,4,0.646140776391485,-0.1689731211301606,30.93986321192853,86.97469469787029,10,100.0,2,116,1,28.370283273752605
2023-04-27 03:47:06.695439900,35.03708554375962,39.65760073329393,107.17521519524257,4,1.4659756382528384,0.8198348618613533,25.936611274046456,80.36041944944999,10,100.0,5,117,1,18.89293468763884
2023-04-27 12:32:53.210945068,18.459132074336345,16.54744369075645,41.11230887970438,4,0.7635487061614661,-0.7024269320913723,25.776416225930475,74.01813374054916,10,90.99904508693587,4,117,1,22.255273399476998
2023-04-27 21:18:39.726450236,18.22190046469857,16.1432504850599,25.584534507487177,4,0.8963399628689612,0.13279125670749514,28.27268493868498,76.90383379731085,80,55.52479202178566,0,117,1,29.048455512088754
2023-04-28 06:04:26.241955406,6.324155711397736,38.15024426384207,83.75737785887009,4,0.9419841831413981,0.045644220272436864,27.26507920259661,76.64097135010152,40,86.36918906449148,1,118,1,29.341655951191935
2023-04-28 14:50:12.757460574,5.35834936327349,6.497965417396328,15.662878738567887,4,0.19834177912318274,-0.7436424040182154,27.997148069780255,80.68669729170914,20,69.62417793868008,4,118,0,
2023-04-28 23:35:59.272965742,3.193888921500612,12.54159977053811,20.009152981898385,4,0.6498227450684604,0.45148096594527765,28.579079824434302,83.24582899954454,20,70.17788365123512,3,118,1,35.9304968068267
2023-04-29 08:21:45.788470910,0.5802696384483621,2.9623815002493106,16.946693682099266,4,0.7261006813766615,0.07627793630820112,30.44565620475372,72.27022182230388,80,46.954905892665444,1,119,0,
2023-04-29 17:07:32.303976078,20.0042614000331,28.735729595369794,72.47087855499441,4,1.3008861050411344,0.5747854236644729,28.177733806304147,87.1798824314326,10,100.0,5,119,1,16.286899835197715
2023-04-30 01:53:18.819481248,16.76117439249923,19.319395238252085,32.6218490777023,4,0.9291762650842039,-0.3717098399569305,27.332688055919693,85.98927189343596,80,51.79218094929787,2,120,0,
2023-04-30 10:39:05.334986416,81.72445597818083,103.07075517437706,261.40588274916126,4,3.174583930990433,2.245407665906229,28.264669750756816,73.558775170594,80,100.0,2,120,1,1.0
2023-04-30 19:24:51.850491584,56.948734007443335,66.02239382921474,123.5604002685032,4,2.187965704556614,-0.9866182264338188,27.4166221083799,78.27383430779781,20,100.0,4,120,1,1.9852228807710484
2023-05-01 04:10:38.365996752,8.10651592641394,7.501694288436566,21.34940634682337,5,0.7668994080797836,-1.4210662964768304,27.074048388650002,86.43816150612244,40,57.14159439363019,2,121,0,
2023-05-01 12:56:24.881501920,14.652830902062608,13.477049298889353,27.47265483976264,5,1.235848675778952,0.46894926769916834,25.703103277140762,84.02286674197681,20,72.25189750641982,5,121,0,
2023-05-01 21:42:11.397007088,28.961716828744358,26.112466266239487,59.35971949796487,5,1.5340587597622573,0.2982100839833053,29.055101661881512,76.14857570863923,80,81.40638256634158,0,121,1,22.330314258618937
2023-05-02 06:27:57.912512258,18.947720147092458,22.63488362820253,59.14849216125158,5,1.2094621003624253,-0.32459665939983195,27.765673783114924,81.87786946545744,80,71.94620140640608,0,122,1,24.057300459417622
2023-05-02 15:13:44.428017426,2.8415244458114652,13.635527915788861,43.78400580649337,5,0.5946087855973743,-0.614853314765051,30.822513912679973,92.76590432701695,10,89.3610155200336,4,122,1,39.06415399037806
2023-05-02 23:59:30.943522594,5.988268273998645,9.48543111058557,17.495466000019437,5,0.8646073551747964,0.2699985695774221,25.981967189536345,78.27931865656451,10,82.76085680040211,2,122,1,22.918268325585483
2023-05-03 08:45:17.459027762,1.3829634431308866,5.810367025479026,13.096870279508835,5,0.24838754884279735,-0.616219806331999,27.77932713625332,74.56374723549806,80,43.707967381799286,1,123,0,
2023-05-03 17:31:03.974532930,30.802237864417087,28.279777775754397,48.519952479078064,5,1.348371838647708,1.0999842898049106,32.47597572651702,78.56242183085605,20,76.43539661873868,5,123,1,23.597690681965744
2023-05-04 02:16:50.490038100,9.318477025886182,18.64325716400557,39.96841096543168,5,0.9895443961225694,-0.35882744252513854,26.95754169010521,78.90628192608841,10,96.84602520904168,2,124,1,29.024256662686398
2023-05-04 11:02:37.005543268,2.596037254184837,19.33559694432451,64.89051791244113,5,0.8933609573364922,-0.09618343878607716,28.350226294743223,75.02390190287045,40,76.92996263556549,2,124,1,34.88263221813855
2023-05-04 19:48:23.521048436,11.138295391732502,12.001196027516055,26.086620082350304,5,0.9767547661529588,0.08339380881646652,26.378069779917457,79.82764083020747,40,75.30187316616161,0,124,1,34.804814560553694
2023-05-05 04:34:10.036553604,9.626704347430717,14.445151092728677,29.461492766799676,5,0.89595173571784,-0.08080303043511872,26.09930077628073,71.32030630504788,80,52.28408450608881,0,125,1,24.280302023902372
2023-05-05 13:19:56.552058772,4.434204622971061,4.272410666545084,7.930792402556538,5,0.5922632033080955,-0.3036885324097446,31.877109172752373,74.23730507811064,40,64.63171960908754,2,125,0,
2023-05-05 22:05:43.067563942,1.2053912139846927,5.099306723870685,17.694708577781377,5,0.6826960854836985,0.09043288217560308,29.110831185033735,81.32872828029286,40,52.003998946290395,2,125,1,48.0
2023-05-06 06:51:29.583069110,11.134412835191021,14.559196782264332,33.71599631681992,5,0.6777080164092038,-0.004988069074494783,29.022308699019536,68.73554778737733,10,91.98546608974122,3,126,1,31.92724228212852
2023-05-06 15:37:16.098574278,7.3461042418603775,7.545500216765843,25.164783115811648,5,0.5534416343462161,-0.12426638206298768,25.348451447015226,81.99800579446922,10,85.08102292282908,3,126,1,41.765423643894934
2023-05-07 00:23:02.614079446,14.79807080960515,18.090974322344408,64.1455380774511,5,0.9892180947076065,0.4357764603613904,29.444633903559847,67.39439542615797,20,96.2615001665013,4,127,1,35.10357332134939
2023-05-07 09:08:49.129584614,7.343098604235151,10.268560091412244,23.254266419372655,5,0.784187101540575,-0.20503099316703144,31.027996789445574,68.76968290053428,10,86.46724674306762,3,127,1,32.71029170439261
2023-05-07 17:54:35.645089784,19.11770111308484,20.03190037089471,50.44730930904898,5,0.7175499902577145,-0.06663711128286054,30.998043595024665,74.90328523145578,20,82.73492894311863,3,127,1,28.93810936861192
2023-05-08 02:40:22.160594952,8.027541190214876,12.691940855055542,31.76222040957605,5,0.8784995085447567,0.16094951828704218,30.021627561205165,78.80424141808243,10,79.33689099477304,4,128,1,34.38733742206135
2023-05-08 11:26:08.676100120,8.231145809801472,8.291942532478641,28.583840277500677,5,0.9020880171046944,0.02358850855993777,26.411796876203695,83.96785407842594,80,54.03733148705425,1,128,0,
2023-05-08 20:11:55.191605288,20.927586432297716,25.104741447907386,63.353101513925495,5,1.154142095631769,0.2520540785270745,29.282757345155407,77.60113483733683,20,92.79170204488841,2,128,1,11.837981247454998
2023-05-09 04:57:41.707110456,5.1664731398811705,11.66434138728033,34.711337443958755,5,1.1948661333272252,0.040724037695456294,29.97735871139924,76.0516095430121,80,54.996445616201854,1,129,0,
2023-05-09 13:43:28.222615626,1.4388795539029895,3.5893885833628154,17.255272490778477,5,0.4280844556486507,-0.7667816776785745,25.038915951702133,80.1535124836839,20,70.01540609618854,3,129,1,36.12889995226801
2023-05-09 22:29:14.738120794,0.29205021432094685,0.5625717094186964,11.272115542684377,5,0.439249288703232,0.011164833054581269,26.370794574685988,72.87221341295944,40,57.28418542721589,1,129,0,
2023-05-10 07:15:01.253625962,14.070574526625856,18.750615962001046,62.51046899839794,5,0.8899042689270857,0.45065498022385375,30.375155594938516,77.8947576996353,20,86.70510226647963,3,130,1,32.59781220303629
2023-05-10 16:00:47.769131130,9.683989670606795,25.052398839621823,61.0991467473163,5,0.9289662595501507,0.039061990623064924,30.336356511440663,71.17129862641681,20,92.52442978211047,3,130,1,35.864503626163824
2023-05-11 00:46:34.284636298,12.176653477978764,12.607184234231108,44.48767948200231,5,0.8038599493086281,-0.12510631024152252,25.47245996626235,77.55220465138733,20,80.90777962252793,4,131,1,27.99897522203727
2023-05-11 09:32:20.800141468,2.3948149349344345,4.6579283505280715,10.183126612451098,5,0.3131134732829951,-0.49074647602563304,30.144967353239934,76.46066724015617,20,61.591658805208695,3,131,1,39.767275161682626
2023-05-11 18:18:07.315646636,1.4661255122827865,2.2218738369401283,16.20517059569051,5,0.44223158936776186,0.12911811608476675,28.73076721811881,73.05898123237606,20,72.03946098896522,2,131,1,39.095420007723575
2023-05-12 03:03:53.831151804,0.14651476265668784,4.442905181815136,32.28469798841407,5,0.5278352079164699,0.08560361854870802,30.08735215727065,77.8758716788014,40,62.257392935739304,2,132,0,
2023-05-12 11:49:40.346656972,4.316872615150692,5.086248969403989,14.43112498563091,5,0.8829143584094532,0.35507915049298333,27.24140353288064,77.81364062529526,20,64.93222454329182,5,132,1,33.11800171622543
2023-05-12 20:35:26.862162140,8.913973756649446,11.918041823721373,37.03311545088043,5,1.2379085480447853,0.35499418963533214,29.78586346924925,82.86826301427055,80,58.876811976373496,1,132,1,25.986910120225584
2023-05-13 05:21:13.377667310,4.979818675611507,11.098121260497823,36.43944070383428,5,0.9776723656873393,-0.26023618235744606,30.168142949125894,68.93280378499536,20,85.09127845518834,4,133,1,27.01715312416393
2023-05-13 14:06:59.893172478,5.753195628284312,10.24421866605233,25.107594295630584,5,0.5624302932916883,-0.41524207239565103,27.762743343997776,76.5505818913332,20,73.51771753643678,4,133,1,28.738962538024634
2023-05-13 22:52:46.408677646,23.450615229814417,28.49197569308232,65.58597841541192,5,1.1147701394018785,0.5523398461101903,28.485785277529704,73.09924837184887,80,75.4344308700793,2,133,0,
2023-05-14 07:38:32.924182814,4.2810261442511175,7.627054384213407,19.125587338462065,5,0.6300253512252861,-0.4847447881765924,27.138043317667428,81.21898344423494,10,78.07458098924855,5,134,1,25.918971930401046
2023-05-14 16:24:19.439687982,7.215250280723211,10.807024117560601,54.76631669165805,5,1.1092870245607875,0.4792616733355014,31.723110553525693,80.60922563826854,10,96.99071022394733,4,134,1,26.548026142903836
2023-05-15 01:10:05.955193152,15.308717377197016,15.570958882030364,41.63248519890141,5,0.9287991259278653,-0.18048789863292225,28.16397481278606,79.34843660821828,40,70.57185643185274,2,135,1,40.14354971272091
2023-05-15 09:55:52.470698320,5.050801312991798,6.146744699893188,10.760412396657088,5,0.39698197515128175,-0.5318171507765835,26.54509630105043,73.25912361246228,20,66.84673737841368,3,135,1,37.21286473405546
2023-05-15 18:41:38.986203488,9.730904753530854,22.290039575463865,35.877567155744885,5,0.8172830634346488,0.4203010882833671,26.942059878232644,81.17477632666477,20,76.45894571263113,5,135,0,
2023-05-16 03:27:25.501708656,19.831406436843068,23.326686824585035,52.883372857986345,5,1.2813061973465951,0.4640231339119463,28.61176042842526,69.0657838085654,10,100.0,2,136,1,20.53123986582728
2023-05-16 12:13:12.017213824,29.86190415374668,34.46117411223774,67.54287859636949,5,1.5798378795765284,0.2985316822299333,29.849330127449274,68.00878204982185,20,91.90560810567403,5,136,1,19.80081636544877
2023-05-16 20:58:58.532718992,1.5908187931483597,14.027873907355666,31.46823717220026,5,0.6320517816381926,-0.9477860979383358,25.655403961983193,70.27476030505885,40,57.197912910073285,2,136,0,
2023-05-17 05:44:45.048224160,26.116627630420787,27.584053309290923,69.66714453349559,5,1.4348560204133312,0.8028042387751385,32.00670911127717,76.45540415915002,80,88.54755528859789,2,137,0,
2023-05-17 14:30:31.563729328,6.775027809955306,9.74395794657308,20.019155087662064,5,0.27830569515547043,-1.1565503252578608,28.913013006430912,79.96714684158083,20,68.37273408911227,5,137,1,31.82811611668384
2023-05-17 23:16:18.079234500,2.9873545435139577,7.185799277785798,13.433219641395931,5,0.6523709306546767,0.37406523549920623,29.212789813128808,61.67959336433234,80,53.2824587561547,0,137,0,
2023-05-18 08:02:04.594739668,6.145869673706975,16.777559044833154,45.95864564982156,5,0.9628300681961972,0.31045913754152055,28.069656641495783,83.14178561768425,40,80.00327703470957,1,138,0,
2023-05-18 16:47:51.110244836,39.13653097580592,58.6598260465612,144.7726383154548,5,1.7027562249508235,0.7399261567546263,28.286654217030527,77.15183354554873,10,100.0,5,138,1,4.955736381614971
2023-05-19 01:33:37.625750004,6.784912926673598,13.135743821880826,35.73217246100582,5,0.5997879894530227,-1.1029682354978008,27.935613530048812,68.62549787385835,40,66.8759501325159,1,139,0,
2023-05-19 10:19:24.141255172,3.9861603210049976,5.012855087874255,25.47418131271549,5,0.2565621267461475,-0.3432258627068752,30.25175851809868,76.93706801150142,40,64.17051475572946,1,139,0,
2023-05-19 19:05:10.656760340,10.034862739576596,15.191296021305934,39.56404220985785,5,1.17058933396673,0.9140272072205824,28.184239710945434,81.86282084509645,40,63.409470058404295,1,139,1,26.710203093792636
2023-05-20 03:50:57.172265508,2.7462846771560296,5.19833464850656,15.03746879810843,5,0.4628782446238729,-0.7077110893428571,29.718071442511203,79.36514708758287,40,67.46947326814559,0,140,0,
2023-05-20 12:36:43.687770676,0.7889530497623504,3.9554420720417443,8.986335061695147,5,0.6035421372880869,0.14066389266421403,27.300094175474854,81.83094375712983,80,40.234137539934224,0,140,0,
2023-05-20 21:22:30.203275844,1.3797521971241586,1.7765832279004907,17.871573610156457,5,0.6661442845181629,0.06260214723007596,28.54283287655339,69.47187049287196,40,57.66628199137385,1,140,0,
2023-05-21 06:08:16.718781012,1.3701842406700713,2.2253716644015125,33.67863056306195,5,0.8520709912857072,0.1859267067675443,26.527418395383698,74.20049199203307,40,67.33424771673222,1,141,0,
2023-05-21 14:54:03.234286184,1.6475990155667297,9.263009725923823,33.83892607523647,5,0.5948025227734458,-0.2572684685122614,30.551967765142432,71.61436144746905,40,66.38226426343344,0,141,1,30.28671487957526
2023-05-21 23:39:49.749791352,1.4946006606751654,4.789797098209078,30.954130919914554,5,0.4699040254399104,-0.12489849733353542,26.435014274061487,84.79291853622104,40,62.192699048490304,0,141,0,
2023-05-22 08:25:36.265296520,10.240840510758066,10.706807109139351,27.609514493299347,5,0.8464984110206655,0.3765943855807551,27.436092849698973,79.36891769387638,80,60.776452506923114,2,142,0,
2023-05-22 17:11:22.780801688,2.0074635703448163,4.484544020514553,14.94553279663409,5,0.8418107669204993,-0.0046876441001661995,27.439619712245964,90.37412901909912,40,62.22416281575845,0,142,0,
2023-05-23 01:57:09.296306856,4.241393157948052,14.010398695847213,32.1232634950742,5,0.6908973438372765,-0.15091342308322275,27.345072666851426,73.76790321731178,10,87.67186776916556,2,143,1,22.732370813001197
2023-05-23 10:42:55.811812024,22.709741251283578,29.52698306409449,52.8369253640645,5,1.0584908393498011,0.3675934955125246,29.481348283082,72.44934242998073,40,74.42069740204849,2,143,1,22.7005149142017
2023-05-23 19:28:42.327317192,6.423811416465936,8.385175701311727,16.046011474747644,5,0.4041764236793635,-0.6543144156704377,27.3863692054588,75.32523627688842,40,63.34438509659618,1,143,0,
2023-05-24 04:14:28.842822360,11.012890836523805,10.447728203245711,32.76205836717273,5,0.5804756218418881,0.17629919816252454,30.79080876821013,82.89770552136872,20,74.05868601969854,4,144,0,
2023-05-24 13:00:15.358327528,1.8912851711321648,3.3828745352283986,12.005197280799194,5,0.7445327482562603,0.1640571264143722,26.349231782175522,74.14176546199498,20,73.85455784208868,2,144,1,36.505640609060215
2023-05-24 21:46:01.873832696,2.1355098099509506,14.702466057291089,33.64473274109018,5,0.6256099615105676,-0.11892278674569268,28.308106711318874,76.56089153240164,20,77.37847094796224,5,144,1,36.250911175031135
2023-05-25 06:31:48.389337864,0.41727212717565304,4.8007092657433015,17.27094910422242,5,0.434848353216804,-0.1907616082937636,26.4008974749939,76.38839242167231,40,64.78438218697478,2,145,1,38.83962420157079
2023-05-25 15:17:34.904843036,1.8504734406558088,5.397185092058896,11.447917277221421,5,0.44778787509691664,0.012939521880112659,28.777480862469385,76.06855440082386,10,75.1548570076928,3,145,1,44.04934595302877
2023-05-26 00:03:21.420348204,3.2654811863114555,7.894636397710883,24.401129046441532,5,0.6612651597433744,0.21347728464645777,27.88665014616581,72.5751068979263,10,82.55823043342549,2,146,1,30.31855589937581
2023-05-26 08:49:07.935853372,1.9481181748310794,3.9816205021725684,13.01620527272491,5,0.5308875497652306,-0.13037760997814385,27.5913885705896,75.11656998042129,20,72.63520794365579,4,146,1,37.639119219439344
2023-05-26 17:34:54.451358540,0.9288590786036757,9.07471408493862,18.92770608450142,5,0.5546978936776092,0.023810343912378684,30.26137470914361,74.86833654551633,20,80.43347880127293,3,146,1,32.7809466041982
2023-05-27 02:20:40.966863708,1.2855621349335253,4.845111080994294,27.620485552071926,5,0.8440271390707612,0.28932924539315197,26.558602506482078,75.69674919881133,40,71.61207686356038,0,147,1,41.04038164830837
2023-05-27 11:06:27.482368876,6.176293433653791,6.013461750102538,19.673784070589345,5,0.9912637425464279,0.1472366034756667,29.023127693501845,80.41777884729522,10,84.22256513218392,4,147,1,25.92688981434767
2023-05-27 19:52:13.997874044,2.310922063450966,3.3029394886970516,16.896875658829213,5,0.2572435015741905,-0.7340202409722374,26.294938641603657,84.46885710702894,10,81.39485499420259,2,147,1,39.666373070310975
2023-05-28 04:38:00.513379212,4.5298111551091855,7.990149714645009,38.51604448342602,5,0.7360162664772254,0.4787727649030349,28.040940217649847,71.42896582130966,20,76.72327879041488,5,148,1,34.17637777040123
2023-05-28 13:23:47.028884380,7.000051847143304,21.98511620101583,57.60932225379787,5,0.704479779228746,-0.03153648724847935,25.40708107649442,73.63649534194404,10,100.0,2,148,1,35.62975879050662
2023-05-28 22:09:33.544389548,11.724574340125422,15.771841228566007,57.396404859919286,5,0.8425596763159497,0.1380798970872037,26.45581022559226,71.43662954438055,20,84.132956509976,3,148,1,29.14309392156794
2023-05-29 06:55:20.059894720,0.40105730100015424,10.595976974577326,26.45528500956145,5,0.6758365927911152,-0.16672308352483456,27.599122387255125,76.46232464291307,20,75.1065531732046,5,149,1,33.620715372967695
2023-05-29 15:41:06.575399888,16.064942438261195,20.992518791697,37.01471151081918,5,0.9886800532960103,0.3128434605048951,31.375222254308543,72.80010055176989,80,60.70760905887746,0,149,1,27.855405592095863
2023-05-30 00:26:53.090905056,9.885936903672963,10.813701519021242,29.01521164440209,5,0.8519477293891984,-0.1367323239068119,27.92999888989748,76.65576646666581,80,44.70338011486008,1,150,1,33.59431161974865
2023-05-30 09:12:39.606410224,0.8529543037633426,1.1396227109957755,5.095481384382788,5,0.6630493543916082,-0.1888983749975902,31.020147105914997,80.9397555005871,40,52.74143373814993,0,150,0,
2023-05-30 17:58:26.121915392,20.681346984880907,20.12140735250015,73.96381406721135,5,1.1737563733306837,0.5107070189390756,28.133828787330348,62.75720597887399,20,99.05628152905119,3,150,1,13.126331135992503
2023-05-31 02:44:12.637420560,25.36693546378928,27.695346419173543,75.84448917303499,5,1.1549249126339962,-0.018831460696687508,26.901338158839685,77.80991274358257,40,87.50369530082239,0,151,0,
2023-05-31 11:29:59.152925728,0.6302282756016341,1.7581973034735423,4.699112061305054,5,0.40434661715270337,-0.7505782954812928,30.736497161247186,73.01463298760221,80,44.139800224935385,1,151,0,
2023-05-31 20:15:45.668430896,3.2417684312865083,6.009563340286757,16.110457435848478,5,0.33698994270499066,-0.0673566744477127,28.514050164029904,77.58214117968808,10,71.34661750114267,2,151,1,33.77256876875284
2023-06-01 05:01:32.183936064,24.614027748399636,32.751738620392096,75.32284132539246,6,1.14901388166777,0.8120239389627792,26.336756183521103,70.76205155382205,80,73.78209913489493,2,152,1,21.46534648839162
2023-06-01 13:47:18.699441232,20.690358603214626,27.69679158136961,61.75112687492329,6,1.5831887602576942,0.4341748785899242,28.545480701855787,81.18998050764476,80,76.0502542532813,0,152,1,17.052014250794947
2023-06-01 22:33:05.214946404,3.0596944809270075,4.17241983656851,28.04732632373667,6,0.44451737316517625,-1.138671387092518,27.001240968981186,79.73926402779423,80,54.02652149009722,0,152,0,
2023-06-02 07:18:51.730451572,3.5234854677229985,7.040763255148588,40.51816959341002,6,0.4022015794171818,-0.042315793747994435,23.590409350577772,77.97871622855395,10,91.95847970327955,5,153,1,30.619022527952577
2023-06-02 16:04:38.245956740,6.941776650365546,11.137295203793233,63.40682117777108,6,0.8141940574141979,0.4119924779970161,29.42242623916582,79.06708843031966,80,68.97080478534264,2,153,0,
2023-06-03 00:50:24.761461908,9.939938470029215,17.264701431044756,42.07975468085726,6,0.8493728318526599,0.03517877443846196,29.72230542922221,71.33677230001584,20,81.13734745681292,4,154,1,25.49683453575832
2023-06-03 09:36:11.276967076,14.44502751087828,25.791602744276723,54.215407558638674,6,1.0076979302904878,0.15832509843782794,31.190234311601774,71.930581729788,20,75.59764287864334,3,154,1,25.6926241119803
2023-06-03 18:21:57.792472244,6.904688445005268,7.663458721478482,18.149310547739375,6,0.9965375493973081,-0.011160380893179722,28.340506423627925,78.75461908256219,80,53.30471496597352,1,154,1,36.53702793944507
2023-06-04 03:07:44.307977412,9.313366638313763,19.82349569504391,48.20258396866993,6,0.9943276248283874,-0.0022099245689206626,26.980597150975136,71.11744228443733,40,83.14095617909732,0,155,1,32.21168884353666
2023-06-04 11:53:30.823482580,20.64343410584764,32.55802388422597,114.15186947781031,6,1.1324503346185173,0.13812270979012986,29.129804305193623,82.14782613416334,40,100.0,2,155,1,30.492784363651257
2023-06-04 20:39:17.338987748,0.560594284822177,6.713503575785566,23.228670424888293,6,0.4934517379359431,-0.6389985966825742,29.141204443638706,73.26517206959662,10,76.9126742748963,2,155,1,37.170948429468936
2023-06-05 05:25:03.854492916,4.364049328235958,13.60431930023561,45.752693966565005,6,0.6228068767859383,0.12935513884999517,30.69982147373939,77.35599016423619,10,95.08074647446992,2,156,1,23.854803287876408
2023-06-05 14:10:50.369998088,18.742378124340387,24.601547104745705,50.89896337465781,6,1.2958109578503163,0.673004081064378,27.315656709086216,85.30607150671365,20,92.81887813986263,4,156,1,21.443288824159566
2023-06-05 22:56:36.885503256,33.8365013149592,30.244327807676417,66.83625098043817,6,1.4175437784853209,0.12173282063500457,27.05536463325608,71.24192838644214,20,93.40763890330436,3,156,1,14.262808467403435
2023-06-06 07:42:23.401008424,10.751686683126012,18.79178746775904,31.16966482456838,6,0.5443209078492804,-0.8732228706360404,25.937002460340064,75.07999135393815,80,49.43824230822167,1,157,0,
2023-06-06 16:28:09.916513592,11.392942535296035,16.293054188254857,46.85168715954059,6,0.8811254568416005,0.33680454899232004,28.424542616676835,79.97015270963941,40,72.38275739658093,0,157,1,25.469475405730407
2023-06-07 01:13:56.432018760,1.7004200781099506,9.073490522471356,35.23664708610942,6,0.31733810656132677,-0.5637873502802737,24.23458099637731,79.41859561006062,20,72.46866314149575,3,158,1,42.22032795243965
2023-06-07 09:59:42.947523928,8.897148691253262,11.941448149876912,23.924917602867016,6,1.2342035756748149,0.9168654691134881,28.864724039484,72.98602203632095,40,58.61822733708962,1,158,0,
2023-06-07 18:45:29.463029096,11.409101985829349,31.132122830671243,95.04596126061423,6,0.8463696852538531,-0.3878338904209617,28.469623895500384,72.00425511592834,10,100.0,3,158,1,29.543381265290567
2023-06-08 03:31:15.978534264,4.1653920489097995,10.038085809803555,40.20670147702497,6,0.6513157460046854,-0.1950539392491677,28.445458138281143,73.38495580400354,10,85.45672779730435,3,159,1,32.85598403880339
2023-06-08 12:17:02.494039432,4.705119178178157,4.982172556209869,17.617150590377754,6,0.6955646560658891,0.04424891006120368,27.533092338752088,81.75257256225363,80,44.91904667431605,0,159,1,29.510617098548927
2023-06-08 21:02:49.009544600,7.10497477203708,10.754914191792341,36.946061214626326,6,0.6919170052228191,-0.0036476508430700605,30.30388287188718,73.08032347185028,80,58.84570060842438,2,159,0,
2023-06-09 05:48:35.525049768,0.30413041125471774,10.862630586167722,29.310511495974232,6,0.556702833793533,-0.13521417142928605,28.963158526047764,74.82892165280539,20,75.73043480867327,3,160,1,35.065139395586066
2023-06-09 14:34:22.040554940,5.830871418842037,18.637477180259747,54.30887341151343,6,0.8873576574116138,0.33065482361808074,25.986223467393813,72.26682334567329,40,70.03453503665189,1,160,1,44.03736442393614
2023-06-09 23:20:08.556060108,3.563354034354448,8.635835922733559,37.390242776837276,6,0.9628686316736803,0.07551097426206654,26.003187372257063,77.89083376728465,20,80.67703000096533,5,160,0,
2023-06-10 08:05:55.071565276,5.95123845347974,22.756467311870384,109.4299787324017,6,1.000091258551758,0.03722262687807776,25.403327163538336,75.1029747686535,20,100.0,2,161,1,23.911140860029924
2023-06-10 16:51:41.587070444,1.913446549271719,4.449299921732986,14.704498190701695,6,0.8784647059174728,-0.12162655263428523,28.246332803166794,69.27036322144008,40,60.9535567131139,1,161,1,33.712104788581925
2023-06-11 01:37:28.102575612,33.18119849914537,32.56031338209798,78.67053709296663,6,1.279903282185187,0.4014385762677142,25.1245420029078,69.40551912060046,20,100.0,2,162,1,24.64671168389862
2023-06-11 10:23:14.618080780,13.505982208193398,30.602072551769083,72.56203836956477,6,1.139612896332631,-0.14029038585255593,29.272620533502796,64.21864465989464,80,73.55831328000716,2,162,1,25.820400153697705
2023-06-11 19:09:01.133585948,17.04949436839547,33.56577663219393,71.58743930438051,6,1.2076968641015045,0.06808396776887338,29.732762290459057,70.01702430190787,40,88.86445812237892,2,162,1,22.335391633503548
2023-06-12 03:54:47.649091116,23.350635485666867,32.93666568628281,86.56510198824327,6,1.3665976249115124,0.15890076081000792,25.30972592373882,78.1052459414403,40,89.09777079562748,0,163,0,
2023-06-12 12:40:34.164596284,10.350546327733277,27.11025514644028,83.44610524336402,6,1.253359872146183,-0.11323775276532944,26.677567875365334,80.71613257916343,20,100.0,5,163,1,24.024172332305103
2023-06-12 21:26:20.680101452,1.363981417761838,2.208217199059071,11.474924505997711,6,0.5052039703874167,-0.7481559017587662,27.062777420463867,77.48686273156399,40,51.74178124871653,2,163,1,40.056255536244024
2023-06-13 06:12:07.195606624,11.553875449422339,26.100181330544753,46.34969564080336,6,0.9109786489830769,0.4057746785956602,28.778336658011714,76.79390167734817,80,64.93859586352924,1,164,1,26.36628507756626
2023-06-13 14:57:53.711111792,13.258845868070603,17.895344970632102,36.33842233307503,6,1.0509265265514658,0.1399478775683889,30.209856670265115,73.34970959044747,80,57.231165443316115,1,164,0,
2023-06-13 23:43:40.226616960,20.52324973212614,19.293132922332287,42.38443532727061,6,0.747755778352676,-0.30317074819878975,23.600949755034883,77.818441856114,10,86.1077450924473,4,164,1,31.229647801781983
2023-06-14 08:29:26.742122128,8.47551974074473,8.935754221666437,23.19639830159792,6,0.7114975272071233,-0.0362582511455527,26.31630310492689,75.33672019536995,10,86.1027779597255,3,165,1,28.714618021639605
2023-06-14 17:15:13.257627296,2.0472700009396836,5.864470829422675,16.086934443318782,6,0.5727505704559298,-0.13874695675119353,26.401326863885092,82.8889653699472,10,74.97280817732545,2,165,1,35.94315189428593
2023-06-15 02:00:59.773132464,5.006432703925558,6.856390254051828,36.7397250105964,6,0.4846208333576443,-0.08812973709828553,24.11268231501323,73.33581747868891,10,79.86950168040667,3,166,1,31.82231816149351
2023-06-15 10:46:46.288637632,6.766722382119351,9.694092561503796,16.555156615384515,6,0.9436871755287404,0.4590663421710961,25.92443015024745,80.5043407963918,20,53.8675114918521,3,166,0,
2023-06-15 19:32:32.804142800,15.573369174327926,17.37805537342195,48.84102038842522,6,0.7727998737521211,-0.17088730177661926,27.730782976038487,78.12106058376382,10,90.04528672207276,5,166,1,20.89660776209837
2023-06-16 04:18:19.319647968,12.686725818021293,17.40463299291771,64.01226331191714,6,0.9006062366168438,0.1278063628647227,26.298449255260095,77.38883055289922,10,100.0,4,167,1,15.557676472992451
2023-06-16 13:04:05.835153136,6.603101394777092,12.998843865328599,31.424116845461885,6,0.8206819116134214,-0.07992432500342239,23.747094113732462,63.61521627458547,10,92.00075076024925,3,167,1,31.066388957686456
2023-06-16 21:49:52.350658308,64.59293658254718,68.99940197862723,134.96250576794137,6,2.7525430637324395,1.931861152119018,32.56499899523931,78.27961500617751,10,100.0,4,167,1,1.0
2023-06-17 06:35:38.866163476,13.96249512700814,14.643709877462301,42.39030151419875,6,0.9235757143386151,-1.8289673493938245,27.329654578588215,72.95705780181393,20,79.32287618359247,3,168,1,32.29388652780925
2023-06-17 15:21:25.381668644,4.061917931351999,13.597777237120408,36.894656851655256,6,0.9044468498238862,-0.01912886451472884,27.001120801025895,71.33583260945063,10,86.12276304804752,4,168,1,31.574435258366254
2023-06-18 00:07:11.897173812,1.6101450693733028,18.44087450096224,42.148758559991904,6,0.856730725852514,-0.04771612397137226,24.562282294521665,66.10170483542194,40,64.4072185527481,1,169,1,44.736533183254636
2023-06-18 08:52:58.412678980,2.488324388847388,13.030492844196681,35.63127355421145,6,0.7047629274527432,-0.15196779839977081,27.259918955738264,73.44907759375052,80,53.071477418989005,0,169,0,
2023-06-18 17:38:44.928184148,4.234602740927114,7.835131606931144,39.2363951260693,6,0.44514068923316263,-0.2596222382195805,26.390420150777622,73.60545342181244,40,74.52394516003856,0,169,0,
2023-06-19 02:24:31.443689316,2.6274731243144105,12.503150110476946,42.8065377571794,6,0.3906647914101879,-0.05447589782297474,22.92211180158377,66.88330764495514,20,83.9227082354867,5,170,1,31.82588457037605
2023-06-19 11:10:17.959194484,3.097376181818706,3.7452241510844653,14.075485682443468,6,0.6207008454310561,0.23003605402086819,24.538928821922806,65.99247853943481,20,68.40318713387117,4,170,1,43.74946312431749
2023-06-19 19:56:04.474699652,5.034087723231698,5.978677680887862,15.278050186471724,6,0.5519291564929898,-0.06877168893806629,28.249543325237457,75.75247998041971,20,60.96329203493156,4,170,1,34.307648900337234
2023-06-20 04:41:50.990204820,2.856036504943305,5.736711752180581,12.334840822118828,6,0.7983400659569302,0.2464109094639404,30.527949037564795,77.63835313043472,80,46.6709364812293,2,171,0,
2023-06-20 13:27:37.505709992,34.061271740338725,40.29032094816803,90.04643002588844,6,1.7332999479081703,0.9349598819512401,27.354438202307914,74.19162933405576,10,100.0,4,171,1,19.345938925371993
2023-06-20 22:13:24.021215160,1.2545356888800023,3.488428945757713,19.701324349336303,6,0.5230528043477672,-1.210247143560403,28.806439158202743,78.95471845165383,20,74.06467563097081,5,171,1,38.30088428307442
2023-06-21 06:59:10.536720328,11.15118525169054,9.908774490364564,17.243373302446876,6,0.5905688651492027,0.06751606080143546,26.26889909683217,72.72889450623967,10,79.91456115490915,5,172,1,22.128090685643393
2023-06-21 15:44:57.052225496,7.924583347339535,9.32715548552984,23.867385471462992,6,0.8539103317235438,0.2633414665743411,26.387426756753804,72.849281784229,20,65.20753047523235,2,172,1,48.0
2023-06-22 00:30:43.567730664,60.5796324902388,69.95297438702806,166.48757233974314,6,2.2075325044480265,1.3536221727244828,28.72255909843685,68.49606194269188,80,100.0,0,173,1,11.46192730626233
2023-06-22 09:16:30.083235832,1.7824101854610734,9.083599619060582,27.466635610984085,6,0.4747914153136543,-1.7327410891343722,29.84621053731996,65.24010203015344,40,54.75249450964914,2,173,1,39.99835768645286
2023-06-22 18:02:16.598741000,7.608869906136457,9.432583587147228,36.41231279051852,6,0.5506200863511704,0.07582867103751612,29.102877562524178,82.27467902048379,40,70.85768730650727,0,173,0,
2023-06-23 02:48:03.114246168,52.33589496190073,64.72406370856474,150.45157725060062,6,2.1662583319356714,1.6156382455845009,24.347959892981425,78.61786733875086,80,100.0,0,174,1,12.899004062614873
2023-06-23 11:33:49.629751336,30.09366092952232,34.41888665090517,67.18138759264092,6,1.6801005519136107,-0.48615778002206067,26.326744133924933,65.95876099341845,10,97.39234159955807,2,174,1,17.971913998169928
2023-06-23 20:19:36.145256504,25.47994551054269,36.026849560019684,91.92785094828305,6,1.368859231766345,-0.3112413201472657,26.995661508535076,73.65998381832136,20,100.0,4,174,1,24.063667605488803
2023-06-24 05:05:22.660761676,4.474126253002569,5.7952253968771785,29.49338463669167,6,0.558791040543284,-0.8100681912230611,25.90118114384393,72.34084258619964,40,56.56255310758152,0,175,0,
2023-06-24 13:51:09.176266844,2.8109929917973133,18.103205910231548,40.420438485921444,6,0.43212893292921284,-0.12666210761407115,27.176152147686988,71.43091175589637,80,45.97834766132665,2,175,1,39.77341749796407
2023-06-24 22:36:55.691772012,16.56839398022675,17.60107434715357,44.37599273703492,6,1.1178035400220394,0.6856746070928266,28.021466085819547,70.7155356858886,10,86.84861523385916,5,175,1,20.362495160598577
2023-06-25 07:22:42.207277180,39.75577642439933,51.46124090405418,116.74769337332138,6,1.6536470163428032,0.5358434763207638,28.36578313298731,74.62667299299395,40,100.0,2,176,1,12.847749041255065
2023-06-25 16:08:28.722782348,12.204756328571133,12.647815940891434,62.820901741624596,6,0.8940768098119564,-0.7595702065308468,29.711731218850957,76.77085945617318,80,74.63173177486625,2,176,0,
2023-06-26 00:54:15.238287516,12.715913421878799,18.395665591228582,48.15472984979529,6,0.8674312011665337,-0.026645608645422647,25.660912463209904,74.65154519046017,20,84.41440535020173,5,177,1,25.97964367732869
2023-06-26 09:40:01.753792684,4.927125462159762,7.955681558948984,17.152506839790107,6,0.8457347687525727,-0.02169643241396102,23.571508928751744,71.99655864496478,80,49.043980716825786,1,177,0,
2023-06-26 18:25:48.269297852,22.01210637618133,24.073252689102567,62.55368164999366,6,1.1495273760089417,0.30379260725636903,26.995802214754438,71.77253246899546,10,96.20473270857892,4,177,1,25.67601790116873
2023-06-27 03:11:34.784803020,3.1061697321910624,3.0751152112370916,15.540508243262872,6,0.5810892758515818,-0.56843810015736,30.02669039532048,77.20220825051508,40,55.12019760142451,1,178,0,
2023-06-27 11:57:21.300308188,5.866317196788489,18.342851094643045,58.6857324091556,6,0.8979042843732922,0.3168150085217104,25.284829812998506,74.79478775639357,20,84.693233155232,4,178,1,25.30296683603397
2023-06-27 20:43:07.815813356,8.312168251047458,10.236563011886318,39.712663954789065,6,1.1899970315924495,0.29209274721915734,27.59216693690857,72.80039328073943,10,83.73146194224549,3,178,1,28.891224828077718
2023-06-28 05:28:54.331318528,10.627274439670478,20.273962344499843,49.23823176298954,6,1.0929744983101188,-0.09702253328233068,27.589634624089896,72.21677959028868,80,61.65061874655848,2,179,1,23.595826400649088
2023-06-28 14:14:40.846823696,4.164188753544088,15.914044717516003,62.57195073990401,6,0.72470300097632,-0.3682714973337988,26.560676153632144,74.0819366659473,40,81.65853729543369,2,179,1,36.37447292397401
2023-06-28 23:00:27.362328864,1.8297490821620317,7.90578207913194,34.44410294872242,6,0.6162924005576177,-0.10841060041870232,26.171269841578702,69.97309735618529,40,64.3588588772402,2,179,1,29.899004971954703
2023-06-29 07:46:13.877834032,14.147994861440349,21.617332508102976,58.679695989111735,6,0.8941613302449498,0.2778689296873321,24.29017000702515,76.38175092347691,10,97.722334647431,3,180,1,29.39926108996071
2023-06-29 16:32:00.393339200,5.108450526548126,14.183676245468037,27.002897509429115,6,0.5540066322817038,-0.34015469796324604,21.55329232906683,66.85394013862663,20,76.97602280927151,5,180,1,34.39377952656305
2023-06-30 01:17:46.908844368,13.056796024386653,17.228473010965587,65.7658018872693,6,0.8228704931841244,0.26886386090242065,23.872483510868964,70.13508729956163,10,100.0,5,181,1,32.09863023306549
2023-06-30 10:03:33.424349536,2.514971291560197,15.361331823215997,72.42501761775289,6,0.5494829513209754,-0.27338754186314906,25.295125829841453,75.20699873335982,40,79.54267565393698,1,181,0,
2023-06-30 18:49:19.939854704,9.841820670427913,11.537148576391974,28.84917731384251,6,0.9428815759316551,0.39339862461067976,28.250109819424623,66.44611482238705,40,67.24185626492745,2,181,1,30.367689823660584
2023-07-01 03:35:06.455359872,11.408208721936168,18.267809741386458,51.712517395144744,7,0.6966033002787907,-0.24627827565286442,25.828520108436695,64.20450975303139,40,77.1855069401138,0,182,0,
2023-07-01 12:20:52.970865040,0.79821977185682,11.115607999872411,23.55738850952178,7,0.8937625877118693,0.19715928743307864,24.976218415633927,72.34392808408666,20,73.42199174562246,4,182,1,37.64103204058124
2023-07-01 21:06:39.486370212,6.155754020706349,9.279155360798967,41.62752561930763,7,0.8663159107458825,-0.027446676965986794,24.211774781708325,63.50520055899802,40,73.94295609733236,1,182,1,32.70361559217546
2023-07-02 05:52:26.001875380,2.165239902478974,5.1715096979642725,31.076795786883604,7,0.5991202409027558,-0.2671956698431267,27.28681568694962,65.45239028960201,40,67.82160552998153,2,183,0,
2023-07-02 14:38:12.517380548,0.9820838815878732,5.770062257149976,12.929943158196167,7,0.5774060224962709,-0.02171421840648491,28.669359639940502,75.68826120669075,10,76.60861504145461,3,183,1,37.169665362802895
2023-07-02 23:23:59.032885716,69.01801967092987,92.41940514076843,186.0184292339613,7,2.6930981829033716,2.1156921604071006,28.058941301758693,70.84021342801887,40,100.0,0,183,1,1.0
2023-07-03 08:09:45.548390884,5.836950337791304,26.33119160202079,42.56066979723587,7,0.9340678050455868,-1.7590303778577847,27.123777443537374,78.2503908365858,80,54.85549116710816,0,184,0,
2023-07-03 16:55:32.063896052,24.901059206548478,28.591822145792026,79.71728181963101,7,1.5015578982306077,0.5674900931850209,22.939644733847082,65.75766874853865,10,100.0,4,184,1,15.80393211283184
2023-07-04 01:41:18.579401220,4.408332514401021,12.146734036398419,31.660154554143638,7,0.5690026982008418,-0.9325552000297659,25.166898281938458,71.27073170709058,40,70.66674910046265,1,185,1,33.88000139638174
2023-07-04 10:27:05.094906388,17.162120265305273,37.862036991509136,83.771605432335,7,0.9151843574374507,0.34618165923660893,29.744216486938193,73.69713882435649,10,100.0,4,185,1,31.868736868934295
2023-07-04 19:12:51.610411556,21.42099334242313,18.003020383005385,32.97373017322438,7,1.2490937216498654,0.3339093642124147,28.072855357409495,65.80533409651355,10,90.27648025666839,2,185,1,24.546976160907995
2023-07-05 03:58:38.125916724,13.581698912537096,16.735938182183425,42.24310640387941,7,1.0038665549213364,-0.24522716672852907,22.733279727046625,76.77538184953026,80,61.97033534962406,0,186,0,
2023-07-05 12:44:24.641421896,9.567849660679077,19.612845944044473,50.74036675023219,7,0.6634456923657904,-0.34042086255554593,25.6764227154564,74.12860193954008,10,100.0,4,186,1,20.363172069144625
2023-07-05 21:30:11.156927064,7.961367202580666,21.370730917616818,48.88703111159427,7,0.7262563790449579,0.06281068667916745,26.4931043970519,63.487379630022474,10,89.40596127763091,3,186,1,32.55519410937319
2023-07-06 06:15:57.672432232,6.435649525559622,22.28566951553094,46.09462858639662,7,0.6797488308564736,-0.04650754818848424,24.22188091046526,71.3036866919924,20,89.75961374023186,4,187,1,26.704515822948153
2023-07-06 15:01:44.187937400,39.78834072331171,40.8167886068089,83.38022555007316,7,1.5590282467274736,0.879279415871,21.10706699701426,73.38073376095707,40,97.54509524105791,2,187,1,10.25658780342899
2023-07-06 23:47:30.703442568,26.63410606712697,25.631115228271064,45.08542122482897,7,1.2242567228170125,-0.33477152391046117,25.902387595548884,68.45919564339177,20,76.49126504126258,5,187,1,22.661877267187865
2023-07-07 08:33:17.218947736,50.29764584123538,46.145288182685704,102.18806557267868,7,1.9140963377954152,0.6898396149784027,24.108475082396076,63.96865866772984,40,100.0,1,188,1,9.80374610440661
2023-07-07 17:19:03.734452904,1.990928127541583,3.912768453609966,25.198951831860015,7,0.4487875160732393,-1.465308821722176,24.0955482023097,72.71875730819518,10,82.38427625474706,2,188,1,30.895654282519647
2023-07-08 02:04:50.249958072,19.688270451907613,20.387780542920837,46.132593807109686,7,0.946010450567375,0.4972229344941357,24.93309939867602,82.34113498848788,40,70.03338680795952,0,189,0,
2023-07-08 10:50:36.765463240,41.79190897891861,50.270720259026476,126.44292888379029,7,1.7927885133847608,0.8467780628173858,25.354325447202356,69.30843405723552,10,100.0,3,189,1,3.136033414295765
2023-07-08 19:36:23.280968408,2.999337145511965,3.9897210344366645,9.156303497209123,7,0.6334222602265183,-1.1593662531582425,25.58271793110871,79.04797294502372,40,49.524083393017975,0,189,0,
2023-07-09 04:22:09.796473580,1.0321547620874532,14.395667073062246,66.9846951251767,7,0.6013404586994026,-0.032081801527115705,23.81209941414716,67.39871431517498,10,100.0,5,190,1,31.17590464719583
2023-07-09 13:07:56.311978748,20.270897297829332,21.90799275119581,84.63114368931161,7,1.356231278136805,0.7548908194374025,25.118845660591614,72.1962576147693,40,96.38477819095858,1,190,1,20.690232493915325
2023-07-09 21:53:42.827483916,12.816407162980047,18.961556127150374,49.03575410188746,7,1.047561247415262,-0.3086700307215431,22.023593667553772,74.93449347109917,40,73.46432464806287,0,190,1,35.965483324482896
2023-07-10 06:39:29.342989084,27.66115711982217,33.10818846733352,120.74438347989881,7,1.0661358556980396,0.01857460828277757,26.139684773851645,70.99314495637414,40,100.0,0,191,1,20.965131589428793
2023-07-10 15:25:15.858494252,2.258373696212889,4.948948836411324,36.51279026799062,7,0.6994025153711417,-0.36673334032689786,19.784212963237838,69.50484933543414,10,92.98269552346599,2,191,1,37.817019575815664
2023-07-11 00:11:02.373999420,23.790751665478023,20.616397435416008,61.59126301105398,7,1.3030878041808371,0.6036852888096954,24.896932053857366,74.58246203620106,40,81.56883129865872,1,192,0,
2023-07-11 08:56:48.889504588,3.377696596005344,27.358850772002224,58.78090084566556,7,0.7541954460152908,-0.5488923581655464,27.293424590987225,80.36738014361273,10,95.77878230358176,4,192,1,41.48121922709555
2023-07-11 17:42:35.405009756,2.68072798448277,15.130986661968539,30.07838644269858,7,0.4058849088487097,-0.34831053716658106,23.315502988347813,72.37130334899058,20,77.24446378542751,2,192,1,29.901242558423988
2023-07-12 02:28:21.920514924,2.6916698483992603,6.931641694059918,15.041308435559719,7,0.6247631657908116,0.2188782569421019,26.846169226223303,68.24631675516527,40,59.95557775607417,1,193,1,43.54838800526197
2023-07-12 11:14:08.436020092,25.276549238460127,31.907271844122917,77.67731771738747,7,1.3230619729139828,0.6982988071231712,27.703891442433523,69.83609425008507,80,82.20838081044528,2,193,0,
2023-07-12 19:59:54.951525260,16.413204585239534,36.38745881462219,86.523624858761,7,0.9678094325443738,-0.35525254036960896,18.75573642240511,83.34161088302665,80,87.58882877939169,0,193,1,31.092509812244927
2023-07-13 04:45:41.467030432,11.105639345190665,14.281165127312885,35.44599024759869,7,0.5746805949249552,-0.39312883761941864,25.047914306155153,71.37581580830391,10,80.91217226419323,2,194,1,20.198377182436495
2023-07-13 13:31:27.982535600,6.666921025171022,7.307763351522988,20.90413810857093,7,0.6889053447279625,0.11422474980300734,19.578190887543663,67.68740699271056,80,47.90242282745675,2,194,0,
2023-07-13 22:17:14.498040768,31.458040009414987,37.30411406518091,87.97910572666831,7,1.4555865024299444,0.7666811577019819,25.07241269173503,64.89231958334113,10,100.0,4,194,1,16.260034054405054
2023-07-14 07:03:01.013545936,7.474691245461674,29.546629030353618,68.57977000769714,7,0.8615070421482909,-0.5940794602816535,25.273573578672078,61.44632653070643,10,100.0,4,195,1,31.96692213540066
2023-07-14 15:48:47.529051104,25.441239942721044,28.026125402834303,55.87805978416014,7,1.2724039059334518,0.4108968637851609,20.301909391445125,72.35191609576455,80,66.87747265217799,1,195,0,
2023-07-15 00:34:34.044556272,8.674123216708207,11.59475072636525,59.50068855714349,7,0.5688746968337528,-0.703529209099699,29.0957507622148,73.76535804023264,80,71.90441463205882,1,196,0,
2023-07-15 09:20:20.560061440,7.096793487266057,28.226907525856657,81.0243221632513,7,0.8372408224306649,0.2683661255969121,25.797178007632994,68.46681188490146,20,93.13376734067486,2,196,1,31.218900066667864
2023-07-15 18:06:07.075566608,9.317415898494039,12.231742392163383,34.93030450651359,7,0.9153307480143842,0.0780899255837193,23.506167929468862,70.3335774971111,10,94.47005650172206,3,196,1,36.47771924832577
2023-07-16 02:51:53.591071776,5.37967913145963,6.964086085493536,23.78580375555041,7,0.6072404274138702,-0.308090320600514,28.11403846436915,64.5142506723011,80,45.92120605467883,2,197,0,
2023-07-16 11:37:40.106576944,20.65165969405409,29.108089400080452,78.49889944350481,7,0.8697195935233759,0.2624791661095057,21.5711147658691,70.98932473844498,20,100.0,4,197,1,27.124603054597163
2023-07-16 20:23:26.622082116,10.47904223543394,23.46158972101008,54.338013074443225,7,0.8496582863740654,-0.020061307149310537,22.68305788757011,72.69027651204912,20,87.75875739168431,4,197,1,21.86877263408381
2023-07-17 05:09:13.137587284,3.9636379649559785,8.044693673601781,47.967476072227136,7,0.44568800333376524,-0.40397028304030014,20.521545172070347,67.5650911029821,10,93.03652414848267,4,198,1,36.85620517035608
2023-07-17 13:54:59.653092452,34.47509774325875,69.62042697712468,156.6128868062477,7,1.939133483928768,1.4934454805950028,28.701600762365167,78.65128408650219,40,100.0,2,198,1,7.617539735720692
2023-07-17 22:40:46.168597620,7.264976135380669,16.266543051944435,38.7265957312525,7,0.8717324339031428,-1.0674010500256252,25.743255514939534,65.9715939102565,80,56.1729828190456,0,198,1,30.940932076490483
2023-07-18 07:26:32.684102788,11.764235732666451,11.923572819819691,42.33876940326748,7,0.5227655178343198,-0.348966916068823,26.376417375024616,71.53261061075017,80,67.64536558613759,2,199,0,
2023-07-18 16:12:19.199607956,35.542434130644395,71.19104879764906,112.24888599665506,7,2.074561764705816,1.5517962468714963,25.638666274934348,74.31491371271782,80,96.18750717008875,2,199,1,18.1281414550104
2023-07-19 00:58:05.715113124,14.68198955785996,20.871114873445954,57.750555379062746,7,0.7799136796359472,-1.294648085069869,26.163248697426376,69.6449788495275,80,62.52917003776527,1,200,1,36.04662894546986
2023-07-19 09:43:52.230618292,1.8647192378666961,4.701054060885622,9.104679975828661,7,0.8961413834626605,0.11622770382671332,25.150917695082715,69.047140440109,80,42.632538977740126,2,200,0,
2023-07-19 18:29:38.746123460,42.159250258983135,55.18074990629319,90.85815819860846,7,1.885237251342471,0.9890958678798106,25.51565413682137,62.80329215056467,80,86.07077423531892,1,200,1,13.060804081196192
2023-07-20 03:15:25.261628628,14.821153934022393,16.439094702168106,35.59727637985872,7,0.7115353259942965,-1.1737019253481746,25.16806796777728,76.69242966924418,20,82.287664597156,2,201,1,25.49085959247919
2023-07-20 12:01:11.777133800,6.117394733269641,7.2630906699400715,17.315282423498154,7,0.4665815872262573,-0.24495373876803916,23.714727955765667,69.01435712547047,10,75.63454260916305,4,201,1,33.16603099929422
2023-07-20 20:46:58.292638968,2.249652309246387,2.054874163807434,19.573146663177837,7,0.635160846180471,0.16857925895421366,24.817713703519985,72.50875359257277,20,67.09769055256619,5,201,0,
2023-07-21 05:32:44.808144136,23.700020935204,25.24509766738642,71.88174273206694,7,1.1481914173982688,0.5130305712177978,25.437205610793338,73.14363536784067,80,76.05803200177048,1,202,1,23.838841454854823
2023-07-21 14:18:31.323649304,14.516632613442784,26.28415917574306,52.81547669155533,7,1.033843462102658,-0.11434795529561081,25.090169864746326,66.59665079119536,10,100.0,4,202,1,22.31824894747182
2023-07-21 23:04:17.839154472,11.436207870735423,17.084197615961525,73.70912106488413,7,1.2221221801137316,0.18827871801107365,21.892584870300883,68.70861515015896,80,70.01078785446191,2,202,1,34.28376483739418
2023-07-22 07:50:04.354659640,33.64954995804668,86.25727501854256,150.01293320549954,7,1.895714936500544,0.6735927563868123,22.13721587525112,76.3267901786534,10,100.0,3,203,1,11.78064343558681
2023-07-22 16:35:50.870164808,23.30985020544108,28.931041434988252,65.95127880709843,7,1.2674999899978454,-0.6282149465026985,26.971935241110888,64.02651641785398,20,90.65532675290595,3,203,1,20.748559631141053
2023-07-23 01:21:37.385669976,2.4673698018951136,4.560744365778406,13.511807393385928,7,0.8789237371702969,-0.3885762528275485,24.171330844072713,80.21022824546532,10,75.13374078795053,4,204,1,31.74912450444231
2023-07-23 10:07:23.901175144,5.603438270937007,7.435409039509528,26.781199789947625,7,0.7405255509071155,-0.13839818626318146,25.933839961765827,65.80441460900653,20,83.39847862062257,4,204,1,35.241864137500855
2023-07-23 18:53:10.416680312,4.285044278232569,5.682979043075334,22.209347985798164,7,0.3212101289238035,-0.41931542198331195,22.559223916872206,63.58934018943143,80,50.122327870141454,2,204,0,
2023-07-24 03:38:56.932185484,20.435520928026172,21.220145051385977,66.18676717128464,7,1.2219896714208107,0.9007795424970072,21.77625095581857,70.10663052166593,10,100.0,5,205,1,23.400166758577818
2023-07-24 12:24:43.447690652,0.511613097867569,12.317124079803907,50.88286294643937,7,0.40080293119870164,-0.8211867402221091,23.014433328338303,80.44499442850281,40,79.03600065923642,2,205,1,37.03847455814433
2023-07-24 21:10:29.963195820,12.655703345792144,29.35702760236281,62.16934529894033,7,1.328045848686064,0.9272429174873624,24.235585494882816,59.80660159489027,40,75.18455307897763,1,205,1,22.246603561092055
2023-07-25 05:56:16.478700988,21.56120573789668,50.08265537549637,121.69716764932866,7,1.2674771475133018,-0.06056870117276225,23.329529726760917,68.61454205821101,20,100.0,3,206,1,22.66938178724834
2023-07-25 14:42:02.994206156,31.405010165789072,32.5565280362821,114.66517313533191,7,2.0475673852277354,0.7800902377144336,27.226778033373392,71.6591470606067,20,100.0,4,206,1,17.395404081229078
2023-07-25 23:27:49.509711324,6.280118903176391,21.420604383631925,58.58230777608786,7,1.1332836195653826,-0.9142837656623528,24.977064591940316,69.40428577040845,20,83.87342292580135,2,206,1,27.40383939598511
2023-07-26 08:13:36.025216492,25.827119453115046,24.850172117069953,48.43354534741718,7,1.1057215963074045,-0.027562023257978074,28.2950089343955,71.10387174455862,20,75.89585790085346,5,207,1,24.72303338950777
2023-07-26 16:59:22.540721660,1.7586582764816603,2.689486051087036,25.066397829363645,7,0.5660707870408257,-0.5396508092665788,25.38506878723798,65.56233954732892,80,57.664009988902805,2,207,1,41.724975835772284
2023-07-27 01:45:09.056226828,28.106159358175315,47.93336765731759,102.31435704931071,7,1.6921857200633748,1.126114933022549,19.730279065085668,66.11215217219367,40,96.0600448557774,0,208,1,13.318644287579504
2023-07-27 10:30:55.571731996,2.045694457921063,9.499695938556421,18.867892877362294,7,0.7926429433893271,-0.8995427766740477,26.646599942138515,68.32692022264682,20,65.57135906025918,4,208,1,30.784243848694032
2023-07-27 19:16:42.087237164,7.594719468147965,9.652557592634132,25.623816765484836,7,0.8368872172845401,0.044244273895213015,21.4945576853657,63.377881421097456,10,92.6837741581889,3,208,1,28.823595499114152
2023-07-28 04:02:28.602742336,23.940080449897348,29.673098609369198,77.52732945559003,7,1.525964402484861,0.689077185200321,24.95388100477921,68.76219533351211,10,100.0,5,209,1,23.083679972505543
2023-07-28 12:48:15.118247504,2.4363268488062424,5.396655483245425,18.758753340515135,7,0.5780993024817052,-0.9478651000031559,22.92260720007518,67.00022416244823,80,43.09794646322295,2,209,0,
2023-07-28 21:34:01.633752672,3.9058953366712643,14.418535971205229,32.32333896017508,7,0.648959732730271,0.07086043024856581,28.736568300245356,66.55206653685963,20,73.86317876771794,3,209,1,19.081985345103906
2023-07-29 06:19:48.149257840,19.215646464673583,24.258099455674078,99.26828184804198,7,1.0575211262652904,0.4085613935350194,27.309522638668714,70.46318563061008,10,100.0,2,210,1,22.527964041355737
2023-07-29 15:05:34.664763008,19.09644257987542,54.31322465709876,124.69912260329592,7,1.5967357445629213,0.539214618297631,22.925876055014125,59.71573721083877,20,100.0,2,210,1,16.78532203960352
2023-07-29 23:51:21.180268176,15.372663131060861,18.244621468653683,48.44274465346549,7,1.0629356853682832,-0.5338000591946381,24.13400292426711,67.6319860041029,10,88.42809684011817,3,210,1,27.879019997107157
2023-07-30 08:37:07.695773344,17.760025636314253,20.3351707833433,55.024434615019715,7,1.1168089536977692,0.053873268329486024,24.85712605456471,80.32262865860685,80,75.06218892966952,1,211,0,
2023-07-30 17:22:54.211278512,11.737036517934573,15.855774730745674,64.14819961916542,7,1.0523453275175847,-0.06446362618018453,26.07398081080597,63.263756903737374,10,100.0,5,211,1,25.438185302930382
2023-07-31 02:08:40.726783680,4.351255488891149,8.745576187106025,21.397904751051332,7,0.26427039007811226,-0.7880749374394724,24.384690707208243,75.0802762475385,20,73.6247960965716,4,212,1,41.90086217146646
2023-07-31 10:54:27.242288848,6.362747906898951,10.041629313717937,28.80305127977509,7,0.7896850160501885,0.5254146259720762,22.25584312572914,68.88454645354524,20,73.71539975709487,5,212,1,35.62850326998529
2023-07-31 19:40:13.757794020,3.0060191177479774,13.166845958563197,38.62770132959822,7,0.7355026197153347,-0.05418239633485378,22.849773879471154,65.55499327133542,80,60.76112540909479,2,212,0,
2023-08-01 04:26:00.273299188,35.863142089854776,45.769591866199846,127.89126850263655,8,2.0087203767192348,1.2732177570039,24.255198354122285,61.9251155961027,40,100.0,0,213,1,11.333350393465233
2023-08-01 13:11:46.788804356,13.134135819548979,34.480095654416715,55.34992066804027,8,0.8017660764824133,-1.2069543002368215,26.712359612990113,69.18530113734762,20,82.69346526129347,4,213,0,
2023-08-01 21:57:33.304309524,7.683684892185336,19.837243758193647,95.9891829161164,8,1.1634834619009948,0.36171738541858156,25.07841836842715,75.7124708237835,40,99.31877144064812,1,213,1,21.550126399755992
2023-08-02 06:43:19.819814692,9.298612594817449,22.13788803399126,53.424938018136004,8,0.9224329580211946,-0.2410505038798002,22.65522343282481,66.45805084612586,20,90.19268057610746,5,214,1,30.414631380329865
2023-08-02 15:29:06.335319860,44.142356054958164,58.625623146289044,95.78793170067206,8,2.0669012586940627,1.1444683006728682,25.47812349023602,67.95794874594901,80,95.61795258225733,1,214,1,8.502067264246811
2023-08-03 00:14:52.850825028,2.4970432519275105,15.322510136939176,32.053162076979724,8,1.0383497239298172,-1.0285515347642455,23.386747278893935,73.37328816425217,10,95.76603593749867,3,215,1,28.456892788043817
2023-08-03 09:00:39.366330196,13.236669136628311,13.658016185449405,30.42758619184466,8,1.013465798188175,-0.02488392574164222,25.920886724687996,69.98449538536003,40,65.56309208083114,1,215,1,24.003807858215563
2023-08-03 17:46:25.881835364,10.57491661189766,14.788318633358164,45.926290614987586,8,0.9394551764640471,-0.07401062172412787,29.173460406965134,60.377500241992955,10,98.65634005592946,4,215,1,27.903771507949607
2023-08-04 02:32:12.397340532,14.180164770046092,18.3935303200508,79.11132160089345,8,1.0159968357618934,0.07654165929784629,23.38117114497821,68.69208385300654,80,66.204821133589,1,216,1,26.885041964487563
2023-08-04 11:17:58.912845704,0.2741427060974585,4.947578022171667,17.972016408647278,8,0.4582630073447905,-0.557733828417103,25.68143434540198,75.71762260522645,80,56.74742275120721,0,216,1,36.318152934306994
2023-08-04 20:03:45.428350872,30.850402838110448,35.331131953454026,118.92707027977917,8,1.4646215513946708,1.0063585440498803,22.5668536851692,67.93057476615182,80,95.83411683128557,1,216,1,1.0
2023-08-05 04:49:31.943856040,40.349828050368785,65.32098550095598,184.49432165527185,8,1.8171038627923857,0.3524823113977149,23.81254568376978,54.36669928891787,20,100.0,5,217,1,12.352384073028938
2023-08-05 13:35:18.459361208,12.490731959150963,13.322489177632292,38.42059253079539,8,0.8741261510742457,-0.9429777117181399,24.075647567526904,69.97412094552077,20,81.41581868723279,2,217,1,24.231159595755173
2023-08-05 22:21:04.974866376,17.893061107889373,16.323167024432948,48.06862538597673,8,0.5539067529910977,-0.32021939808314803,23.60862271686032,66.99969787617798,20,83.26710085641079,4,217,1,31.538570829984955
2023-08-06 07:06:51.490371544,38.36204036768439,45.017144143163755,117.97099246089985,8,1.8032201622988353,1.2493134093077376,28.901502085711854,58.805477346717524,20,100.0,5,218,1,13.260351477418965
2023-08-06 15:52:38.005876712,18.425961800887773,17.365994585725296,51.950516636673854,8,1.0178317311182832,-0.7853884311805521,23.34179121826488,59.51391428497437,40,83.91372315946765,1,218,1,18.578856906437945
2023-08-07 00:38:24.521381880,2.4826576368618256,3.7965150567048616,7.3510974003849086,8,0.5203775559709323,-0.4974541751473509,25.10820145278328,72.74453246687114,80,41.754448473462595,0,219,0,
2023-08-07 09:24:11.036887048,12.880532247788402,16.38034100352596,44.58767372850085,8,0.9653656717790563,0.44498811580812403,20.053864351853434,64.1661624530252,40,66.85921778174766,0,219,0,
2023-08-07 18:09:57.552392216,13.998312855510225,21.388023743710004,47.350376428683376,8,0.7071337099542164,-0.2582319618248399,24.75758999945546,63.249711841752514,20,92.74250750083445,2,219,1,27.630623836303663
2023-08-08 02:55:44.067897388,8.278117558842316,11.74111809918648,49.666332888491205,8,1.1688275314929677,0.46169382153875127,26.157284265465414,67.56815735686351,10,97.46698752926899,3,220,1,27.716686952773625
2023-08-08 11:41:30.583402556,20.002354558250882,35.81982407799596,108.15569740419565,8,1.2376918396474572,0.06886430815448952,22.797578388034733,64.48453115478598,40,100.0,2,220,1,32.60636819005766
2023-08-08 20:27:17.098907724,40.855153286437115,49.81928640449617,115.59464820073137,8,1.7861270431792662,0.548435203531809,18.811946926142284,68.16502555533494,10,100.0,2,220,1,15.206426667117967
2023-08-09 05:13:03.614412892,38.96814319581176,40.75898359535388,92.48741428564318,8,1.4938734578431896,-0.2922535853360766,23.73472630605455,66.61045954023504,20,99.62573518275441,4,221,1,8.155259443014344
2023-08-09 13:58:50.129918060,8.990464444554265,10.41859961547707,35.751364436455006,8,0.7887845615357083,-0.7050888963074813,23.826057037919693,61.58340077382906,40,71.1026055770119,2,221,1,41.57393379152136
2023-08-09 22:44:36.645423228,1.8026805682767628,4.333814165173264,22.43293909022189,8,0.856783731071924,0.06799916953621565,25.219520147161337,64.98675109853855,40,56.29672921569817,0,221,1,34.152435317024114
2023-08-10 07:30:23.160928396,62.8376098368106,78.81781025830871,132.22301345603185,8,2.7521135412057056,1.8953298101337817,27.772878396867164,69.71591125862611,40,100.0,2,222,1,1.0
2023-08-10 16:16:09.676433564,27.385771662276646,27.325991562823244,77.08759854797569,8,1.4918628991018767,-1.2602506421038289,22.9706892334308,67.67118327045594,10,100.0,5,222,1,27.994835179149987
2023-08-11 01:01:56.191938732,1.997189395755951,1.875498324542789,8.58837714280434,8,0.6679785614940013,-0.8238843376078755,21.997966780120578,67.01137364292312,20,56.20586954823689,5,223,1,33.466020671305344
2023-08-11 09:47:42.707443900,38.04461911444914,51.684534890995586,118.55764885186002,8,1.7060292256864167,1.0380506641924154,21.356476557330396,77.06754552604349,80,95.21477197812108,2,223,1,13.378091303631408
2023-08-11 18:33:29.222949068,30.59135896840295,32.43059954784587,79.72341751872764,8,1.1461005414391772,-0.5599286842472395,24.066261521797344,70.99539620239597,80,90.88764526015932,0,223,1,12.270983762233278
2023-08-12 03:19:15.738454240,10.973270789529739,12.3660858706956,28.76536627793036,8,0.8029185201242237,-0.34318202131495346,24.608628282863297,71.5620458545593,20,75.574570163171,2,224,0,
2023-08-12 12:05:02.253959408,13.420706802436124,14.679545821956339,54.34011902400772,8,0.8680353013615504,0.06511678123732667,22.538448158217154,66.42967585491003,40,76.2920788386891,1,224,0,
2023-08-12 20:50:48.769464576,7.637472651135203,28.843568018101987,105.37425000014446,8,1.1509440211379722,0.28290871977642185,25.16698767831022,68.31997032547365,80,100.0,2,224,1,26.454960627324382
2023-08-13 05:36:35.284969744,0.8447722386494069,15.672405593543601,37.57194623702179,8,0.7354975892003882,-0.415446431937584,24.520277992167596,65.02351972943002,40,66.80479656816505,1,225,1,34.54487891687739
2023-08-13 14:22:21.800474912,6.123973294511117,15.346991754961602,39.220684637547166,8,1.0984116890205482,0.36291409982016,23.655885634369316,71.0265933377797,20,79.15324050892798,4,225,1,27.962301728645457
2023-08-13 23:08:08.315980080,24.35711866599268,27.840284044941768,61.85948921681102,8,1.5050429217769064,0.40663123275635815,21.74453034771182,66.54672005790493,10,100.0,3,225,1,19.96702203925426
2023-08-14 07:53:54.831485248,0.06964176099514327,5.575640307637494,24.564322456399893,8,0.4658501163954587,-1.0391928053814476,22.565594162170992,68.17053433093366,40,60.2784822351182,0,226,1,33.85420553709143
2023-08-14 16:39:41.346990416,6.085708448852531,34.5702218705586,77.65557246231128,8,0.608390548358663,0.14254043196320432,18.64980102333792,67.82167974818186,10,100.0,4,226,1,37.72495549182722
2023-08-15 01:25:27.862495584,7.616671422820172,32.403184710190885,69.20480222994648,8,1.2534803223466087,0.6450897739879456,23.960900745632866,66.88781882744632,10,93.33361903816966,5,227,1,26.933626113054025
2023-08-15 10:11:14.378000752,11.563245361858227,12.035665873569643,64.60292607936479,8,1.12349861061901,-0.12998171172759876,23.522050717126152,81.62967661504142,20,87.61897147276859,5,227,1,23.195103137693742
2023-08-15 18:57:00.893505924,37.85888214229563,44.068800679658466,104.25654650501582,8,1.4246233314620518,0.30112472084304187,23.82639451848922,63.56577668514688,20,100.0,2,227,1,8.374993568284314
2023-08-16 03:42:47.409011092,6.377656663361852,7.9404598038081184,37.38272332407928,8,1.0088057352708184,-0.4158175961912334,24.438170188354743,63.480506663657785,10,89.48419513938269,5,228,1,29.404828298621975
2023-08-16 12:28:33.924516260,6.3915972893774295,8.147492086328565,16.95011720137602,8,0.7857303007693378,-0.2230754345014806,24.181298324715794,70.28979443776149,10,75.42276727204913,5,228,1,36.78182480916797
2023-08-16 21:14:20.440021428,20.062634274983484,31.253187087969145,78.0422327958174,8,1.245921656004492,0.4601913552351541,23.16904010788517,63.80376794297858,80,89.81121145219468,1,228,0,
2023-08-17 06:00:06.955526596,9.028166602385092,11.915453104600696,27.513083255592072,8,1.1226745139431742,-0.1232471420613177,23.46732194402835,65.28293990866122,80,48.46839697662201,0,229,1,34.339658856326864
2023-08-17 14:45:53.471031764,3.8157371055408804,23.745869871849003,51.858034403101584,8,1.0827104754754306,-0.039964038467743546,20.541561032039,61.26833296408458,20,92.93225063583782,2,229,1,39.05840096387464
2023-08-17 23:31:39.986536932,9.034235258642326,10.847892266687726,28.844179513963667,8,0.9194298182387646,-0.16328065723666607,22.162989548484564,69.11865127673975,40,65.52085453261958,0,229,0,
2023-08-18 08:17:26.502042100,2.277298828970806,7.945606129933077,20.219532357023258,8,0.7196454510411436,-0.19978436719762094,23.411639235358102,69.14268047840312,10,84.14363635707358,2,230,1,42.892142749474516
2023-08-18 17:03:13.017547268,2.910817548121451,21.582090637555105,61.96544087735617,8,0.897316115444052,0.17767066440290835,21.81928592446734,65.0060258529669,40,84.71281841235744,1,230,0,
2023-08-19 01:48:59.533052436,10.348320642042264,27.763559698713586,50.30790663312859,8,0.9045905230514759,0.007274407607423927,24.991620622467813,70.11672150384581,10,84.06277566500222,4,231,1,22.777511608390075
2023-08-19 10:34:46.048557608,8.143143243840106,8.779119860019732,29.333776138076384,8,0.7396337735305353,-0.16495674952094064,21.934411174802925,57.21272560475801,20,74.60912467415541,4,231,1,24.549835821511913
2023-08-19 19:20:32.564062776,36.94939102879219,46.767791767831426,149.4481252308337,8,1.5262023073352498,0.7865685338047145,23.664673161656406,62.92985767074783,40,100.0,1,231,1,11.170351575576698
2023-08-20 04:06:19.079567944,6.750518745595924,12.96033720677849,30.292461977382956,8,0.6980057918319197,-0.8281965155033301,23.445611696051735,65.57506483378748,20,69.48134051523515,2,232,1,36.84078378162017
2023-08-20 12:52:05.595073112,13.033535756779079,16.597100736585563,40.21081946824159,8,0.8533149467676505,0.15530915493573083,24.685484997530626,60.52444713610485,10,92.40353992020015,4,232,1,29.570984556868567
2023-08-20 21:37:52.110578280,15.005861587767722,41.929835094229425,101.636013296324,8,1.0923545087733157,0.23903956200566523,24.97499331414454,57.60325674508226,20,100.0,4,232,1,29.697937575295953
2023-08-21 06:23:38.626083448,0.19771417238488842,18.666405742354208,72.89611158083429,8,0.7179676414009325,-0.37438686737238325,24.54198941439618,64.76836855972837,40,73.08303757099681,0,233,1,29.68082715731892
2023-08-21 15:09:25.141588616,16.339022955539836,14.654628943388941,49.23024904256482,8,0.9085305784045707,0.19056293700363824,18.922457428802414,69.73904009844107,80,61.942776142073804,2,233,1,21.017887625113598
2023-08-21 23:55:11.657093784,2.940879602988723,3.880776576618568,16.06711319357939,8,0.6980723018963549,-0.2104582765082158,25.503344521012007,72.64063840710408,20,61.80472577622158,4,233,1,32.49706283041814
2023-08-22 08:40:58.172598952,48.689974084086394,47.56286020357016,107.55686960307699,8,1.6249639610586766,0.9268916591623216,26.150276162098308,63.45488001139136,40,100.0,0,234,0,
2023-08-22 17:26:44.688104120,2.414203564652701,20.100422302302697,41.43033914718964,8,0.726617335494621,-0.8983466255640555,22.112056069512334,69.81868846441851,20,79.08706315784484,5,234,1,36.31023714163452
2023-08-23 02:12:31.203609292,8.032516718049102,10.14909863106938,24.248572830698464,8,0.788451648707175,0.06183431321255395,23.530277163499402,69.29667686668576,20,69.09590035156334,4,235,1,33.21574904313272
2023-08-23 10:58:17.719114460,1.3382015647575471,5.6279668165086,56.227856871392305,8,0.5209178514928609,-0.26753379721431414,21.256032792679285,72.16843317755419,80,71.56146257734144,2,235,0,
2023-08-23 19:44:04.234619628,86.52122422726138,93.14161569686729,206.27823291083263,8,3.127362101552054,2.606444250059193,19.121686407689882,64.28593169053836,40,100.0,1,235,1,1.0
2023-08-24 04:29:50.750124796,10.46320298487339,18.215666287122495,39.40518349513313,8,0.5743715204227213,-2.5529905811293325,21.521794949741484,57.005948485729135,40,83.00918500635575,1,236,0,
2023-08-24 13:15:37.265629964,13.572289861334186,11.787731619369868,34.52526561579417,8,0.9606185343542808,0.38624701393155947,21.899764590451532,66.31101460087123,40,63.56448756555415,2,236,1,26.705741182621747
2023-08-24 22:01:23.781135132,1.0414807624238125,2.935911555463277,10.124836952624072,8,0.6797099273165231,-0.28090860703775766,22.25119386091297,60.85282194238458,10,65.95804071722169,5,236,1,40.651291300068955
2023-08-25 06:47:10.296640300,20.792043828239986,37.70722640150022,101.18024927430261,8,1.3916205994205555,0.7119106721040324,21.023955599710032,62.26604201413398,20,100.0,2,237,1,17.961317489092522
2023-08-25 15:32:56.812145468,3.534042573753948,21.621750348350503,65.05276366195173,8,0.9946437668470205,-0.396976832573535,21.45585803961413,64.3393210262313,80,80.57880550759188,0,237,1,35.123590401600524
2023-08-26 00:18:43.327650636,34.24972285217446,51.6569667178743,118.38078502038417,8,1.7418700453787326,0.7472262785317121,22.881656795858717,64.11270072148535,40,100.0,2,238,1,18.39792178908609
2023-08-26 09:04:29.843155804,3.4438324224125,3.8136259827397962,15.113541810841642,8,0.7027491444058355,-1.0391209009728972,21.344213345381263,66.47713095768206,80,55.588506103072376,0,238,1,43.889868425943554
2023-08-26 17:50:16.358660972,3.173556447132238,5.606490730776317,14.604397758490284,8,0.6507541839417783,-0.05199496046405716,23.95275098943924,69.24718623077645,10,76.17476552623454,3,238,1,27.243587463099015
2023-08-27 02:36:02.874166144,0.5585151278650825,7.941675461347631,36.702103568670275,8,0.7280972010892768,0.07734301714749847,24.21009611310376,63.85487170423793,10,85.3031795854695,5,239,1,40.13290495159855
2023-08-27 11:21:49.389671312,9.58178689943196,12.189810328722462,39.8107556697961,8,0.49808791404943936,-0.23000928703983742,27.588660594162103,67.63425773670627,80,60.48255737190461,2,239,0,
2023-08-27 20:07:35.905176480,12.480661555142706,30.022677888935146,64.47228693981015,8,0.8711238163966034,0.37303590234716405,25.060393394817567,65.6921471107938,40,80.58337753307063,1,239,1,31.33933455606129
2023-08-28 04:53:22.420681648,1.019504102687347,8.691714485149657,18.06290191326778,8,0.9246871583118618,0.053563341915258356,23.276426544167368,70.2579128344133,80,52.34692106333561,2,240,0,
2023-08-28 13:39:08.936186816,22.410038903975583,25.790427420336705,66.68513824345375,8,0.7140178878636376,-0.21066927044822414,21.530917529631175,64.5999329904015,40,88.19140801174434,0,240,1,26.26341974697537
2023-08-28 22:24:55.451691984,9.057519754404325,27.439863349862392,103.6969514005284,8,0.9275134426216416,0.21349555475800397,23.340205649919113,65.11078851426944,40,100.0,2,240,1,26.86984418891296
2023-08-29 07:10:41.967197152,11.147364818888953,34.3172102333235,94.51560663912423,8,1.3005743906326277,0.3730609480109861,23.387207147102497,63.596028214545036,10,100.0,4,241,1,24.265455668494663
2023-08-29 15:56:28.482702320,8.717722076813704,8.471294729140059,27.21482204362781,8,0.7404152557193218,-0.5601591349133059,21.688733115303943,64.61947588683806,80,54.8365226551904,1,241,0,
2023-08-30 00:42:14.998207488,7.681473019123819,12.17091429333589,37.74451415657966,8,0.6943363890256957,-0.04607886669362604,24.264206265767505,61.47604630279413,10,92.84439052454408,2,242,1,30.431707549058178
2023-08-30 09:28:01.513712656,12.302451857068121,14.299601011083643,44.16437274932126,8,0.9149293826152589,0.2205929935895632,19.881972061595384,60.9433497512007,20,72.26722683639703,4,242,1,21.857615186237794
2023-08-30 18:13:48.029217828,2.530545101414332,6.184867333251032,18.158540014619533,8,0.5418355393603077,-0.3730938432549512,22.170833804472274,69.19809387750821,10,80.13212376897947,2,242,1,35.5435547528242
2023-08-31 02:59:34.544722996,3.0120762931293825,4.709105757927513,10.9467566379367,8,0.6135024819932506,0.07166694263294293,23.752856870085157,59.86627148697769,40,55.735768604820606,2,243,1,37.42400694769424
2023-08-31 11:45:21.060228164,29.684239924442103,38.03408787323463,104.88234217671172,8,1.3373494699171624,0.7238469879239118,22.047519548186752,63.64978523825238,80,93.50657306821363,2,243,0,
2023-08-31 20:31:07.575733332,43.81367563897028,60.05157506846181,116.97491881858332,8,2.1985241474551684,0.861174677538006,22.190768668426045,70.28526888192417,20,100.0,5,243,1,5.498824174334546
2023-09-01 05:16:54.091238500,7.009532812127079,11.960694560234918,40.0718834072025,9,1.0444505860580229,-1.1540735613971456,22.310337448049328,63.408314365849755,20,82.19521917090934,2,244,1,29.791070647841618
2023-09-01 14:02:40.606743668,4.7359704853899895,4.782296085840556,41.69959303581819,9,0.6158643061438809,-0.428586279914142,20.89638076994747,69.2788687710738,20,77.97678191023903,5,244,1,38.948675926481826
2023-09-01 22:48:27.122248836,15.492348976416856,20.622544558657108,43.32355803664008,9,0.7387745409766595,0.12291023483277863,24.897101902860122,62.14337147578921,20,87.30939616558818,3,244,1,25.058599633001627
2023-09-02 07:34:13.637754004,7.882343514108695,12.033206990713394,21.75033488814842,9,0.6732103061266288,-0.06556423485003071,20.494984512764553,59.8063016814694,80,53.24341633114158,0,245,0,
2023-09-02 16:20:00.153259172,0.3857122309897054,14.845706151351076,78.83891033028765,9,0.619373574112712,-0.05383673201391681,23.149181677092756,57.05159677004186,40,90.17288445456313,1,245,0,
2023-09-03 01:05:46.668764340,2.5467540494926593,6.7421259719670426,19.277022881501818,9,0.7194641160901653,0.10009054197745326,23.32200565275833,71.55304005875047,20,66.1509285875703,5,246,1,29.234415697715896
2023-09-03 09:51:33.184269512,18.88024889779568,17.98123647803191,42.66068355874979,9,0.8558146981020972,0.13635058201193195,20.57935687468082,59.26884544602542,40,75.40692620541442,0,246,1,24.161135485045065
2023-09-03 18:37:19.699774680,16.134746734763034,20.17355749340965,54.23278078205037,9,0.8705980459009269,0.014783347798829727,22.604744311704444,68.65300455651139,10,98.14968888349765,5,246,1,15.402868765602168
2023-09-04 03:23:06.215279848,0.41204786826660145,11.403828435831468,37.185930031043334,9,0.7244144692954082,-0.14618357660551873,20.621251205413365,59.88129596783864,40,64.81554804783708,0,247,1,44.697339749892606
2023-09-04 12:08:52.730785016,3.7648946080005747,5.675499317882238,15.108111658691177,9,0.8198346517467454,0.09542018245133721,25.20462518748319,71.43200006444171,20,67.2707481172794,3,247,1,29.64680749484249
2023-09-04 20:54:39.246290184,3.941423684263965,14.878143114479158,49.715048044097465,9,0.6032910957959341,-0.21654355595081132,20.127044304000226,75.84313397898082,10,98.00293711825493,2,247,1,37.67243428776801
2023-09-05 05:40:25.761795352,16.716220842417776,19.993025950381316,65.72626436835901,9,0.7676112655619696,0.16432016976603547,21.078931498992436,56.34080107646104,10,100.0,2,248,1,19.842838662726738
2023-09-05 14:26:12.277300520,0.29861071938209105,3.2644216608932752,18.166751260588597,9,1.1954400712541515,0.42782880569218196,19.920437063180742,59.31399198898974,10,81.51842046933507,3,248,1,27.85625079059664
2023-09-05 23:11:58.792805688,1.6490408790205922,6.1626363081776105,25.070992935400277,9,0.7512680280799306,-0.4441720431742209,19.635697214728022,68.56784865594237,20,72.99815342640552,3,248,1,34.52538358930122
2023-09-06 07:57:45.308310856,24.13527640944362,49.37461208889943,78.58735422497716,9,1.4230508967244604,0.6717828686445297,25.515779347327403,67.23191214795472,40,94.42277477899806,1,249,1,23.627443087156216
2023-09-06 16:43:31.823816024,2.95016564177678,23.594966150816894,52.596390546361576,9,0.9687592294498726,-0.4542916672745878,23.40119903059227,68.51590863933525,80,72.48717779223884,2,249,0,
2023-09-07 01:29:18.339321196,15.865486333808654,20.246450874240097,54.63783204461342,9,0.9948829094756895,0.026123680025816887,22.578584582231354,61.727217709638644,40,81.00552910068441,0,250,0,
2023-09-07 10:15:04.854826364,4.080729333134928,7.628076712750615,23.15857048963295,9,0.8313267316102421,-0.1635561778654474,20.96723929298496,74.49845724447444,20,68.64202887053794,4,250,0,
2023-09-07 19:00:51.370331532,1.57110050227307,2.8662793494597776,50.9020296819799,9,0.5919634430953036,-0.2393632885149385,24.078060080499984,65.11592025026177,20,80.16070625453737,2,250,1,33.97750748346377
2023-09-08 03:46:37.885836700,4.1792927461717095,9.367384091418524,39.78410939084506,9,0.695514075471134,0.1035506323758304,20.596882876533595,58.4058426263194,10,87.17235586056456,2,251,1,24.331202835744264
2023-09-08 12:32:24.401341868,19.21642219645548,25.785987298547973,73.34757536509008,9,1.1194719432684315,0.4239578677972975,23.815146006336697,63.18999233513826,40,96.44207142242865,1,251,1,23.283422858748885
2023-09-08 21:18:10.916847036,29.03754506180894,46.72764382733109,84.96545029887291,9,1.2585510728168718,0.13907912954844037,20.46543319898148,58.40307702324134,20,100.0,4,251,1,25.453134683934515
2023-09-09 06:03:57.432352204,26.598764999633463,48.43164491410006,114.71470914983757,9,1.9039107290122979,0.645359656195426,20.90407766077371,72.34089292182063,20,100.0,2,252,1,17.693658166397427
2023-09-09 14:49:43.947857372,7.5921373421263265,11.003421433820453,81.98090510130685,9,0.5735701771271823,-1.3303405518851155,23.692344431757068,61.04990300504187,80,80.38946083271625,2,252,1,43.56090965613917
2023-09-09 23:35:30.463362540,16.543151676068923,23.15070990453674,58.66800796592793,9,0.7903654173046268,0.21679524017744456,23.886170529475354,66.77944910605075,40,78.03993563049936,0,252,1,29.456277342587324
2023-09-10 08:21:16.978867708,3.440901154934712,20.879780350076548,35.108969162993425,9,0.7350438500481863,-0.05532156725644055,23.336247780358278,61.92923810021861,10,87.18420189827634,3,253,1,37.092697896981726
2023-09-10 17:07:03.494372880,5.204003829187752,16.794667140157287,47.45886888709955,9,0.5797323852832267,-0.1553114647649596,20.024789944446425,61.17133980310747,10,93.26856404328326,5,253,1,34.29019027564275
2023-09-11 01:52:50.009878048,33.99897942946356,38.5541602398876,115.11292116314154,9,1.555178632876093,0.9754462475928664,21.213571201258663,54.66277895900339,10,100.0,4,254,1,12.622762012523562
2023-09-11 10:38:36.525383216,0.19630782594427504,3.0925976285354526,39.95279565037424,9,0.6724049025165938,-0.8827737303594992,22.403759965662868,67.17079798148451,40,64.23215648435374,1,254,1,35.88659017361157
2023-09-11 19:24:23.040888384,1.340807094456737,5.634091055526342,8.850889262124689,9,0.7822176325502428,0.109812730033649,20.37438920340076,70.6418085175878,20,66.93212776696666,5,254,1,40.40941024539386
2023-09-12 04:10:09.556393552,3.4957542035972278,5.357166033445035,40.7718735437394,9,0.7864328887307312,0.004215256180488458,24.79791668350749,59.53214441967205,20,85.66044035985651,3,255,1,30.148783115620304
2023-09-12 12:55:56.071898720,0.4033580283647533,2.0534036406020424,8.597229435801488,9,0.4674747860161795,-0.31895810271455177,17.235189001225592,56.35202020326001,80,56.523521221232755,0,255,0,
2023-09-12 21:41:42.587403888,3.0030450493540917,3.790499838922039,6.846013417070548,9,0.6078842649086194,0.14040947889243988,20.464747570985377,68.06103341713651,80,41.254442175080165,1,255,0,
2023-09-13 06:27:29.102909056,13.121530931165498,19.548432457464287,68.47562856539287,9,1.039490753377451,0.43160648846883154,20.986289591256885,55.77963844846184,20,92.47453684837606,3,256,1,28.464777846851035
2023-09-13 15:13:15.618414224,8.207794775517007,11.621658006050534,58.00541927700425,9,0.428814990782431,-0.6106757625950199,16.300783840440417,70.0750070197092,20,85.14656316624703,3,256,1,29.476439096508567
2023-09-13 23:59:02.133919392,33.47794531232741,33.667214945791805,77.2845428138382,9,1.6203479957284381,1.1915330049460071,19.17951435432905,59.42196961482976,40,94.27090855378692,0,256,1,20.898152722741806
2023-09-14 08:44:48.649424560,25.51043854529218,27.624051454583043,77.59204979606515,9,0.9949894279349076,-0.6253585677935305,23.20590624972037,58.39419073514934,80,82.8709621720139,2,257,1,24.335699471667425
2023-09-14 17:30:35.164929732,6.274092077535481,17.936320230367496,52.068151320259375,9,1.2129143636356825,0.21792493570077487,21.99930256484806,65.11978268914072,10,91.64940275075706,4,257,1,32.04031065090669
2023-09-15 02:16:21.680434900,4.504893782209178,18.939743768331212,54.749642108149146,9,0.6985922963991567,-0.5143220672365258,25.068469151520127,58.65369778981145,10,92.86383061920986,3,258,1,37.449907650308525
2023-09-15 11:02:08.195940068,7.163097121628066,11.611089549787327,50.89339810791221,9,0.7223978024915163,0.023805506092359652,24.99616585385395,60.27587051770258,10,100.0,4,258,1,32.731348594492324
2023-09-15 19:47:54.711445236,13.384766252149578,14.952872632288798,39.40552968922279,9,0.7632826315183086,0.040884829026792247,22.755375902322697,65.54847595358464,10,91.61874560065343,5,258,1,27.239707206588967
2023-09-16 04:33:41.226950404,4.680925647229094,32.82965671122514,130.52580861602098,9,0.7959210736856954,0.03263844216738687,22.49938444299604,51.600254204156,20,100.0,5,259,1,28.914878558553234
2023-09-16 13:19:27.742455572,14.678433683206313,13.459072880387467,104.87638504411532,9,1.382978116296649,0.5870570426109536,21.98844986639144,71.9252715281089,20,100.0,5,259,1,12.476819895318906
2023-09-16 22:05:14.257960740,7.8995405891971675,11.230023945264076,25.513749444204514,9,0.9583649889612437,-0.42461312733540535,16.530158508618783,63.89884575108422,40,53.36825040255122,1,259,1,35.459446124635924
2023-09-17 06:51:00.773465908,12.046010497722667,16.878595807940183,61.34975615067451,9,0.5998656790042876,-0.3584993099569561,19.034993889351707,57.18339576999008,10,96.30005299193641,4,260,1,34.23726832844665
2023-09-17 15:36:47.288971076,8.59388092636668,9.655900611176524,33.93748309051911,9,1.0692792047761448,0.46941352577185724,22.009310054912625,58.529691250995306,20,80.40757519531569,4,260,1,22.994814633734464
2023-09-18 00:22:33.804476244,5.2319996289349975,9.287532334363828,22.423918747295914,9,0.9361637709506245,-0.13311543382552027,23.023912643629597,68.54195434357253,20,81.76724926682242,4,261,1,30.113665747037604
2023-09-18 09:08:20.319981416,44.47900831728305,59.86508676236778,116.73345756969546,9,1.931988541511681,0.9958247705610566,22.35515935517843,66.55690413717481,20,100.0,2,261,1,9.290312105648308
2023-09-18 17:54:06.835486584,21.633817555989545,30.279995578423733,47.178413459834076,9,1.2968156953099956,-0.6351728462016855,19.974904909237924,70.45357297576453,10,100.0,2,261,1,23.61548449198437
2023-09-19 02:39:53.350991752,2.264317471845313,6.522984441211225,23.207334091444327,9,0.6075273779648036,-0.689288317345192,23.618719413031418,60.074099472163674,20,75.7527658831806,2,262,1,35.273268894476935
2023-09-19 11:25:39.866496920,30.427573915789857,56.29763848859512,130.79421797059962,9,2.066043844091135,1.4585164661263312,24.692924078339022,64.93899122741351,80,98.43194747675568,0,262,1,9.495427269849928
2023-09-19 20:11:26.382002088,10.024804944928746,9.997248973831738,27.294244072941233,9,0.6412105508384742,-1.4248332932526606,23.588201842118174,65.55728484198937,10,84.71729122552578,5,262,1,38.83478242661532
2023-09-20 04:57:12.897507256,33.74309235434615,39.33737225734702,91.13992093809972,9,1.5974376916155388,0.9562271407770646,23.675665647036237,66.86927147697178,10,100.0,5,263,1,7.275900701281772
2023-09-20 13:42:59.413012424,24.130716808948506,28.129796907193246,101.54088397704092,9,1.1782832390523414,-0.4191544525631974,20.562317740510842,68.99794429000288,80,78.64302749575702,0,263,0,
2023-09-20 22:28:45.928517592,8.30634928887911,17.10511054777756,43.15009465612076,9,0.550570010331787,-0.6277132287205545,23.816998208248723,59.74394039647252,40,74.7973031176273,1,263,0,
2023-09-21 07:14:32.444022760,0.34088384216310175,0.5789296250572307,7.577665949018023,9,0.9509346241048319,0.4003646137730449,21.941066420378693,62.728246944644354,40,59.652438873624575,0,264,1,31.99659035680975
2023-09-21 16:00:18.959527928,4.693508216647301,8.757146704344953,25.744472780121985,9,0.4451283155559131,-0.5058063085489188,22.6571382036565,60.21730556532426,10,84.86657701071671,4,264,1,26.984537986303994
2023-09-22 00:46:05.475033100,11.701316335196942,20.303446799596358,61.74101696522861,9,0.9810866321974576,0.5359583166415445,22.349427935693495,62.97406913330627,10,100.0,4,265,1,28.147743732102597
2023-09-22 09:31:51.990538268,15.055459979018046,25.16961906945501,73.77156398604703,9,0.704665268998844,-0.27642136319861366,21.3601865126293,66.69848535733512,10,100.0,3,265,1,29.276266958387392
2023-09-22 18:17:38.506043436,4.473820198934083,11.418225208534444,51.522673466480555,9,0.6238445482154076,-0.08082072078343638,19.867811887215602,54.9054561736169,80,64.60472509478117,0,265,0,
2023-09-23 03:03:25.021548604,2.2511162824607327,5.544672110356666,21.906526144627676,9,0.6848628110394728,0.061018262824065195,21.408259534188684,68.69192356988998,20,65.07336405347829,3,266,1,34.777885356089264
2023-09-23 11:49:11.537053772,27.020806307435873,24.311330723635535,64.48558646512039,9,1.1185826374846002,0.4337198264451274,23.530832298336044,57.41870750542205,80,68.80517407303535,0,266,0,
2023-09-23 20:34:58.052558940,62.409362447808505,69.65174077481848,131.76433377338049,9,2.5620650268514855,1.4434823893668853,20.659194100349218,61.54743982346392,20,100.0,5,266,1,1.0
2023-09-24 05:20:44.568064108,11.188418204581303,10.981027377812339,22.7040575018752,9,0.7797704194921329,-1.7822946073593526,23.313737595559694,69.27379576551743,20,71.91950048206631,5,267,1,26.44754148383406
2023-09-24 14:06:31.083569276,2.8253229549011087,24.727204762703593,60.687775771858725,9,1.0357950092047807,0.25602458971264785,22.986142747877572,64.66405140320148,40,77.55981409764404,1,267,1,36.034956734177655
2023-09-24 22:52:17.599074444,4.768147075933992,9.691874503300271,34.56337777604317,9,0.9646338692197272,-0.07116113998505358,20.899146189927983,64.69169170925359,80,52.93604267553194,1,267,1,33.93525177338343
2023-09-25 07:38:04.114579612,0.2784283111614901,3.131505703094791,18.426156726369186,9,0.4195346711081754,-0.5450991981115518,24.25970227257968,57.0610739042055,80,53.01193265881382,0,268,1,36.758594008390084
2023-09-25 16:23:50.630084784,36.853327915403355,42.747609411615336,93.94120721660693,9,1.6798892243028118,1.2603545531946365,20.75615157032049,57.714060146284595,10,100.0,2,268,1,10.644787665530826
2023-09-26 01:09:37.145589952,1.879215657693045,6.799758766605404,18.938890304532737,9,0.6422727461143615,-1.0376164781884505,24.471543512133568,67.6111815571612,80,46.77329746831853,2,269,0,
2023-09-26 09:55:23.661095120,12.888610033022339,15.249957516978213,39.33880445195196,9,1.0341416349171686,0.3918688888028071,22.305970910809197,59.929716168032556,20,82.20079458341391,4,269,1,27.207208709278458
2023-09-26 18:41:10.176600288,4.804219929041894,17.832200642519823,48.46770873637337,9,0.7772828042548893,-0.2568588306622793,21.391314816925615,60.371533941166035,20,81.96806489975701,4,269,1,34.80962174545145
2023-09-27 03:26:56.692105456,12.117532731104777,29.185603570521884,62.13770130779074,9,1.0722488821958829,0.2949660779409936,19.632836402124912,67.636634580874,80,71.38417580133597,1,270,1,27.899027856457337
2023-09-27 12:12:43.207610624,15.808329509790404,21.562281343360635,32.883833347427,9,0.9831081086703908,-0.0891407735254921,21.217374270832988,57.538221735358505,40,71.31713694732784,2,270,1,30.648783477972437
2023-09-27 20:58:29.723115792,26.5565878863354,25.78184252553418,76.86253456019756,9,1.3119981563764533,0.32889004770606256,20.971894587118264,64.1050028926455,40,85.41256181426746,0,270,1,13.566665134179761
2023-09-28 05:44:16.238620960,3.4680379125680374,9.179404885857094,21.05045286406922,9,0.9207428458169582,-0.39125531055949514,18.848403295564758,62.94452876297159,10,74.6631683928659,4,271,1,38.07802145650659
2023-09-28 14:30:02.754126128,0.16585094447545795,10.940833510397027,24.751192823647504,9,0.7419420022358504,-0.17880084358110782,20.91541149468426,62.68785605092298,10,81.64992349671704,4,271,1,33.5074851823548
2023-09-28 23:15:49.269631296,2.208121060310858,3.4516953541174997,17.578443491774216,9,0.718930502636066,-0.023011499599784435,19.728746328089578,60.08052721717998,20,61.97189666495979,2,271,1,30.639773445405087
2023-09-29 08:01:35.785136464,34.54157293279772,37.90437854821179,70.73179022707424,9,1.7144893089651878,0.9955588063291219,22.49411089940917,59.74497881558657,80,73.97865256678224,0,272,0,
2023-09-29 16:47:22.300641636,31.059020280796837,42.93206646402399,118.72866767170072,9,1.5197393146799694,-0.19474999428521844,23.920527560842753,57.22411239979837,20,100.0,2,272,1,19.146968960919402
2023-09-30 01:33:08.816146804,13.647664652947388,12.346983284933625,25.29349543511784,9,0.9601885346241901,-0.5595507800557793,18.840039328126885,65.00106649164127,20,60.32832709803111,4,273,1,31.536427061326574
2023-09-30 10:18:55.331651972,13.763755777580204,21.62099906654768,52.325839680119024,9,0.7744503705499319,-0.18573816407425814,24.704455279669766,59.21893368828816,80,68.81609565878206,2,273,1,25.073686362633314
2023-09-30 19:04:41.847157140,16.40601344111269,23.419246456650704,79.28245323890083,9,1.3160742646521522,0.5416238941022202,21.00877221362051,67.3754716706178,20,98.7277777860438,4,273,1,22.398546921201934
2023-10-01 03:50:28.362662308,2.8923304295782826,7.881405399167942,29.223834843218597,10,0.08006857611460094,-1.2360056885375512,19.30193153440683,61.38117340061445,20,80.52139968546896,5,274,1,34.342600496386986
2023-10-01 12:36:14.878167476,36.87314341156952,31.549856044795597,60.440156091765246,10,1.5355317502122614,1.4554631740976605,22.75364969308238,57.18402781822684,40,81.29773794485303,1,274,1,10.892990316382994
2023-10-01 21:22:01.393672644,8.139144515194772,20.100876019271908,41.68267148704346,10,1.0919708459266695,-0.4435609042855919,20.331463053922555,61.2596746101232,10,94.51937859509947,3,274,1,25.393299700241602
2023-10-02 06:07:47.909177812,7.246661989918026,11.6596593121775,39.962340286666176,10,0.4887562461942671,-0.6032145997324023,21.04719682725652,60.36705436295665,40,75.9313639093683,0,275,0,
2023-10-02 14:53:34.424682980,10.975753989340214,18.684518122396355,96.21141132451984,10,0.986316244534138,0.4975599983398709,20.38847839147427,67.43958681843712,10,100.0,4,275,1,21.343300538843387
2023-10-02 23:39:20.940188148,0.7215699643796583,9.181129478620264,54.262455760817886,10,0.47008940475799044,-0.5162268397761476,19.54999048784329,60.52193175688851,10,97.12711193608943,2,275,1,27.177394698620397
2023-10-03 08:25:07.455693320,2.727925575739085,11.333403444776604,30.846537887609674,10,0.5941318929247741,0.12404248816678365,22.617958897378657,60.958877759148066,10,77.55555282685368,2,276,1,36.741069196568894
2023-10-03 17:10:53.971198488,20.09308635635945,39.814414535788664,163.8211836009427,10,1.489194064612963,0.895062171688189,20.583927754170144,69.37079464737921,40,100.0,0,276,1,22.16359778057479
2023-10-04 01:56:40.486703656,1.296424135077654,7.018854444171872,14.70863571529617,10,0.6357284123203019,-0.8534656522926612,18.269860185239747,64.82766414651323,80,46.62583085904031,1,277,0,
2023-10-04 10:42:27.002208824,13.863033284776733,17.096801201084386,35.82244905392871,10,0.541357504129506,-0.09437090819079585,22.231984944615178,70.57325947238411,20,72.88257177522445,2,277,0,
2023-10-04 19:28:13.517713992,4.222500504006612,26.471581711003367,78.57214775658122,10,0.6538807192438462,0.11252321511434016,18.70546887116658,68.52849216674771,80,82.98468631072774,2,277,1,31.483365847641327
2023-10-05 04:14:00.033219160,7.3971338538778255,15.349942432694045,34.804141458810406,10,0.9965092483822489,0.3426285291384027,18.79695028764737,57.771128324181504,80,46.50316476958395,1,278,0,
2023-10-05 12:59:46.548724328,5.109782879312189,6.766198311333348,14.41726205599447,10,0.7596461843381769,-0.23686306404407198,23.4755885165995,67.13050648529027,10,75.06225991363134,5,278,1,21.59131763711464
2023-10-05 21:45:33.064229496,6.593227165842801,8.365157238909108,21.338237277553606,10,1.065143230210804,0.30549704587262705,18.68467042564361,69.78121690850102,10,85.21067384483601,5,278,1,28.916550230562613
2023-10-06 06:31:19.579734664,19.0434597995803,31.434053708217963,77.97183890104634,10,1.531739251876445,0.46659602166564107,16.431503500104164,69.79285208953539,40,86.79731019069365,1,279,1,26.102453132168108
2023-10-06 15:17:06.095239832,5.288573094083263,7.68878403213671,32.04757586322295,10,0.6142102761736741,-0.9175289757027709,22.297228273747727,67.04349052553292,40,62.43417817686857,2,279,0,
2023-10-07 00:02:52.610745004,12.534652960585534,21.079079856868013,62.10592425505824,10,1.4621314187942884,0.8479211426206144,20.430959860979844,66.91498841443008,20,88.97218814196438,4,280,1,30.594212981083096
2023-10-07 08:48:39.126250172,9.695396800353926,14.071749774915023,27.089456919664336,10,0.8395213677266109,-0.6226100510676775,20.590627445099102,60.53857015637293,80,43.495082137489305,0,280,0,
2023-10-07 17:34:25.641755340,16.344988846390173,21.106243860700836,43.561276005897625,10,0.8454285086530067,0.005907140926395771,20.384257643266977,57.83960643818688,80,65.35803016186398,2,280,1,34.94196260927251
2023-10-08 02:20:12.157260508,41.428824712694535,49.06513542940655,160.5880005740382,10,1.692499875365841,0.8470713667128342,21.463989048373513,60.24021174618484,20,100.0,4,281,1,6.639192860189275
2023-10-08 11:05:58.672765676,19.78357906882564,18.474467222663208,70.70323628841224,10,0.6290712325452612,-1.0634286428205797,19.48267164606412,53.65227525257669,10,100.0,2,281,1,22.006019205330226
2023-10-08 19:51:45.188270844,3.6299341986607097,7.933889190098705,18.235796297794735,10,0.9733413775240576,0.3442701449787964,23.927871277857445,68.66525963456036,40,57.77455506685216,0,281,0,
2023-10-09 04:37:31.703776012,0.4751951823638677,6.364362010652544,72.85042524708204,10,0.8920999215625756,-0.08124145596148202,18.010782625203476,60.51002237455599,20,96.49561161586395,3,282,1,30.08283402263033
2023-10-09 13:23:18.219281180,4.562539530083819,9.596172316788294,34.67842293666258,10,0.48411102600689515,-0.4079888955556804,21.840666352192194,68.3584866830007,80,60.60639832169162,0,282,0,
2023-10-09 22:09:04.734786348,13.560909778096459,23.238834535996155,47.10436909100905,10,0.9580296832455096,0.4739186572386145,22.222902551960328,55.71982320230632,20,83.29186683950829,4,282,1,27.53385000949707
2023-10-10 06:54:51.250291516,0.7919291714966201,14.006410518399024,33.17432505279657,10,0.6750241974364382,-0.2830054858090715,19.407172355449156,67.26607635924287,20,69.77897978549923,4,283,1,35.474827028893415
2023-10-10 15:40:37.765796688,10.288589340392832,19.50221656483792,50.558560773448896,10,0.7087233420278131,0.03369914459137491,18.866893840942573,59.35432217209982,80,68.15686099444478,1,283,0,
2023-10-11 00:26:24.281301856,13.626432599813402,13.520647853745986,48.377830400602974,10,0.5567147242794954,-0.15200861774831764,22.936669748372626,55.382795598518754,80,66.68176365532263,0,284,1,37.8954010803342
2023-10-11 09:12:10.796807024,6.102478169071506,8.532509522516422,18.86378322986078,10,0.665303137851212,0.10858841357171656,18.908630346103568,69.91629396907278,40,60.459526606012695,2,284,0,
2023-10-11 17:57:57.312312192,22.104749387201018,30.576122023130118,75.05736999961297,10,1.1836403220834721,0.5183371842322602,19.66512666246672,67.29346743463958,40,92.90489153461309,2,284,0,
2023-10-12 02:43:43.827817360,1.69078372147017,21.984090975387435,41.303696488305135,10,0.6759743359855227,-0.5076659860979494,22.641247523333067,62.79222129775607,80,60.80374162621736,0,285,0,
2023-10-12 11:29:30.343322528,1.1716575868837051,14.554889998084269,73.12772936248727,10,0.7135252642387097,0.037550928253186955,20.924359692170356,61.87944387585943,40,92.12074512618992,1,285,0,
2023-10-12 20:15:16.858827696,19.53971115324589,35.88384990272722,91.38211120101656,10,1.5355366537973882,0.8220113895586786,17.248910295089797,63.8839453547916,40,100.0,1,285,1,21.51136553273116
2023-10-13 05:01:03.374332864,10.262553399946029,14.738862702841745,66.14704213551627,10,0.7920211510889928,-0.7435155027083954,24.325709308353822,62.63632492808064,40,85.98508549538055,0,286,1,35.714280874868365
2023-10-13 13:46:49.889838032,17.490639835997115,18.868312170131823,77.90332943189438,10,1.0725845181655331,0.2805633670765403,19.760036078013457,57.67873542028942,80,75.2119966065575,2,286,1,23.072007473853095
2023-10-13 22:32:36.405343200,8.55935998693286,13.159957076370592,23.693143720253797,10,0.9481608752513502,-0.12442364291418295,20.003082982014664,59.55693377473038,10,81.1926432676147,3,286,1,27.881764932520998
2023-10-14 07:18:22.920848368,4.243443806377974,5.251761390959927,17.411245890483357,10,0.7482150753397085,-0.19994579991164163,21.308779623873,71.39801139863405,10,84.89990311553356,5,287,1,29.842668497487033
2023-10-14 16:04:09.436353540,25.64735547856794,29.686934259732922,69.12409796390341,10,1.1869317472791194,0.4387166719394109,22.036052061678937,74.93258064848165,40,77.07390965160417,1,287,1,23.140725463595945
2023-10-15 00:49:55.951858708,24.097823459402846,42.100613396900314,118.01520859606879,10,1.4222380277798672,0.23530628050074776,24.696868388385447,69.36266213775845,10,100.0,2,288,1,12.972883585434463
2023-10-15 09:35:42.467363876,17.796732295636822,17.80563832553711,43.45751258543375,10,1.143498993201918,-0.27873903457794924,17.443359032128456,63.91811036269281,40,70.01393211048314,0,288,1,36.6492903613835
2023-10-15 18:21:28.982869044,4.764804224820481,7.303761225590212,15.565034629526195,10,0.4426634292501561,-0.7008355639517618,22.404309656956507,59.81606531469956,10,73.45646431299443,2,288,1,35.486713479629934
2023-10-16 03:07:15.498374212,13.382413195851964,11.633464162311729,28.72762724253595,10,1.1366907076994581,0.694027278449302,22.227409113112834,57.49184998054053,10,88.7282083708619,5,289,1,20.532791802350495
2023-10-16 11:53:02.013879380,6.717149633697331,26.483340152472223,50.280884600563205,10,1.185494175241491,0.0488034675420328,20.45611916032224,57.799485911989926,20,87.0245176554855,5,289,1,22.85805724946667
2023-10-16 20:38:48.529384548,1.4407610190997984,7.908958398255994,60.90642665935735,10,0.46334875327565717,-0.7221454219658338,22.294130592004077,58.67282811130946,40,76.89792154667622,0,289,0,
2023-10-17 05:24:35.044889716,37.39049765306462,43.161694800607464,121.18971940181535,10,1.7181609047370006,1.2548121514613433,22.577340611966704,72.17340536051607,10,100.0,2,290,1,14.127576647014862
2023-10-17 14:10:21.560394884,2.2069567322928005,20.306051150991806,80.01402816683569,10,0.8756552974899805,-0.8425056072470201,17.934151724520337,70.42756607090169,10,100.0,2,290,1,33.00128632014145
2023-10-17 22:56:08.075900052,45.00735979684144,48.726883363860296,99.3050787874683,10,1.7782931983096812,0.9026379008197007,24.186970555670573,65.1062670374948,20,100.0,4,290,1,15.62754184470873
2023-10-18 07:41:54.591405224,8.859015191863083,14.945723423083551,26.326533767046406,10,0.9229603072057162,-0.855332891103965,17.559349005469947,56.55068114142833,10,79.59867483230887,2,291,1,30.31207808815127
2023-10-18 16:27:41.106910392,3.070954228701987,3.4561842062352115,61.404909733228045,10,0.628632051894825,-0.29432825531089124,18.395752821008237,65.79805040052675,20,92.88271024049372,2,291,1,35.14941852029913
2023-10-19 01:13:27.622415560,11.71004769227605,14.691281665638371,27.187660224354445,10,0.5875301349741446,-0.041101916920680326,20.132397996026157,60.11886154399568,10,88.28887950478641,2,292,1,31.83425259730972
2023-10-19 09:59:14.137920728,30.94712691423088,47.51246092025856,123.88572105879634,10,1.6858994106829146,1.09836927570877,24.49551860029692,50.526227954625,20,100.0,3,292,1,15.45626348945802
2023-10-19 18:45:00.653425896,19.764116686957106,27.945895172953342,65.78852845733246,10,0.9547128022144684,-0.7311866084684462,20.018864997396097,62.70625970081204,20,95.61647089701128,5,292,1,22.770234604223553
2023-10-20 03:30:47.168931064,24.641907391106358,24.422933767417497,48.4270858285872,10,1.4249080558287115,0.4701952536142431,20.561327792242327,57.04082594051762,80,72.122313702181,0,293,1,23.045707794144104
2023-10-20 12:16:33.684436232,16.12856572755604,18.179746034622564,60.53486417767937,10,0.8701265598705686,-0.5547814959581429,23.479246906839087,57.18991225260974,40,73.97307930698842,2,293,0,
2023-10-20 21:02:20.199941400,17.678307542122983,22.415526685665863,93.4341905728472,10,1.0454643309668894,0.17533777109632076,20.004424529265254,59.95808166095236,80,88.49544465061672,0,293,1,24.871044578366607
2023-10-21 05:48:06.715446568,28.37657982075419,27.33930057321723,109.16855092899767,10,1.615380384836571,0.5699160538696817,18.238235668664867,58.698603324340375,40,100.0,1,294,1,17.196540354176857
2023-10-21 14:33:53.230951736,4.308592733101802,6.688855620472157,17.76858081426777,10,0.7523367401725266,-0.8630436446640445,19.750765043672114,60.999185332777444,10,78.40854132413973,5,294,1,34.94515296339341
2023-10-21 23:19:39.746456908,10.08326499256862,10.046371153366456,25.699247876448485,10,0.586234227470128,-0.16610251270239862,23.317021514246147,60.73922294318316,40,69.04103999250248,1,294,0,
2023-10-22 08:05:26.261962076,3.750196936591835,5.2146159034131525,24.947192757456527,10,0.42416678360615157,-0.16206744386397642,20.707448658103928,51.75239186374915,80,63.46778157003468,0,295,0,
2023-10-22 16:51:12.777467244,65.93337626107994,75.37828482599421,183.23362844962992,10,2.452589815756796,2.0284230321506445,24.417393854984365,68.71354461815785,40,100.0,0,295,1,8.2851996871969
2023-10-23 01:36:59.292972412,43.25195680980622,49.1234269524042,139.43491056873262,10,1.9352022223914997,-0.5173875933652963,22.022383887072436,56.17614445435285,80,100.0,1,296,1,5.5257931244188025
2023-10-23 10:22:45.808477580,0.6033765180806863,2.12389424696576,6.888359117288166,10,0.6049664358178249,-1.3302357865736747,19.24741105214455,56.312065924210664,40,58.32909359695386,2,296,1,37.65180018649896
2023-10-23 19:08:32.323982748,18.340973447935934,24.641935403821144,97.27829817487957,10,0.9446183620643562,0.3396519262465313,20.629774783488326,59.412478090164846,10,100.0,3,296,1,26.222149946047903
2023-10-24 03:54:18.839487916,38.90375336212883,50.22084360100126,91.31068746351549,10,1.5468416061297174,0.6022232440653612,18.811857712304672,60.4949136603304,10,100.0,2,297,1,12.413108273400834
2023-10-24 12:40:05.354993084,2.9872923808177503,5.520240847022199,36.48312978672086,10,0.6712649371037438,-0.8755766690259736,19.172178349506403,68.31298790576707,40,68.22788711290487,1,297,0,
2023-10-24 21:25:51.870498252,12.588043764688534,15.193867445411371,38.08932809463872,10,0.867327536589852,0.19606259948610816,29.45804222565628,62.34686470748404,40,67.07166671362378,2,297,1,36.11909073260077
2023-10-25 06:11:38.386003420,37.062978961882955,37.36286209566189,67.83435910642754,10,2.0463313776838254,1.1790038410939734,22.528031068074153,63.81389151656073,10,100.0,4,298,1,9.431600488723921
2023-10-25 14:57:24.901508592,0.5180328531631772,10.789175234639217,75.69490859619287,10,0.6255731407222714,-1.4207582369615541,22.203965521650957,62.33622002519163,40,86.87916289662749,2,298,0,
2023-10-25 23:43:11.417013760,17.93115685339328,23.295313537248305,52.155713103077595,10,1.4544268379804035,0.8288536972581321,19.2264757381202,62.10298064996652,20,85.6519760901838,2,298,1,26.630051538208644
2023-10-26 08:28:57.932518928,5.293424471178192,17.472588651955622,56.95404309430981,10,0.546517656322252,-0.9079091816581515,23.60315081271031,62.47661287573135,10,94.1609577498495,3,299,1,38.025326805975524
2023-10-26 17:14:44.448024096,38.733730070335135,65.4700413731063,203.69496677837788,10,1.6147324272254244,1.0682147709031724,22.65403983690885,51.24674655380126,10,100.0,4,299,1,15.905183167470472
2023-10-27 02:00:30.963529264,53.1370488393338,71.86804936529677,125.26838224695268,10,2.0574044439345367,0.44267201670911227,24.20975696102789,59.64343634042705,80,100.0,2,300,1,5.770797286258183
2023-10-27 10:46:17.479034432,43.30760521861461,53.24991685500379,131.0134679806248,10,2.1364772292130234,0.07907278527848671,24.104128376563718,66.68710571238942,80,100.0,2,300,1,11.72648290497655
2023-10-27 19:32:03.994539600,9.642921077976874,15.99338222988434,26.47618808196159,10,1.2040125617970876,-0.9324646674159358,17.471187300738173,80.57038680789987,20,66.25281892524593,3,300,1,27.75422051619565
2023-10-28 04:17:50.510044768,29.712160601030373,28.794631148587563,70.07189901866545,10,1.2257536327159562,0.021741070918868566,18.201232945112185,54.82027918460645,40,85.13596560847004,0,301,1,17.377639889953965
2023-10-28 13:03:37.025549936,27.921409099486183,55.24917935417197,135.56313409207576,10,1.5188067695795318,0.2930531368635756,18.404962737427383,62.940476538331076,20,100.0,3,301,0,
2023-10-28 21:49:23.541055104,5.7651078227930155,9.941330494083395,24.499722221322315,10,0.4809192793541943,-1.0378874902253374,18.51636407139618,57.9532578267504,40,68.10452504126296,1,301,1,36.9278677601772
2023-10-29 06:35:10.056560272,26.483963120919796,26.244466393775276,61.41983636641318,10,0.9297959569324714,0.4488766775782771,21.042937766897676,71.03032559623804,80,64.56394342131392,0,302,1,29.948030282197035
2023-10-29 15:20:56.572065444,0.5656469290336459,8.844939927070632,18.770875151008724,10,0.7434446774067052,-0.18635127952576624,19.2542946492995,54.00688930302486,40,56.69566170038387,1,302,1,37.035524725497154
2023-10-30 00:06:43.087570612,13.605129604317103,14.865545782644588,43.63481365312171,10,0.9653621105052205,0.2219174330985153,24.5250481276985,63.88439954392633,80,51.07889063022659,2,303,0,
2023-10-30 08:52:29.603075780,3.9206436179592856,9.874057907080045,31.663676679993763,10,0.6792510479647612,-0.28611106254045926,24.18124142193508,53.70770781802266,10,92.706756521056,4,303,1,34.339068777860334
2023-10-30 17:38:16.118580948,1.9271665120746608,8.934975448766902,22.961740589798097,10,0.3478817772964863,-0.33136927066827493,20.35107034005173,59.13515371611546,10,82.73359343651586,2,303,1,46.899556766151036
2023-10-31 02:24:02.634086116,1.2011301495657412,5.461724129998246,12.44247856950777,10,0.9066311806570295,0.5587494033605432,24.26683922828401,60.54080693821981,40,53.904074714849905,1,304,1,41.80747315735386
2023-10-31 11:09:49.149591284,17.875169245323555,34.93200525504397,81.25241934393134,10,1.106152089847016,0.19952090918998655,23.324730852643864,66.04538160502496,80,74.01485227900979,1,304,0,
2023-10-31 19:55:35.665096452,6.2298901960285065,9.728050574314839,34.84680987018646,10,0.8286035946270137,-0.27754849522000236,19.439404952028635,55.29580200997367,20,71.27102464420697,4,304,1,29.65861733531611
2023-11-01 04:41:22.180601620,12.901364372203776,17.39439558513011,37.034817894531734,11,0.6410589622464318,-0.18754463238058194,16.314825658794703,63.983427937928575,80,60.58874344622282,1,305,1,33.68080432456306
2023-11-01 13:27:08.696106788,0.6758993548947433,4.576622013321791,19.50349799281757,11,0.5211791693071054,-0.11987979293932638,19.889839790396042,60.74544173757474,80,44.21462376840523,0,305,0,
2023-11-01 22:12:55.211611956,3.787603814176782,9.353123925358048,32.54646828645687,11,0.7275582067848329,0.20637903747772746,19.02913457996864,62.00072461568107,80,56.793261258971285,0,305,0,
2023-11-02 06:58:41.727117128,7.7542351440004955,16.551502922055825,45.66780128415354,11,0.8860147757112298,0.15845656892639692,20.72407457244822,65.41379021773882,10,100.0,5,306,1,29.712892561835133
2023-11-02 15:44:28.242622296,15.640973333379875,16.83466665730213,37.869480893799306,11,1.0120958418879438,0.126081066176714,20.482286702603194,54.19487679268096,80,57.19680233217555,1,306,0,
2023-11-03 00:30:14.758127464,3.8382960704015896,8.981631365775144,46.19096099919034,11,0.7654867334755378,-0.24660910841240602,20.422714707013256,64.64633364417256,40,68.28825827972328,2,307,0,
2023-11-03 09:16:01.273632632,9.832090864021627,11.117821856104664,41.18434205156949,11,0.5817159446348869,-0.1837707888406509,21.33698071154832,57.73469819213287,10,92.50220705304856,4,307,1,26.060964682180526
2023-11-03 18:01:47.789137800,21.713616587242697,34.431387073432425,83.50713540746881,11,1.3180607235671102,0.7363447789322234,17.857581877512146,66.04461881824314,10,100.0,4,307,1,24.221374298239024
2023-11-04 02:47:34.304642968,9.567565090720862,11.704961711859715,35.15532756490369,11,0.8311524556290699,-0.4869082679380403,21.098443695670884,62.22423445375234,10,96.17758643409887,4,308,1,24.631022624900545
2023-11-04 11:33:20.820148136,2.6521564296584947,9.00992367468778,17.555246917525896,11,0.6894769021790599,-0.14167555345001004,19.389671150505798,59.49016500549434,80,55.795721801404625,1,308,0,
2023-11-04 20:19:07.335653304,0.24703413744155223,0.356135171190768,8.756219014477495,11,0.5229710779245751,-0.1665058242544848,20.662131239169465,57.574203833430076,20,63.55725141247053,3,308,1,40.52014744590668
2023-11-05 05:04:53.851158472,20.409816863741813,24.420124588889145,94.9273563450597,11,0.897755028381048,0.37478395045647295,22.170333097981796,64.62750178681148,80,82.97721226540875,1,309,1,35.79102213683172
2023-11-05 13:50:40.366663640,0.21498864160261313,3.527523197535729,16.071277939937517,11,0.27601505438561486,-0.6217399739954332,17.800143731142292,66.80264498257334,80,45.906789606091955,0,309,0,
2023-11-05 22:36:26.882168812,20.770577666041703,34.908976665259324,106.89748435450551,11,0.8216476827965169,0.5456326284109021,19.679869259659743,57.82065542569684,20,100.0,3,309,1,23.792839325538285
2023-11-06 07:22:13.397673980,7.527637204695544,11.842987833145086,28.445961425224105,11,0.9324895243944213,0.11084184159790444,19.998984915594647,54.807073938397764,80,56.14081637114738,1,310,0,
2023-11-06 16:07:59.913179148,27.979918427926627,44.88503914420349,175.5282408465032,11,1.6739802619476072,0.7414907375531858,19.201195902828307,63.9305229066653,40,100.0,1,310,1,19.188832365980513
2023-11-07 00:53:46.428684316,16.03372523023125,19.700378579039246,46.281174497977936,11,1.1863883486394415,-0.48759191330816565,22.02315705517261,53.20434141564489,20,77.95802409519601,4,311,1,27.85544449990509
2023-11-07 09:39:32.944189484,61.82194410847326,72.10517808079709,146.44011602367158,11,2.5188486554697262,1.3324603068302847,18.77656942634839,53.90713009998381,40,100.0,0,311,1,1.0
2023-11-07 18:25:19.459694652,4.318786168482837,4.12074371836218,16.984386565253203,11,0.20095931700965625,-2.31788933846007,19.10047739822602,55.1090550165819,40,61.58062134668309,2,311,0,
2023-11-08 03:11:05.975199820,14.575252591114578,24.545483222429887,51.01531321488779,11,0.8316177856895374,0.6306584686798811,18.785456063025475,58.33333624266546,10,92.96870915341086,2,312,1,23.507947597213164
2023-11-08 11:56:52.490704988,5.140490026229409,5.613145979192858,13.1011834073117,11,0.6930243438351392,-0.13859344185439815,22.38350546734627,53.71712984286011,10,71.1170322252708,2,312,0,
2023-11-08 20:42:39.006210156,6.536873042851913,19.04998611645415,55.805422363991696,11,0.848340922579939,0.15531657874479976,19.208691022487997,50.693158947716974,20,88.48387476845868,5,312,1,31.996522207532344
2023-11-09 05:28:25.521715324,9.875329076281155,23.904375708354053,46.6533939078835,11,0.8920006959787593,0.04365977339882032,21.10793902133266,54.69847550744548,80,58.028754535431325,0,313,0,
2023-11-09 14:14:12.037220496,20.6891406403239,33.33571086577142,74.53273130726599,11,1.3209233620458416,0.4289226660670823,24.133611924311136,63.57677567656507,40,92.38476989944601,1,313,0,
2023-11-09 22:59:58.552725664,41.403970368413084,40.278632983872626,65.33818988519283,11,1.7331960787440368,0.4122727166981952,20.02700295260712,53.995559225982745,80,67.04968108193539,1,313,1,16.962197374057226
2023-11-10 07:45:45.068230832,14.621971103392251,21.82599204512515,47.628566271927404,11,1.0348534356293688,-0.698342643114668,22.395283911658105,58.64097671341273,40,76.55281410177943,2,314,1,27.25870216444897
2023-11-10 16:31:31.583736000,5.408841935911418,12.411527268931412,57.943302150243824,11,0.6044790448411392,-0.4303743907882296,23.5084782610552,70.0650324975657,10,98.5685692510465,5,314,1,35.47467838186577
2023-11-11 01:17:18.099241168,5.470695758190241,6.972792870984011,15.980708836761078,11,0.875544041097963,0.2710649962568238,22.21484563189942,60.07505437350173,10,75.18722999650453,2,315,1,34.304007498364435
2023-11-11 10:03:04.614746336,13.378177759736655,15.846313735143305,43.32763726607759,11,0.8398723708100893,-0.03567167028787377,20.121637269673855,62.02313475190664,10,91.14966110144235,3,315,1,38.76089794602926
2023-11-11 18:48:51.130251504,2.728291200595943,2.4945893359214493,14.856832220599754,11,0.3133819007670081,-0.5264904700430811,21.434317871995127,55.57000461673804,20,72.82833195847088,4,315,0,
2023-11-12 03:34:37.645756672,1.1706666958066148,4.836493187568204,19.113104067007985,11,0.4175784632280686,0.10419656246106046,17.570292772856803,71.1074741867557,40,53.59526498853504,2,316,0,
2023-11-12 12:20:24.161261840,4.379193315941165,5.524865439263621,35.68480200575294,11,0.5731392824390635,0.15556081921099496,18.579996489426346,57.57369316576036,80,55.78161822691739,1,316,1,31.82382784942311
2023-11-12 21:06:10.676767008,3.38609106417826,4.866037010064678,22.871676246755666,11,0.8151827490579814,0.24204346661891785,18.925850617741833,59.12987853975376,40,57.6771202999419,2,316,0,
2023-11-13 05:51:57.192272176,3.5141468973230556,5.538239903273308,18.66371798032099,11,0.6172117372922357,-0.19797101176574572,24.61162881102764,66.84610253119497,80,49.138773322416924,2,317,0,
2023-11-13 14:37:43.707777348,2.6606116595949674,5.680452629842585,32.93952941610053,11,0.5727871156971954,-0.04442462159504024,18.500524630449583,59.342716093652136,80,53.046360245486994,1,317,1,35.34435051579933
2023-11-13 23:23:30.223282516,0.43004780937347326,5.3260969842111745,13.371857983782078,11,0.3121292410770557,-0.26065787462013973,18.46611482603763,60.48158057049865,80,37.84552277995797,0,317,0,
2023-11-14 08:09:16.738787684,0.1803560283194906,0.5745165581887274,8.894085650065016,11,0.6664488041141924,0.3543195630371367,18.028686700194513,58.824615717439315,40,49.171355090370696,0,318,0,
2023-11-14 16:55:03.254292852,43.99977979112302,50.71512548167322,155.99087068959852,11,1.7567564198345154,1.0903076157203229,21.231698258921078,58.84998757983298,10,100.0,5,318,1,18.645146222702987
2023-11-15 01:40:49.769798020,5.58219746892102,6.758752645401946,21.809849132555712,11,0.6592259040441726,-1.0975305157903428,20.392949415200704,62.06792331386634,20,72.13856562270922,5,319,0,
2023-11-15 10:26:36.285303188,4.850387274553178,8.979045581251096,32.26920150402039,11,0.9828348166799475,0.32360891263577496,22.276942375849373,62.97156478958302,20,77.19641102105058,3,319,1,39.72766291483413
2023-11-15 19:12:22.800808356,11.38332648626447,15.435366938615267,40.57833869573359,11,0.983772865321303,0.0009380486413554934,21.441747518199662,56.982214216027074,10,88.8761073978236,2,319,1,23.493063121620864
2023-11-16 03:58:09.316313524,2.4622525594093334,6.794425679497917,28.864408266241924,11,0.29153849844013097,-0.6922343668811721,17.334338302836926,56.35983371183548,20,74.17407701257511,2,320,1,34.61545793333383
2023-11-16 12:43:55.831818692,29.94956253739776,33.373050718920084,111.62646048510098,11,1.0788197106666617,0.7872812122265307,18.476538384661065,57.1365074050758,80,93.66417062839359,1,320,1,19.808569896021538
2023-11-16 21:29:42.347323860,15.433927818755862,18.66586488451958,42.169630006637796,11,0.9824751151964639,-0.0963445954701978,22.817813538440035,53.168042012777946,20,83.71945765852422,5,320,1,34.162807442501325
2023-11-17 06:15:28.862829032,0.9366363864100695,8.079845559636526,18.479068481243893,11,0.3569830603496056,-0.6254920548468583,19.676707927891137,52.214457541493005,40,59.74357851191881,1,321,1,37.71121324452949
2023-11-17 15:01:15.378334200,5.405647740333897,8.511570385176146,24.96551765195842,11,0.822938008185039,0.46595494783543345,22.454722753812348,61.64491397167718,10,76.62641777518613,2,321,1,31.28822634421008
2023-11-17 23:47:01.893839368,21.129429601408532,26.527709403581454,65.07846544085693,11,1.196318299056981,0.3733802908719419,19.77649831436225,64.84469943626134,10,100.0,4,321,1,20.738857625347464
2023-11-18 08:32:48.409344536,28.955616031208322,30.919762378842375,49.94827667587561,11,1.421386898217363,0.22506859916038202,18.136954902310332,64.49976198350083,10,82.68042872158006,2,322,1,20.828382689873028
2023-11-18 17:18:34.924849704,6.299874431013923,5.283598604150401,11.201703821718423,11,0.5374848383333118,-0.8839020598840511,19.46224027160135,48.22756728818623,10,77.67014790924813,4,322,1,35.15590730791696
2023-11-19 02:04:21.440354872,9.503941725764365,13.407559123851872,33.91320735537323,11,1.1724311568111472,0.6349463184778353,18.12924288479155,58.90535951656558,40,59.90981939350401,1,323,1,40.12745809339078
2023-11-19 10:50:07.955860040,1.8276238925679855,6.724451171738969,47.5814931932019,11,1.1723157351708413,-0.00011542164030586832,18.930904240986802,54.61355975362051,80,63.31047116575058,2,323,1,40.1046786533703
2023-11-19 19:35:54.471365208,47.294446860928126,55.75940733697745,137.73883149834444,11,1.947766065836994,0.7754503306661527,20.460615168281905,60.836214699407115,80,100.0,1,323,0,
2023-11-20 04:21:40.986870376,2.635381650176833,2.604237147075387,9.627892342814944,11,0.6493578541572906,-1.2984082116797033,21.078814681700564,58.02209140787814,80,44.82806216907296,1,324,1,32.471883049483786
2023-11-20 13:07:27.502375544,28.60009331493888,31.755488333944637,56.799043372358646,11,1.4090402182510866,0.759682364093796,16.87214941218543,63.064623648611,20,91.29091428256044,5,324,1,18.501278630946604
2023-11-20 21:53:14.017880716,10.4881305946856,22.65672174989479,42.044220475926245,11,0.8843924567044462,-0.5246477615466404,20.014810467272568,60.00332751257482,80,68.53624566421102,1,324,0,
2023-11-21 06:39:00.533385884,9.358222228721939,15.122152261165601,30.16995122010942,11,0.6719718736395355,-0.21242058306491074,18.873416353052914,50.61328617375539,20,67.37818733499732,5,325,1,32.990163951942705
2023-11-21 15:24:47.048891052,7.188517525924412,9.10134964000599,22.484893586753735,11,0.5177902494224527,-0.1541816242170828,18.74700651731495,55.252242906467444,40,66.11981157173254,2,325,0,
2023-11-22 00:10:33.564396220,2.622350280519626,4.651999039591729,34.55333896071833,11,0.3718475429012049,-0.14594270652124774,20.30648070310402,60.111148503809005,20,77.93243300724652,5,326,1,33.35948811932196
2023-11-22 08:56:20.079901388,1.9422577002336727,6.4036909295217175,72.59186380998761,11,0.6839300684097198,0.3120825255085149,18.937570115448658,60.527499867809595,80,74.04259614087069,0,326,0,
2023-11-22 17:42:06.595406556,2.4908489862050676,11.032715025613776,24.84128731610344,11,0.556209234339512,-0.12772083407020784,22.800199359203663,53.04346270050062,10,86.21992618334902,2,326,1,38.532329616063194
2023-11-23 02:27:53.110911724,2.063334635545502,1.9412276531939638,4.871762549937561,11,0.045020399214743545,-0.5111888351247684,22.409583788170305,52.38462155360576,40,51.256257019542744,1,327,0,
2023-11-23 11:13:39.626416892,15.122407575727966,15.012219732775494,30.14014184583244,11,1.0415419929619787,0.9965215937472351,22.394740490435094,60.343394492967924,80,58.65772350491961,1,327,0,
2023-11-23 19:59:26.141922060,4.309756410730744,14.520797709850184,30.415373523605684,11,0.7237508488202855,-0.3177911441416932,19.0389746208975,53.039253493503566,80,50.24633819616287,1,327,0,
2023-11-24 04:45:12.657427228,0.5958300833276848,0.6731800932842217,3.9560492428833403,11,0.7879830028796251,0.06423215405933957,18.10159573399832,51.71003967517,80,38.81303945996021,1,328,0,
2023-11-24 13:30:59.172932400,34.770842165267744,34.87163552216533,77.42981289202234,11,1.61875767794521,0.8307746750655849,20.18853897585888,57.82325567100859,40,93.43290670998417,2,328,1,22.690742713989035
2023-11-24 22:16:45.688437568,21.523209700260004,37.91157063836883,96.31669305833157,11,1.013845181126829,-0.604912496818381,19.721755456164505,57.60267392078082,10,100.0,2,328,1,20.630731967654672
2023-11-25 07:02:32.203942736,26.276545538067545,27.60873376643008,65.62185480182238,11,0.8556829202796558,-0.15816226084717322,18.802866329541484,55.64902292207992,10,100.0,2,329,1,22.517506463817533
2023-11-25 15:48:18.719447904,52.80049769049707,50.00737278132384,122.63586309415852,11,1.9121892047555924,1.0565062844759368,17.667191654755904,56.51863631255484,10,100.0,2,329,1,12.115818454499749
2023-11-26 00:34:05.234953072,1.9103369657618532,2.3822236111081208,14.180878062446059,11,0.4370074912875878,-1.4751817134680045,19.933859963824347,60.10297042083295,80,46.095192618180754,2,330,0,
2023-11-26 09:19:51.750458240,5.045818548938808,6.127933525503287,15.689975585897972,11,0.8508275464338423,0.4138200551462545,19.207079847678273,56.42962297796734,20,68.00711838206114,3,330,1,38.461542470183936
2023-11-26 18:05:38.265963408,14.198034754812706,13.048255164665242,50.22527002720482,11,0.9126690602849918,0.061841513851149554,21.390323189080924,60.38074333833397,80,63.94876813013656,0,330,0,
2023-11-27 02:51:24.781468576,11.907954024213375,24.431038740270573,79.36612192202752,11,1.209207167506675,0.29653810722168306,21.342339133778662,58.12191138088473,10,100.0,2,331,1,22.414729485244813
2023-11-27 11:37:11.296973744,1.6711288479350686,4.411052479548503,9.263205566617188,11,0.31256649061365943,-0.8966406768930155,22.212312132594153,60.859675820430716,40,52.247053145321985,2,331,0,
2023-11-27 20:22:57.812478912,16.91913002986315,23.72250036096634,44.34325007188434,11,1.2686604810830162,0.9560939904693568,17.490794509119304,64.40979905294199,20,86.36597933933231,2,331,1,27.000716378766
2023-11-28 05:08:44.327984080,2.541706672405863,15.064580496348968,30.593103692171074,11,0.8456777690977908,-0.4229827119852254,20.81026294281234,64.21253188180313,20,69.46298548243033,5,332,1,30.311920304709584
2023-11-28 13:54:30.843489252,2.5336775396964306,4.71885589517427,11.359216167470361,11,0.19421528745943206,-0.6514624816383587,18.552063274677383,66.45504172961988,80,51.86385162050588,0,332,0,
2023-11-28 22:40:17.358994420,7.69972984290837,7.498091252185306,20.672036250478456,11,0.9934990776321748,0.7992837901727428,17.565102290636265,64.20259590900267,40,68.08641224504468,2,332,0,
2023-11-29 07:26:03.874499588,8.98794524186919,12.990655966349166,29.428009247787404,11,0.828357162854146,-0.16514191477802886,19.147749947549656,61.20269650060317,20,70.14870593359217,2,333,1,37.01900148948904
2023-11-29 16:11:50.390004756,8.677058455294674,20.059437535624504,40.91622596233951,11,0.9525444452358396,0.12418728238169363,22.141475792121252,57.84097347550331,10,85.89011385315445,5,333,1,25.563496587579206
2023-11-30 00:57:36.905509924,0.9594590297101374,9.277363289769937,18.885640905186946,11,0.43898359100621753,-0.513560854229622,19.25862825193383,58.067725304068475,80,51.49629702148111,2,334,0,
2023-11-30 09:43:23.421015092,20.993248112914237,20.54934428675554,51.230996401186275,11,1.3804078077102346,0.9414242167040171,23.133461137095075,55.61621710217465,80,59.67939615187869,0,334,1,26.398192799392906
2023-11-30 18:29:09.936520260,3.0870149766701553,8.544121624816936,45.514529087422886,11,0.41001104993379844,-0.9703967577764362,21.099683449719937,60.02649929261633,10,90.29425018819984,2,334,1,31.341763057677912
2023-12-01 03:14:56.452025428,1.387046609694003,5.748140014476835,15.264867859824733,12,0.7516407360134376,0.34162968607963917,19.213207816601418,63.48971494268481,10,83.14506871219244,2,335,1,28.154788811761758
2023-12-01 12:00:42.967530596,21.959580984800336,32.04517517461019,59.36226041586209,12,1.423764866623843,0.6721241306104053,22.32103575207934,56.373539774117944,10,100.0,4,335,1,17.577138004620302
2023-12-01 20:46:29.483035764,31.156763527532792,32.127478197276126,56.646697406831564,12,1.2495765668889727,-0.17418829973487027,20.89137032991853,59.815064278061044,20,98.22433041186372,3,335,1,17.016399856268777
2023-12-02 05:32:15.998540936,19.814267844749622,25.200468284972576,60.93316743949412,12,1.544964759629233,0.2953881927402604,18.13518367829724,56.61379376677245,40,81.3205044577481,0,336,0,
2023-12-02 14:18:02.514046104,16.581874697336122,29.815706315229132,74.17286515211661,12,1.1761002531425175,-0.36886450648671554,23.717721178746228,61.04700346610847,20,94.03224256466738,5,336,1,30.594986726504533
2023-12-02 23:03:49.029551272,10.6491250119862,14.532122533356729,23.967204635918712,12,0.9890822476274961,-0.18701800551502146,20.518974792321885,57.25311737254811,40,62.23981987622445,1,336,0,
2023-12-03 07:49:35.545056440,8.004147815698987,11.857646965395476,27.749096521374103,12,0.4732352669007833,-0.5158469807267128,20.037598556586858,56.302459488761485,80,53.12160656364388,2,337,0,
2023-12-03 16:35:22.060561608,0.9100489675235081,1.3407698038541436,4.553742613057749,12,0.9551546779907246,0.4819194110899413,18.289017647367462,56.60033249969726,40,51.594085760513195,2,337,1,33.430281652883984
2023-12-04 01:21:08.576066776,5.250144999102648,7.816258154400666,26.66368771928996,12,0.4382540934810416,-0.516900584509683,22.35932412370418,62.517139046205244,10,83.21282531916631,3,338,1,34.06636752631388
2023-12-04 10:06:55.091571944,4.663120786306162,6.243841853093658,25.26840487260889,12,0.8606781208102459,0.42242402732920425,21.035050828378512,59.51725292066002,20,67.97536889207326,2,338,0,
2023-12-04 18:52:41.607077112,3.007724234762845,16.920771919611436,39.18076476035007,12,0.5304078603050321,-0.3302702605052138,21.25931649883947,57.8595716264978,10,91.00147115502826,3,338,1,29.57027561831251
2023-12-05 03:38:28.122582280,12.852555799970684,13.341247168196237,44.3004411607322,12,0.7666658271118395,0.23625796680680744,18.986205389243953,61.30955866532703,80,55.10690424157314,1,339,0,
2023-12-05 12:24:14.638087448,6.849324839176536,9.165404426329937,17.892310118961035,12,0.8863913498239195,0.11972552271208003,21.66998492410195,57.930986473225374,20,65.36202201993994,5,339,1,37.25049816227336
2023-12-05 21:10:01.153592620,0.8451944723555854,6.463023431856122,23.23224267769096,12,0.7870446665007044,-0.09934668332321517,21.826014428295018,65.63736395073535,20,71.02172752314638,5,339,1,39.76504033279842
2023-12-06 05:55:47.669097788,2.486962611804165,3.504757031227138,12.180047793555133,12,0.33052997272553425,-0.4565146937751701,18.665521970752703,55.13682612816361,10,64.7922573334996,5,340,1,41.36667800737976
2023-12-06 14:41:34.184602956,11.49670127597249,15.258465612560578,34.097046875353534,12,1.1006131154564542,0.77008314273092,17.169877110268462,59.07285721517448,20,80.89348111940136,3,340,1,26.238634392229446
2023-12-06 23:27:20.700108124,0.7918484019491232,7.345975145183045,64.21450282530782,12,0.7982928185174518,-0.3023202969390024,21.167470170101378,52.98562199451206,10,91.84147886341638,2,340,1,28.61255268099297
2023-12-07 08:13:07.215613292,19.051986230442047,30.877047362855443,77.77372818233037,12,1.002219516468417,0.20392669795096507,16.858984519266194,58.27698487750487,40,92.23480254565608,1,341,0,
2023-12-07 16:58:53.731118460,6.834870443120784,11.273376584672969,24.270430014221038,12,1.0691606934273674,0.06694117695895052,20.310752029711992,51.61526345953972,80,45.671168557469706,0,341,0,
2023-12-08 01:44:40.246623628,6.550551374355909,12.512027440464275,47.53085917873132,12,0.4647597762421532,-0.6044009171852143,19.113359990229167,63.747283012403194,10,91.74083613584816,3,342,1,27.498305653692736
2023-12-08 10:30:26.762128796,8.974880765880748,9.85299110215981,20.920467750028507,12,0.6530730097836901,0.1883132335415369,22.446397997522233,63.85065398691668,80,53.0558871097614,1,342,0,
2023-12-08 19:16:13.277633964,17.411479129444768,30.88936841752573,77.90408153782263,12,1.2529237915825504,0.5998507817988603,19.2246847995496,63.94159603079041,20,100.0,5,342,1,26.75521538527797
2023-12-09 04:01:59.793139132,4.274181339452152,4.360552232998363,11.897678104554092,12,0.4583758921785054,-0.794547899404045,22.22631113631744,60.16789278549201,80,46.53109894081379,1,343,0,
2023-12-09 12:47:46.308644304,11.33253897922851,16.945045117249858,45.89857487067026,12,0.948865047892937,0.49048915571443163,18.984826496444835,55.62713874679132,80,53.03615579433759,0,343,1,30.017721929664805
2023-12-09 21:33:32.824149472,8.340933410349736,10.985176889905745,21.806507622147375,12,0.8248856528667112,-0.12397939502622579,22.014795143797702,56.027923107177216,80,55.67172947425256,1,343,0,
2023-12-10 06:19:19.339654640,3.1064814560107075,17.18615398989327,37.710152216905264,12,0.6965763150346027,-0.12830933783210852,24.137151497980305,67.68379709671589,20,77.69548408415754,2,344,0,
2023-12-10 15:05:05.855159808,21.089114354403584,28.71677917325998,78.44238570835418,12,1.3754301865387835,0.6788538715041808,17.88211690926014,67.21480789098423,40,89.57072612647121,0,344,1,26.506310324347865
2023-12-10 23:50:52.370664976,15.966501337527326,20.44212726989898,75.57183161447114,12,0.9780791409180085,-0.39735104562077495,20.60411287359921,60.652858645028644,40,90.57523095667364,0,344,1,21.878834794938676
2023-12-11 08:36:38.886170144,10.74266569384876,11.557949640295107,32.77403351945911,12,0.8767410240426875,-0.10133811687532102,25.519523942426318,57.46574805081074,40,55.26012697520099,2,345,0,
2023-12-11 17:22:25.401675312,19.010057185416066,23.677225164650796,68.41228979753767,12,1.3462677708524098,0.4695267468097223,20.1571418475349,66.89104550095065,10,100.0,4,345,1,20.796149254494736
2023-12-12 02:08:11.917180480,20.1962063822053,27.265963364146725,65.92382069989364,12,1.3347210032907413,-0.011546767561668503,20.149633184760763,56.57959748167888,10,100.0,4,346,1,19.25114234340793
2023-12-12 10:53:58.432685648,12.322453209093108,17.788466309861235,45.54034294155869,12,1.0815371854433162,-0.25318381784742505,21.60523432028697,61.2007188916494,20,88.87934600080695,2,346,1,23.32867883272115
2023-12-12 19:39:44.948190816,18.140868506209323,15.061765349838915,26.673737422062718,12,0.7835991031792195,-0.2979380822640967,20.11266522749714,66.82079352560756,40,66.97243752772508,0,346,1,20.73078272263566
2023-12-13 04:25:31.463695984,11.955796643719838,29.369449691417813,52.30272120191101,12,1.1377689448888393,0.35416984170961974,16.61840583652399,55.88402315300706,80,58.01635098704777,1,347,0,
2023-12-13 13:11:17.979201152,11.398742917288649,21.79130870820237,38.16235410474371,12,0.7701881872338958,-0.36758075765494347,22.29987411299879,64.2167166548274,40,75.3943063141171,0,347,1,24.064791386383952
2023-12-13 21:57:04.494706320,9.639364190221881,10.268648546790411,26.33617629050122,12,0.5391907733167365,-0.23099741391715933,16.031931241677054,62.678460118034224,10,85.41571358605167,5,347,1,37.071253819130234
2023-12-14 06:42:51.010211488,13.972203916260641,19.90110508345249,38.79495884126765,12,0.964113859902744,0.4249230865860075,19.20686059724988,59.883305087895316,20,71.66127143336774,3,348,1,24.96380933188155
2023-12-14 15:28:37.525716656,1.7269417546127899,5.407196797666888,11.328432328153806,12,0.4077517657386067,-0.5563620941641373,22.45799830606377,55.11912561983537,40,55.94298168154077,0,348,0,
2023-12-15 00:14:24.041221824,21.275463180521534,27.3615064164586,48.71397948150431,12,1.3572478715430123,0.9494961058044056,19.33285188933691,56.46967469272859,10,99.53112031003143,4,349,1,24.4538899640614
2023-12-15 09:00:10.556727000,20.545033221429353,26.193409466111234,87.537594241191,12,1.3357418510287644,-0.02150602051424788,18.661420682229043,61.544882698569,10,100.0,3,349,1,21.486845046092938
2023-12-15 17:45:57.072232168,0.2968351154302202,4.653688227585126,12.372656721136876,12,0.17194833729816733,-1.163793513730597,21.81030532917775,52.98687106328233,80,53.074215039795526,2,349,0,
2023-12-16 02:31:43.587737336,17.476473762753137,24.12218061426082,57.24994068133712,12,0.925090773482293,0.7531424361841257,18.352598675975813,60.76337579438042,40,71.06182647003094,0,350,1,26.606786627786484
2023-12-16 11:17:30.103242504,1.3796390740375564,3.796726046109015,17.026317586418088,12,0.2736027075582415,-0.6514880659240514,17.613514366810172,62.82118653229647,80,44.55702290997412,0,350,0,
2023-12-16 20:03:16.618747672,4.081469825093086,9.12198000954676,25.85119324165513,12,0.5803233412787512,0.30672063372050967,20.61021810779159,65.04848112965556,40,58.2112424438791,0,350,1,34.106948231119006
2023-12-17 04:49:03.134252840,13.606588031607416,18.96178374135391,36.91249848107601,12,1.0527847320194523,0.47246139074070115,19.69865457664066,53.137216974630576,20,85.34091789848131,4,351,1,26.677798796687075
2023-12-17 13:34:49.649758008,1.7525843472956317,8.03644075329624,23.25080609936943,12,0.5669584748431974,-0.48582625717625494,17.58055264146479,66.71703422549132,40,59.17032236693873,0,351,0,
2023-12-17 22:20:36.165263176,17.035674221585722,16.544250626284946,27.420857801243944,12,0.8882041425611368,0.3212456677179394,21.34528824226913,68.61958379545847,80,47.89634388731698,1,351,0,
2023-12-18 07:06:22.680768344,17.84590297012224,25.81362975727032,54.55842244359293,12,1.3750896623377757,0.48688551977663896,21.003929200755103,62.20066581776924,80,69.50526561636677,2,352,1,29.029201596623317
2023-12-18 15:52:09.196273512,7.08195305309597,8.99936207685997,18.689808593860658,12,0.2706612473112614,-1.1044284150265145,19.35910125589964,54.9669796710985,10,82.65080924989391,3,352,1,28.052816091774545
2023-12-19 00:37:55.711778680,0.06406348617415167,1.581197746862261,11.406448969112752,12,0.7644676258957507,0.4938063785844893,19.49969098434675,58.52416355139208,40,59.04090495852703,1,353,1,35.97853101422422
2023-12-19 09:23:42.227283848,3.383273427118551,4.2212154287876,20.066421890811093,12,0.5010199641991497,-0.26344766169660094,21.026970530345494,59.934383867061825,40,58.67651511927549,0,353,1,38.793345791237265
2023-12-19 18:09:28.742789016,9.595294943637384,11.653885834108392,31.123339387689985,12,0.7928229551912737,0.2918029909921239,22.470824210560018,61.53252028576455,20,76.83434119902974,4,353,1,34.67356639024713
2023-12-20 02:55:15.258294184,39.73163467974408,58.371088413563996,101.41965041218327,12,1.7728709101865,0.9800479549952262,19.528517481802673,60.29811556726066,10,100.0,3,354,1,17.699908543848068
2023-12-20 11:41:01.773799352,9.991657490890635,12.145129022310083,29.349207351956125,12,1.1298620611487373,-0.6430088490377626,21.407569554964795,61.60221085237009,80,63.04861206565671,0,354,0,
2023-12-20 20:26:48.289304520,3.0083969701011704,9.972739888080243,35.80880272232605,12,0.41369963892177386,-0.7161624222269635,21.23276773421928,59.751000813404545,40,73.62542715445268,1,354,0,
2023-12-21 05:12:34.804809688,10.051375279415504,12.062687321052657,22.7940775510738,12,0.8240016527432238,0.41030201382144993,21.86524260744557,61.53879151661645,10,86.81182292074027,2,355,1,28.504831123513526
2023-12-21 13:58:21.320314856,7.764970067776713,12.536060192950156,32.86765728427662,12,0.8861477336570351,0.06214608091381135,20.189593057559822,57.919332214339214,20,80.40440831500604,3,355,1,23.542898240341618
2023-12-21 22:44:07.835820024,15.134252301294655,39.58413746242651,103.73195675142581,12,0.8763258670731247,-0.009821866583910488,18.290756109736478,58.539880690826045,10,100.0,4,355,1,27.92944346683453
2023-12-22 07:29:54.351325192,1.1314701729582906,8.63079846829753,22.068851058161574,12,0.4249577540529104,-0.45136811302021423,19.194927071192733,57.35972490280201,40,54.812613108331846,2,356,1,37.915385127018126
2023-12-22 16:15:40.866830368,14.314084807364829,14.50517011610059,34.37558913808588,12,0.9016976906086567,0.47673993655574626,20.810236231476992,69.83535627234775,40,70.35430075032117,0,356,0,
2023-12-23 01:01:27.382335536,7.792860190698895,10.667507576639288,30.121873532206564,12,0.5851992726434959,-0.31649841796516076,23.766147580761434,67.5779415788681,20,75.63226291641988,3,357,1,38.943081882822376
2023-12-23 09:47:13.897840704,32.96621277767666,33.01363366569649,72.92564920669648,12,1.3263422379666683,0.7411429653231724,19.165954621116793,63.04445868508678,20,100.0,4,357,1,18.49301061973063
2023-12-23 18:33:00.413345872,4.183560899891112,7.106682894392377,14.473906441185164,12,0.5847655143264586,-0.7415767236402097,21.748429233663302,66.9042536795557,20,71.27404913250473,4,357,1,40.67465857008437
2023-12-24 03:18:46.928851040,10.01363697345023,18.315946206012985,35.762015782015716,12,1.013348467858369,0.42858295353191045,19.48768727460364,64.27990704680373,80,60.63291024177296,1,358,0,
2023-12-24 12:04:33.444356208,26.886609755685512,32.27465308713557,62.61798104732905,12,1.291935170609437,0.278586702751068,20.369768780490496,61.20401833500673,10,92.88786653601375,4,358,1,17.870420749411885
2023-12-24 20:50:19.959861376,1.0815299766527462,2.217355994782391,11.76060911332801,12,0.7594893983754681,-0.5324457722339689,23.18474103508477,52.780038368016754,10,75.43530187362165,2,358,1,40.117880495741
2023-12-25 05:36:06.475366544,27.682539268387686,41.91813315550883,102.53186265884248,12,1.2732805603909712,0.513791162015503,21.687734052486505,59.00747817866558,10,100.0,3,359,1,20.285716890323272
2023-12-25 14:21:52.990871712,11.64385883557969,14.402178758020781,36.51981703707799,12,0.6265145121971111,-0.6467660481938601,17.681836691176983,58.653681013226034,80,59.521738139454364,1,359,1,35.4607360794049
2023-12-25 23:07:39.506376880,0.702476502911083,3.114100645217319,34.75369691654916,12,0.9304596176546216,0.3039451054575105,19.024856437158398,54.674237104102374,10,85.29910710106137,4,359,1,23.372562825364078
2023-12-26 07:53:26.021882048,3.580524164282398,7.3426744779549455,43.25686517411257,12,0.5134456025320953,-0.41701401512252634,22.687705228589962,52.91971370638141,20,80.24870370658975,2,360,1,39.69554204735886
2023-12-26 16:39:12.537387216,12.315909951213124,17.94944479513676,61.28807763822729,12,0.663630245561198,0.15018464302910273,20.464559390897424,62.825203344116,10,100.0,3,360,1,27.158318544570054
2023-12-27 01:24:59.052892384,0.6972592739476131,4.871612544653729,28.553121989410148,12,0.21425052257112343,-0.44937972299007456,17.888748446066646,61.99537898245081,80,52.11587042686119,1,361,0,
2023-12-27 10:10:45.568397552,8.726817290949638,13.359969365071324,28.58713741756808,12,1.023156730231494,0.8089062076603705,18.55423368996522,54.547292259487264,80,54.9015264066541,1,361,0,
2023-12-27 18:56:32.083902720,4.244691315113612,7.759930570094287,12.53861125296788,12,0.5942322290712033,-0.42892450116029057,21.60491993465337,56.66647324628111,10,68.67224617211241,2,361,1,37.311135825771785
2023-12-28 03:42:18.599407888,9.699961904748347,11.56374907834252,36.03393147981404,12,0.7588947818651124,0.16466255279390907,22.19263207395432,66.21373438880894,80,53.85495835610673,1,362,0,
2023-12-28 12:28:05.114913056,0.46821239277954846,8.866628463305835,23.49167064570199,12,0.5661901901713214,-0.19270459169379095,20.24548494652638,56.03106611954125,80,55.02605315886579,0,362,1,36.20837227457731
2023-12-28 21:13:51.630418224,20.521128448769126,21.8507421945461,72.05116969149958,12,1.3315185678547996,0.7653283776834782,25.166448882538873,61.28563708100235,10,99.87462426226742,3,362,1,27.22062949136185
2023-12-29 05:59:38.145923392,36.30194375144341,30.117108911550925,121.97497639468507,12,1.4913039973491935,0.1597854294943939,21.870256943574297,59.49501293548614,80,100.0,0,363,1,16.56947091340437
2023-12-29 14:45:24.661428560,34.69835664491751,38.973461525029165,95.2794021574858,12,2.052512503915167,0.5612085065659735,19.741204904640526,62.988151443122966,80,92.51169785524951,2,363,1,14.215615689133436
2023-12-29 23:31:11.176933728,13.849026569612299,27.00744586059379,50.18644512794927,12,1.0738071048090299,-0.9787053991061372,18.60305355708018,56.18839304327558,10,93.7520728872757,5,363,1,35.34327897605206
2023-12-30 08:16:57.692438904,1.3936119883380576,16.175245824149385,30.10776286917262,12,0.9019816513999193,-0.1718254534091106,18.291079324913852,60.9321132560844,20,90.04755196209864,2,364,1,18.876865225182293
2023-12-30 17:02:44.207944072,14.1990573116036,18.489081942390392,37.41949893766128,12,1.1299199372368574,0.2279382858369381,20.918156415548463,61.33824043590484,20,84.9252673580721,2,364,0,
2023-12-31 01:48:30.723449240,0.24894222282511314,0.9468127779256672,8.698592815762943,12,0.5071575081841513,-0.6227624290527061,19.27630897111452,61.65863015302877,80,39.60289887435279,2,365,0,
2023-12-31 10:34:17.238954408,0.22371947734473863,3.8434138038478087,15.047493286977,12,0.4255143303812801,-0.08164317780287117,23.6079831862296,60.91636064633857,40,61.25461691198874,0,365,1,35.97572169773146
2023-12-31 19:20:03.754459576,3.9098577021723018,5.232063161796371,26.956184960816202,12,0.6969105713747206,0.27139624099344045,23.199835115934572,62.257469623168255,40,63.807407812006886,1,365,0,
2024-01-01 04:05:50.269964744,6.706876749216802,19.244907649269464,38.962857508086145,1,0.9286063577184852,0.23169578634376464,21.540143533529946,71.50687253732504,10,85.59786829974601,2,1,1,29.229747524747
2024-01-01 12:51:36.785469912,14.714489225838568,15.60202152954041,51.429595889014834,1,0.83579279018687,-0.09281356753161518,17.922899998285715,73.36827357225454,10,90.36525222867637,3,1,1,23.29237814104412
2024-01-01 21:37:23.300975080,11.49785726890819,13.348260597671436,40.43904487116598,1,0.8967075245450093,0.06091473435813932,18.94341936115607,57.37963350858815,20,85.19398911002489,4,1,1,30.3770027288196
2024-01-02 06:23:09.816480248,5.904149873957085,8.611602828098256,32.70408017457589,1,0.9514400214120435,0.054732496867034186,22.80625965391702,48.99859430310714,40,63.36231276416728,0,2,1,26.10543326034092
2024-01-02 15:08:56.331985416,3.19691162558407,5.083308443138273,9.374850002074455,1,1.028760864757,0.07732084334495637,19.17590230939371,63.5815459215777,10,74.17804322585197,2,2,1,25.412946669038806
2024-01-02 23:54:42.847490584,58.51528761656979,56.06251971871144,138.71042713550764,1,2.4018048135883947,1.3730439488313948,22.55353076855937,61.549756900946974,40,100.0,1,2,1,5.048467468168937
2024-01-03 08:40:29.362995752,5.554417901100342,7.724836898484989,30.370293997704287,1,1.0608886642829132,-1.3409161493054815,21.26575009707746,65.93829379793378,40,61.444357312359195,1,3,0,
2024-01-03 17:26:15.878500920,6.003620484245429,7.145432979578818,14.950919379532456,1,0.5656518972394056,-0.4952367670435076,20.427355201391027,62.07226836210589,80,46.84081368940887,2,3,0,
2024-01-04 02:12:02.394006088,1.786767924545557,3.3729413805770196,7.563922506095171,1,0.7098412227085401,0.14418932546913454,18.92571308759369,60.955777124557734,80,45.72287271666834,0,4,0,
2024-01-04 10:57:48.909511256,15.838167006373084,17.709054409878114,62.76938474614735,1,1.2615577859424971,0.551716563233957,20.150432278090804,66.32237290966673,40,68.44289655531644,0,4,1,22.576849330156943
2024-01-04 19:43:35.425016424,11.831322380365739,13.280982572908648,32.28620530442629,1,0.6901696067420021,-0.571388179200495,20.725838964135068,67.03698905083975,20,76.22770164804689,3,4,0,
2024-01-05 04:29:21.940521592,2.49448529453176,7.543161260353369,23.43796165261915,1,0.528203296085167,-0.1619663106568351,22.419325643958242,53.77569540080701,10,77.9883757633844,4,5,1,37.23315346182354
2024-01-05 13:15:08.456026760,0.8597305690237871,4.872726493090832,14.10356990554588,1,0.9135028286784341,0.3852995325932671,18.590563007506994,56.641037481851086,10,84.06359822002406,5,5,1,29.16428247999125
2024-01-05 22:00:54.971531928,11.409958207372403,17.672534000518773,43.015207029700676,1,0.7099047329952479,-0.2035980956831862,19.84426831687842,60.21183920741791,20,96.22136674487751,5,5,1,24.35432162207489
2024-01-06 06:46:41.487037096,10.62795094423143,25.312083348799973,69.98691928029012,1,0.6974538458414862,-0.012450887153761747,20.467497352549117,61.24789029699201,80,73.19706446537649,0,6,0,
2024-01-06 15:32:28.002542272,3.191858486737397,15.042201357418055,28.404606233456104,1,1.0198554980368306,0.32240165219534445,21.71123804484132,59.64184664217674,80,45.59116031316208,0,6,0,
2024-01-07 00:18:14.518047440,30.13154406385109,42.41554303089883,97.98814040148406,1,1.7661389565820977,0.7462834585452671,18.577063908246338,62.95902105589321,20,100.0,2,7,1,10.824153193741068
2024-01-07 09:04:01.033552608,1.6376428319465086,3.1153866907544545,47.060298451792036,1,0.6503307723432286,-1.1158081842388692,17.76904512196434,65.78489336206304,20,82.50300257843,5,7,1,28.91453311519281
2024-01-07 17:49:47.549057776,5.662234725034116,7.26883039416097,33.2388009503577,1,0.6767908475131266,0.026460075169898012,21.758387862395345,69.43446367155413,80,66.4761537201853,1,7,1,32.008475197715605
2024-01-08 02:35:34.064562944,28.755684327996548,34.12018321562315,82.81518152197964,1,1.3286106175951662,0.6518197700820396,17.382912761856165,63.73218710236364,40,99.74053747786753,2,8,1,14.868854043585758
2024-01-08 11:21:20.580068112,5.442571426935501,16.89658042502687,31.432827147781435,1,0.834207007550789,-0.49440361004437716,22.99720428891951,56.5928213265248,80,60.043288426873545,0,8,0,
2024-01-08 20:07:07.095573280,10.175650177301028,29.000024456532934,61.98942146886107,1,1.3094746395916599,0.47526763204087086,20.12390681886741,60.13463690167736,40,78.06124032836723,2,8,0,
2024-01-09 04:52:53.611078448,5.068243030091396,14.600711330029888,37.5286726836933,1,0.7950851991305421,-0.5143894404611178,17.349291141026384,60.51194540485277,10,92.15316917275067,2,9,0,
2024-01-09 13:38:40.126583616,3.2050173006688127,3.9685047223778267,21.680540359657265,1,1.0371772466865476,0.24209204755600555,19.492187144918837,63.47925636735745,10,82.16530197517015,3,9,1,30.266711730223474
2024-01-09 22:24:26.642088784,41.33770529131774,55.50637304084495,95.17224531426605,1,1.7022294391067583,0.6650521924202106,21.220028962123497,62.86440355913975,40,98.79273867362997,2,9,1,3.401067015534652
2024-01-10 07:10:13.157593952,5.265045758454232,7.3647141019710745,16.12834181714353,1,0.6750119053231415,-1.0272175337836167,19.405213313541342,71.19321423286014,40,50.273021665732415,1,10,0,
2024-01-10 15:55:59.673099120,22.45252506848132,24.31110804119157,49.40589934803494,1,1.117549848248759,0.44253794292561743,20.519588304272794,58.651491936973656,80,70.0119263662857,0,10,1,21.473334006513937
2024-01-11 00:41:46.188604288,2.6130581248389047,5.592587247869279,15.900257377031217,1,0.3911587263430043,-0.7263911219057546,21.968678224817165,62.900795655647194,20,68.48917033007179,3,11,0,
2024-01-11 09:27:32.704109456,2.396600813788579,2.49689033640855,23.46437349931689,1,0.542284173037926,0.15112544669492167,20.093212720333163,72.76874377093726,40,61.22798001193557,1,11,0,
2024-01-11 18:13:19.219614624,0.31629049095555,4.293305503434995,8.723684654324694,1,0.6327247251855489,0.09044055214762292,18.632628987516153,58.087454196378836,10,71.36105985211822,4,11,1,41.78487183347182
2024-01-12 02:59:05.735119792,10.545958588759897,10.591709871348725,35.605730420256016,1,0.9216823064790911,0.2889575812935422,19.918006186013873,61.75769184236689,80,53.834782711861116,1,12,1,26.34804894174379
2024-01-12 11:44:52.250624960,4.596990541722014,7.465136769859887,42.487776724637214,1,1.1006816143219504,0.17899930784285933,23.35496302290011,56.32616299434311,10,92.83018126871352,3,12,1,25.468881229593382
2024-01-12 20:30:38.766130128,19.977380588267938,21.185295460888874,50.86011332249179,1,1.2042940603189594,0.10361244599700892,23.904798575350384,61.479774267505185,80,56.684242651955486,2,12,0,
2024-01-13 05:16:25.281635296,6.409531147028137,17.248060974855672,43.43983099392386,1,1.0306985934250426,-0.1735954668939168,16.504283072164323,57.18718509940954,20,85.66740929521214,4,13,1,35.68029665714366
2024-01-13 14:02:11.797140464,34.48082341200801,42.69044714631624,136.45885635287786,1,1.6297397889631178,0.5990411955380752,22.73573500826667,66.34136289722417,20,100.0,2,13,1,14.983215500892978
2024-01-13 22:47:58.312645632,2.052121782608384,4.75992519127012,41.221965418321176,1,0.924252807655388,-0.7054869813077298,21.06359645869315,61.86319634840186,10,80.31757927813413,3,13,1,23.547498467170414
2024-01-14 07:33:44.828150808,20.296855047299104,30.2811412246719,64.6360758778505,1,1.688438370310315,0.764185562654927,22.42096611956861,56.46901522274515,40,91.42751451855534,0,14,0,
2024-01-14 16:19:31.343655976,14.987773046742976,26.16403036772235,45.9026183618605,1,1.167612790807273,-0.5208255795030419,19.48180170316159,65.36839493635206,40,68.66087393420236,1,14,1,30.937359585100417
2024-01-15 01:05:17.859161144,14.736920438900363,16.88528034987221,34.96232340025323,1,0.7650594091864131,-0.40255338162085996,17.05610622305593,62.08359667847574,10,83.87036589251814,2,15,1,34.55684738345682
2024-01-15 09:51:04.374666312,18.62932610814589,22.083634027766564,52.259730850483926,1,0.9836618578851498,0.21860244869873668,21.771543220678506,65.96922517288444,40,81.80255708028233,2,15,1,26.199042773156552
2024-01-15 18:36:50.890171480,14.31392112603727,15.485624679992814,40.29598167758126,1,0.997521529961706,0.01385967207655614,18.730620730715927,55.48683736682398,40,79.42014534137384,0,15,1,25.1119338868741
2024-01-16 03:22:37.405676648,9.840887504235639,11.79316174855537,40.309391450792205,1,0.9060489746203957,-0.09147255534131027,17.846077033037396,63.08944585325751,10,82.48968783237895,2,16,1,20.80505954239485
2024-01-16 12:08:23.921181816,1.4069398592758247,6.788082306370274,15.364631565750704,1,0.7357046471260935,-0.17034432749430217,17.996022629516222,65.13235926214985,10,72.901475481622,3,16,1,31.95830355389622
2024-01-16 20:54:10.436686984,0.3306691334998571,10.21097956427095,25.216446053288436,1,0.7007627145587149,-0.03494193256737865,21.844893135033136,59.16924368922625,20,68.19482891584124,4,16,1,29.274578090191635
2024-01-17 05:39:56.952192152,25.363833018142643,27.11064254296601,76.04045158714061,1,1.2797800690437007,0.5790173544849858,20.932287175490096,55.011750852022644,10,100.0,2,17,1,20.16252558947815
2024-01-17 14:25:43.467697320,9.588076894307802,19.75561457851721,36.63688205023831,1,0.7620779954309024,-0.5177020736127983,22.22870727676377,61.119512989176876,20,86.51410166476683,3,17,1,34.11634987411143
2024-01-17 23:11:29.983202488,15.922725389316394,24.74476426406884,67.46466139130968,1,1.1461298026798623,0.38405180724895993,22.01239486546698,67.48906518185315,20,88.33106788776445,2,17,1,20.48323389841315
2024-01-18 07:57:16.498707656,6.568583602697946,17.704736722110237,36.857343627417706,1,1.1794165107711927,0.033286708091330386,19.842922300830544,66.99923051316644,80,65.50239850354995,2,18,0,
2024-01-18 16:43:03.014212824,1.2477916417400803,2.708949880612604,8.307669271727649,1,0.7560310527264786,-0.42338545804471406,20.55446312068437,59.24867836310068,40,50.608664078220315,2,18,0,
2024-01-19 01:28:49.529717992,1.3374374911633842,13.055202291497364,28.316625942739066,1,0.764241562665481,0.008210509939002408,19.683231627755923,54.99678618875979,10,85.83892748609739,3,19,1,36.11089459358206
2024-01-19 10:14:36.045223160,11.569788149447113,11.938384449860202,31.448418759565197,1,1.0566929922520947,0.29245142958661363,20.29622294710842,59.27785838393093,40,59.366940882643505,0,19,0,
2024-01-19 19:00:22.560728328,5.626557199241903,10.000969796838447,18.20812478389083,1,0.638328036173052,-0.41836495607904267,18.793216025904805,59.113062750074306,80,48.49441032403543,2,19,1,27.783341968679512
2024-01-20 03:46:09.076233496,2.2379967489163612,2.942719439347718,7.140391737164922,1,0.4725341001551403,-0.1657939360179117,21.51961610970439,63.70952896043533,10,73.01463229821888,2,20,1,34.4482984753706
2024-01-20 12:31:55.591738664,6.76476013409331,6.8585367320924835,17.986243275255383,1,0.5543235491295946,0.08178944897445428,22.89988585930437,60.9742812081611,10,77.41733010605132,5,20,1,23.174416342220976
2024-01-20 21:17:42.107243832,0.6636305079345967,6.996565220924069,16.978089608309997,1,0.5581809378140451,0.0038573886844505134,19.12748976730181,57.755110595201856,80,50.41389971075348,1,20,1,39.299335468493545
2024-01-21 06:03:28.622749000,8.722054323249505,11.314881999411135,19.98582702683498,1,0.7031887271172854,0.14500778930324032,23.334401015178372,67.06503878505471,40,54.957759189154864,2,21,0,
2024-01-21 14:49:15.138254176,3.1333279661245736,4.131515164441849,22.747596555229443,1,0.8456366590973378,0.14244793198005234,21.01012485089678,62.268293053105964,20,66.95518178668051,3,21,1,39.52397514155387
2024-01-21 23:35:01.653759344,15.973072900319618,19.47805402375489,46.40167076012603,1,0.9191773147075034,0.07354065561016565,21.27653398345197,63.76583032493539,80,65.39019610480979,1,21,0,
2024-01-22 08:20:48.169264512,3.7158839718019383,9.131893267529257,30.84115191848242,1,0.505092268866348,-0.41408504584115546,17.406885004959957,52.98656091769365,80,62.13075261411986,1,22,0,
2024-01-22 17:06:34.684769680,6.073735091953125,5.80187707004577,26.789116419151433,1,1.0680089083056465,0.5629166394392986,17.202661079817883,49.513047044412275,10,83.2804897393361,2,22,1,27.48000093754426
2024-01-23 01:52:21.200274848,0.11688586050930902,8.321033542945246,28.03375727552706,1,0.4952730064233699,-0.5727359018822766,21.11693351963432,54.46967268092787,20,76.53523250507439,3,23,0,
2024-01-23 10:38:07.715780016,0.7520522230669786,1.147446144636732,33.63771158007679,1,0.5572211973577771,0.06194819093440718,22.41975337663791,59.277861126713915,80,60.6092558415251,0,23,1,37.95121125368518
2024-01-23 19:23:54.231285184,4.9839249708571725,6.342247541338221,12.717825757478261,1,0.753365539779208,0.19614434242143086,19.509189608092477,64.58568107883382,40,60.511438821906594,0,23,1,32.10567884671549
2024-01-24 04:09:40.746790352,6.538088487800127,7.831894471090379,28.28361720509728,1,0.4817420906827433,-0.27162344909646463,24.20387249452048,50.01613503467211,80,49.374184973365445,2,24,0,
2024-01-24 12:55:27.262295520,9.163421034919134,13.629903290303563,56.56206055424657,1,1.0666642075020323,0.584922116819289,22.34536346377344,69.71524335238956,40,74.39597912609877,2,24,1,31.50844131831531
2024-01-24 21:41:13.777800688,3.4483471507445818,6.248438320233694,32.01753305154283,1,0.7588751342994741,-0.3077890732025582,19.07068825039802,62.62757164147861,10,82.55839355605374,3,24,1,36.48958022840578
2024-01-25 06:27:00.293305856,11.873841143891859,14.513959424392594,29.185056650509566,1,1.1942932194979194,0.4354180851984454,20.96101953453744,68.6001193656104,80,64.2356973297246,1,25,1,29.25817474918815
2024-01-25 15:12:46.808811024,19.669875044031023,39.85590735086893,80.9723506934378,1,1.1561121869456896,-0.03818103255222982,25.865203912721732,57.39284087817917,40,93.02714004257842,1,25,1,20.948080133338028
2024-01-25 23:58:33.324316192,15.134506386975708,18.154590973836594,46.90286482594984,1,1.004061195973112,-0.15205099097257757,18.4383128716447,64.36618142535067,10,95.76801101490001,4,25,1,27.07517321901037
2024-01-26 08:44:19.839821360,0.40425016397703156,0.5191577249564643,10.020421106253762,1,0.5211477315279444,-0.4829134644451677,21.992147561804508,62.29719501780253,10,76.84138931904558,2,26,1,44.59859066121436
2024-01-26 17:30:06.355326528,6.549018415021083,9.62784997062195,35.77535268065711,1,0.7800365668766455,0.2588888353487011,20.30235674639836,65.98412326896286,10,81.28370932223106,5,26,1,33.0448932527742
2024-01-27 02:15:52.870831696,1.1085355080954613,11.542334408755325,26.670238686345424,1,0.34667110453403027,-0.4333654623426152,22.373947747820022,60.75135349396741,80,63.02607169705791,1,27,0,
2024-01-27 11:01:39.386336864,2.771312827847182,4.455867618585209,17.217681293360442,1,0.6221522084812402,0.2754811039472099,23.5070827029024,64.31114686556923,10,81.00477830061503,5,27,1,27.293791237990096
2024-01-27 19:47:25.901842032,43.171826552294334,40.872400977490834,106.98174236583289,1,1.486867758536046,0.8647155500548057,20.212512189902352,67.48094932850617,10,100.0,5,27,1,22.72446584105569
2024-01-28 04:33:12.417347200,1.5372890217305861,8.409861205453828,21.116634616159946,1,0.6865112067285343,-0.8003565518075116,23.23533236196625,58.73913416764493,40,51.73071086350096,2,28,1,33.108077323048605
2024-01-28 13:18:58.932852368,6.9092595620900745,11.267265142327682,40.9931258341293,1,0.3251280177613744,-0.3613831889671599,25.45250633264287,63.231420250646146,10,94.39478217887225,5,28,1,28.591912601831744
2024-01-28 22:04:45.448357536,9.627424349612866,12.55182684102784,38.732321591267166,1,0.4477493885444185,0.12262137078304408,21.155310797573705,52.606211459658724,80,57.585098544995446,2,28,1,40.36420062563554
2024-01-29 06:50:31.963862712,12.122233148577381,13.533973290910986,26.041070652078186,1,1.0414941391686572,0.5937447506242387,22.605270307588157,65.58350096051636,20,66.4066204524079,2,29,1,27.80308925292372
2024-01-29 15:36:18.479367880,8.201824240381105,8.003593754304918,29.118448659843573,1,0.6347047313117147,-0.4067894078569425,19.867412609299027,71.8699010167236,10,79.7904060005628,3,29,1,34.479150584504744
2024-01-30 00:22:04.994873048,0.09818895384563225,4.952429198251764,14.21691131923286,1,0.35391645633298213,-0.28078827497873254,21.09968336750586,55.900149260143394,80,40.7839846173496,2,30,0,
2024-01-30 09:07:51.510378216,3.9520983599786015,5.199738258430194,16.519939719807027,1,0.8852084739989836,0.5312920176660014,20.720754320419505,61.691302709532266,10,71.85104888433047,5,30,1,34.9275534775312
2024-01-30 17:53:38.025883384,7.292130935726833,11.076505267987129,49.2520284398005,1,0.8221329148600909,-0.06307555913889273,22.680985043008842,66.57663288795386,80,64.92875332172129,0,30,1,35.14277758852127
2024-01-31 02:39:24.541388552,0.9196891710405073,4.992496252695195,30.749654318997337,1,0.7427367850545189,-0.07939612980557198,23.50954245012243,62.35746852454991,10,83.44101321584041,4,31,1,40.458013845221316
2024-01-31 11:25:11.056893720,4.317478910836826,6.11736084126226,14.963378391817606,1,0.6142747721651931,-0.1284620128893258,20.894026738743793,63.05217063142356,40,59.15203600671573,0,31,1,34.493954536629595
2024-01-31 20:10:57.572398888,0.3376684570552405,15.140404139674484,35.530173673616105,1,1.19408314931785,0.579808377152657,24.193796227457646,60.29810386436541,20,86.14496619214808,5,31,0,
2024-02-01 04:56:44.087904056,0.8183768960808725,10.158077833175925,19.36777670047398,2,0.49704554414141777,-0.6970376051764323,24.199927526762682,60.138904021839274,20,69.0363697821003,2,32,1,36.64087971872611
2024-02-01 13:42:30.603409224,5.057108535355948,11.545979535686843,30.954157696531553,2,1.065501075935965,0.5684555317945473,22.846890013078916,61.872894285511336,80,44.25263237847364,2,32,1,30.093475346603604
2024-02-01 22:28:17.118914392,1.4238850592466137,1.590279467325455,3.6100888243328173,2,0.5321072878382043,-0.5333937880977608,20.13454688739496,62.541557012373616,80,40.59525335442733,1,32,1,43.213841472281864
2024-02-02 07:14:03.634419560,8.382674039181207,9.164450301413002,24.617085948631974,2,0.42839590481520506,-0.1037113830229992,19.95642704693922,56.4529630529515,20,78.27551515630535,4,33,1,34.3837197098606
2024-02-02 15:59:50.149924728,11.69458563158434,16.99729424845767,37.0196966610706,2,1.0004344042658853,0.5720384994506802,19.56887376932081,62.057163027671635,40,68.08015096805116,2,33,0,
2024-02-03 00:45:36.665429896,16.123757191107593,16.33104003684836,36.31481724702857,2,1.0487380564816682,0.04830365221578292,23.105587248222726,70.25717990903945,40,75.8040618919728,1,34,0,
2024-02-03 09:31:23.180935064,2.233313742578472,21.19563009421123,55.01225479707057,2,0.5463582129458358,-0.5023798435358324,18.797403913465857,60.34621168894464,10,99.77083536422438,2,34,1,38.324751877021015
2024-02-03 18:17:09.696440232,1.8330113513507695,2.4345680925470585,41.260242689883654,2,0.3765620525255431,-0.16979616042029266,22.58836720873724,56.28310888665731,40,61.43877267295488,0,34,0,
2024-02-04 03:02:56.211945400,1.1044881728507567,4.29245750274718,20.971697267994614,2,0.5600748098674886,0.1835127573419455,19.086290886864944,61.73993882509421,20,71.0337598861891,5,35,1,37.60337013174832
2024-02-04 11:48:42.727450568,10.117841147041304,12.109493543773535,23.017557269928954,2,0.8934013214281578,0.33332651156066917,22.909485371516464,58.95172220304355,20,72.99378510628812,2,35,0,
2024-02-04 20:34:29.242955736,12.257949395115995,17.82682633968748,42.789493167957545,2,0.4292945947233146,-0.46410672670484315,21.310781470172017,55.8609754828121,40,76.79652559034699,1,35,0,
2024-02-05 05:20:15.758460904,0.3209574673603211,0.9578911416681704,9.582958617298749,2,0.7266223512686487,0.2973277565453341,23.957633979953396,63.27655602113059,40,63.88966216670721,2,36,0,
2024-02-05 14:06:02.273966080,27.521940544489087,35.17442381951714,84.02769438418419,2,1.3032834543219576,0.5766611030533089,23.58734569698113,59.05746289492179,20,100.0,2,36,1,28.029612755469287
2024-02-05 22:51:48.789471248,0.5337048567900803,2.194055554937047,11.259781620969033,2,0.2662651558055368,-1.0370182985164207,24.18871193382363,59.513591385372436,20,67.8322897974206,2,36,1,37.45457913642605
2024-02-06 07:37:35.304976416,7.79350888095622,18.998752267901473,65.49735388441285,2,1.0340710105885254,0.7678058547829886,24.254427752909137,63.43271753458877,20,96.12961830009816,2,37,1,28.941852438539954
2024-02-06 16:23:21.820481584,12.34640004061239,14.17557561632146,34.49467004391984,2,0.8839601610917711,-0.15011084949675424,21.634325578369364,55.02825484397427,20,76.40730098971207,2,37,1,29.92204329520301
2024-02-07 01:09:08.335986752,20.47703552454761,29.28964483704304,75.19161218031147,2,1.4456703142178333,0.5617101531260622,19.043815508545727,54.01495503153424,20,90.28141690611858,4,38,1,18.469258726492114
2024-02-07 09:54:54.851491920,12.520674728720262,21.353309420899453,59.20722441413977,2,1.0515370413793508,-0.39413327283848254,19.270757147605327,66.10596748770982,40,79.81109263818419,0,38,1,18.32189055129607
2024-02-07 18:40:41.366997088,16.181158725967258,18.789234473999073,58.8216449401813,2,1.0112126186697268,-0.040324422709624,17.216571447518135,53.1263690086796,40,81.23727410738518,2,38,1,28.12943634877601
2024-02-08 03:26:27.882502256,4.146827491464336,12.478352281278887,56.91927348374756,2,0.6771740836460444,-0.3340385350236824,19.237465466212882,57.92620578960136,10,92.44134861231416,5,39,1,23.512861302512007
2024-02-08 12:12:14.398007424,16.864545693479233,18.935335252182842,41.45236975215206,2,1.1231868185026406,0.4460127348565962,21.55703619867815,53.839580089595515,10,97.35929307357574,2,39,1,26.501744698583828
2024-02-08 20:58:00.913512592,0.8350644975816266,17.79650868157312,47.72087759333564,2,0.6119601250054977,-0.5112266934971429,20.314735138902318,60.43740466686113,80,68.88749387407998,0,39,0,
2024-02-09 05:43:47.429017760,22.52050318785216,30.231059987432353,60.003594807440635,2,1.0822061458820669,0.4702460208765692,21.08848951880024,65.03781519349572,10,93.14299032728097,3,40,1,28.903443367075358
2024-02-09 14:29:33.944522928,7.931716828789295,8.546749580794353,23.03370704463888,2,0.8660836569146582,-0.2161224889674087,22.448971144993767,63.48877035580381,40,68.34601496626881,0,40,1,31.76626811670455
2024-02-09 23:15:20.460028096,16.998976096655188,21.801388763200066,43.9849086972484,2,1.0290958412762186,0.1630121843615604,20.870251460279658,74.91613090010877,10,90.45088250257496,2,40,1,27.441133054343908
2024-02-10 08:01:06.975533264,6.020609719350464,7.498313358143713,23.49913252865984,2,0.7021088575822477,-0.32698698369397083,19.249627877230687,68.42114904505672,10,77.85710843873817,3,41,1,34.5973055129755
2024-02-10 16:46:53.491038432,10.316390017200888,31.694894739216245,65.49789302417052,2,1.2411527149671018,0.539043857384854,21.40178321420781,58.36071184788634,40,88.1453349758179,1,41,1,31.424489646232338
2024-02-11 01:32:40.006543600,7.473978139587696,8.338288449584823,18.694185505508052,2,0.7100871257404539,-0.5310655892266479,19.726295953950604,57.06127883086054,20,69.09182068895373,3,42,1,32.565098877139924
2024-02-11 10:18:26.522048768,13.152378349869206,16.05355128345969,34.20039377288716,2,0.9265898649403391,0.21650273919988527,20.996791354754826,76.61016840230342,40,76.59612349062793,1,42,0,
2024-02-11 19:04:13.037553936,0.8515489988895617,3.7429144291044025,30.11129029610591,2,0.4345302219786489,-0.49205964296169025,24.239066476931143,68.41988512483708,40,60.79120492861921,1,42,0,
2024-02-12 03:49:59.553059104,0.6225003131901508,15.497995924392608,34.56027289063075,2,0.7535779523040992,0.3190477303254503,21.027710651453848,66.08429055564025,80,48.621848825452105,2,43,0,
2024-02-12 12:35:46.068564272,2.8382715753991636,4.341641629123268,20.355130407179452,2,0.6701474303352336,-0.08343052196886558,25.125905323062526,63.54223949381216,80,48.775373797759016,0,43,0,
2024-02-12 21:21:32.584069448,1.7381148651515006,5.838561077286877,14.37687645366995,2,0.7733029344340103,0.10315550409877672,24.462591124036738,64.56624613769668,80,51.13455072213734,1,43,1,30.625331185942322
2024-02-13 06:07:19.099574616,20.540355570023983,25.247931388839692,70.47193789662468,2,1.0474606578875014,0.2741577234534911,20.456097174729486,55.81904920636301,20,90.60025402063464,4,44,1,15.51598889873359
2024-02-13 14:53:05.615079784,2.474541581805539,8.523877976142177,18.960709303340707,2,0.5431662174794955,-0.504294440408006,19.40790833852756,64.04550759370206,10,72.82985273767096,3,44,1,33.477708676073924
2024-02-13 23:38:52.130584952,37.24102809434093,42.206241998851205,82.50168161989286,2,1.8253104617044247,1.2821442442249293,21.54055479350319,63.64748322198223,80,82.3954778234602,1,44,0,
2024-02-14 08:24:38.646090120,4.108231243314293,5.925638174848849,10.843295611901846,2,0.691863607287347,-1.1334468544170777,23.967884784364106,58.801764299633255,40,48.10321175511334,2,45,0,
2024-02-14 17:10:25.161595288,2.010371039788529,2.833628017824817,12.222122151709787,2,0.3873000757354798,-0.30456353155186716,20.696472206277274,60.66107576962691,80,47.64452457392196,1,45,0,
2024-02-15 01:56:11.677100456,15.592130975943475,25.3014766311533,47.35029819507966,2,1.3261681993773027,0.9388681236418228,23.50871772302689,70.960956220223,40,71.97203384139894,0,46,1,18.26730066997056
2024-02-15 10:41:58.192605624,10.750162053415186,10.01879471586236,23.89891551702689,2,0.47550107454687707,-0.8506671248304256,24.125158283788007,62.790682009557344,20,74.42179020027531,3,46,1,32.96560209888173
2024-02-15 19:27:44.708110792,6.8954510872343375,12.023204557367709,60.94542560441306,2,0.9149980179711142,0.4394969434242372,20.176025978671127,73.80401107145823,80,63.55356878258352,1,46,0,
2024-02-16 04:13:31.223615960,8.104982991156206,8.604740797478506,21.051659445012067,2,0.49510466059826985,-0.4198933573728444,20.38783159417426,54.77647035906595,40,67.01664547972555,1,47,0,
2024-02-16 12:59:17.739121128,12.701189397289664,20.7214247009888,46.82847581788706,2,1.3383957382527867,0.8432910776545168,23.181171565432543,60.90104407122832,10,92.49906548397509,2,47,1,26.06261548647703
2024-02-16 21:45:04.254626296,2.593599456867067,16.783777717471175,33.80078291864907,2,0.4107898209309284,-0.9276059173218583,22.075513290553204,55.80724362630553,20,80.71800479884865,2,47,0,
2024-02-17 06:30:50.770131464,56.08631232047705,62.970082080206424,158.03557389184206,2,2.481877197586155,2.0710873766552265,20.415722507531036,57.52857885177762,40,100.0,2,48,1,1.0
2024-02-17 15:16:37.285636632,36.806399778900946,37.22541303208304,67.42298359278824,2,1.5920552538966006,-0.8898219436895543,21.099568431581556,59.46683012734497,10,97.92426703456434,5,48,1,18.609795147682583
2024-02-18 00:02:23.801141800,10.507530901325568,9.968606488484673,36.41241402266891,2,0.7365161689436093,-0.8555390849529914,21.679030105029224,65.21668655482108,10,92.61749455937483,4,49,1,29.907103702415604
2024-02-18 08:48:10.316646968,2.2257177846889333,2.5695807368669863,23.90234477593973,2,0.6072894943560008,-0.1292266745876085,18.706556075319206,65.00666070586219,40,54.82583851224823,2,49,1,33.75259785415933
2024-02-18 17:33:56.832152136,11.401477952753687,14.799965598470642,32.08312908735537,2,1.0024092828713427,0.3951197885153419,23.383802400665765,60.30858077726272,80,49.190875829878216,0,49,1,30.157949986981105
2024-02-19 02:19:43.347657304,0.7493737183429329,6.024358489867796,16.136046007037535,2,0.3943509587993627,-0.6080583240719799,20.911438334682604,52.59864763843907,10,87.88801918346093,2,50,1,41.59732807545618
2024-02-19 11:05:29.863162472,0.3113211652361948,4.0897362547819895,14.056133059751614,2,0.38396624081882924,-0.010384717980533476,16.31775176591165,71.15883279217645,20,72.58733337385893,4,50,1,28.38193007876657
2024-02-19 19:51:16.378667640,2.9797875313889657,17.32704946898124,46.07220047612141,2,0.8627872183401689,0.4788209775213397,21.853858466652706,62.374377226361446,10,100.0,4,50,1,28.666348207476585
2024-02-20 04:37:02.894172808,6.210553018734389,7.61178723892999,16.17685193669183,2,0.3588603420340677,-0.5039268763061012,20.434928475835683,58.254691135739705,80,46.237355815306366,0,51,0,
2024-02-20 13:22:49.409677984,20.270199251908405,28.787356545104522,50.958393204563336,2,1.0764317318507963,0.7175713898167286,25.312240079981766,65.24384529610326,20,85.9913399226717,3,51,1,25.728228298203053
2024-02-20 22:08:35.925183152,12.98902978817889,18.044657434377072,51.16066289174023,2,1.5483645609392367,0.47193282908844036,20.78028417655803,64.92457428941181,20,88.21710517963193,3,51,0,
2024-02-21 06:54:22.440688320,13.575379047493218,17.646341612078224,50.77512331887669,2,0.7543684041527905,-0.7939961567864462,19.772519544450386,62.32223021821539,20,85.32658382646888,2,52,1,25.852665672513595
2024-02-21 15:40:08.956193488,5.542435794074139,6.775101167302939,18.839304649304346,2,0.9081602859064628,0.1537918817536723,23.000356902909758,64.71163820417897,40,55.688972221172655,0,52,1,30.48341357209645
2024-02-22 00:25:55.471698656,4.245485326894826,7.788971530276478,23.249356477901795,2,0.5456092680978989,-0.3625510178085639,20.68033506356279,58.22731039711582,10,77.14425474955064,2,53,1,39.632901425764054
2024-02-22 09:11:41.987203824,4.63685650547297,7.920089344270307,21.426694065611265,2,0.7737470525115913,0.22813778441369237,20.459108284995903,67.83560559088315,80,51.78265819695038,1,53,0,
2024-02-22 17:57:28.502708992,43.94063891516504,55.80112522420758,118.40736295529369,2,2.06769516866462,1.2939481161530288,23.053866697593374,59.08539239010477,40,100.0,1,53,1,19.741768321909078
2024-02-23 02:43:15.018214160,0.4093574204392867,14.551556205389588,35.88824000929311,2,0.8794940574992711,-1.188201111165349,19.97082462140379,61.07567019784868,40,62.46980254281229,2,54,0,
2024-02-23 11:29:01.533719328,20.17642991755739,24.469070060293802,74.00025620856906,2,1.1081685335915306,0.22867447609225944,19.154158990174825,67.38142169390534,20,98.96798816005749,2,54,1,21.34648026874761
2024-02-23 20:14:48.049224496,8.643517413526624,9.199873694311487,23.16298034751413,2,1.162646012964618,0.054477479373087334,25.53770084675511,70.19120451018404,40,61.10569341632898,1,54,1,31.05284484076118
2024-02-24 05:00:34.564729664,5.773490810346596,9.004032253345855,34.70497947301231,2,0.5876428258233543,-0.5750031871412636,23.261752021908144,72.1343819336454,10,92.03852108941459,4,55,1,34.48310169932778
2024-02-24 13:46:21.080234832,12.919215674888704,19.21710958203413,54.94006406708605,2,0.9973994920380275,0.4097566662146732,21.59143654965366,69.51870143161764,40,75.34547498312881,0,55,1,23.74722253650313
2024-02-24 22:32:07.595740000,6.66834303599214,7.700269905978244,15.10941666189843,2,0.7594249462231467,-0.23797454581488076,22.130051841723468,62.65365160324577,40,54.64842858107154,1,55,0,
2024-02-25 07:17:54.111245168,20.66906341267767,28.68317463837397,57.99639176192744,2,0.9758193906474101,0.21639444442426337,23.16593638626042,56.6032499945539,20,91.11596286114107,5,56,1,24.948064102993296
2024-02-25 16:03:40.626750336,23.096284796203747,41.488956497275055,95.21332565788904,2,1.3196408099010015,0.34382141925359144,24.118133943555385,71.36819601667155,20,100.0,5,56,1,28.359136013878953
2024-02-26 00:49:27.142255504,5.476987013540247,20.32530212753357,97.59968660607703,2,0.845095461393822,-0.47454534850717955,20.676809498505186,71.2310001067953,40,95.50920467525509,1,57,0,
2024-02-26 09:35:13.657760672,3.241079070851419,4.431576627896049,27.69926668505265,2,0.522713139070105,-0.322382322323717,22.93840352861408,61.05234018659796,20,70.75736139062924,3,57,1,47.25327644080699
2024-02-26 18:21:00.173265840,8.973471219409092,18.25399224954777,42.47886084083118,2,1.3501941399749664,0.8274810009048614,21.21010157391858,69.05296504180092,80,60.19091988893782,0,57,1,23.563868815435864
2024-02-27 03:06:46.688771008,24.345559395235988,26.15204454021916,65.22142976817685,2,1.0807068985870052,-0.2694872413879612,21.862995635585676,62.82102727956816,80,81.47289760056793,1,58,1,19.474417516731506
2024-02-27 11:52:33.204276176,2.3656089895002457,5.488634947677012,17.909135681792424,2,0.8380834228948606,-0.2426234756921446,22.579840500078948,72.02329394785693,80,42.070623716110426,1,58,1,35.00606977317027
2024-02-27 20:38:19.719781352,9.754214576995755,14.672348572685925,40.46285367078424,2,1.0130997398965316,0.17501631700167097,22.262642394648612,61.977675769489004,40,76.70896474597942,2,58,1,27.740884762422205
2024-02-28 05:24:06.235286520,9.984780002255434,19.550533172989752,50.94743598117785,2,0.892428504874152,-0.12067123502237953,23.764725939985663,74.48044072450357,10,99.1626517720385,2,59,1,32.96913660478093
2024-02-28 14:09:52.750791688,13.209300151268554,15.036573192525179,26.41836384139472,2,0.7415099241801735,-0.15091858069397857,23.285405382375412,68.55306726627967,10,91.04407615754732,4,59,1,28.56950330108942
2024-02-28 22:55:39.266296856,1.4106562970266043,3.8403160334240596,16.92643162634609,2,0.4129652221964186,-0.32854470198375485,19.31258117458181,73.64556341008226,20,84.14664605478441,5,59,1,39.98387938807625
2024-02-29 07:41:25.781802024,12.5816490912711,13.867126862482777,33.945945120298454,2,0.7867107906069478,0.3737455684105292,19.631007406247683,62.374321292507744,10,94.13023766408851,4,60,1,29.166300446723046
2024-02-29 16:27:12.297307192,23.972532062892448,27.741928792070194,70.48027006362688,2,0.8997216727892984,0.11301088218235056,21.625001264411658,66.75401729008145,10,100.0,2,60,1,22.362261843112957
2024-03-01 01:12:58.812812360,1.9806456078014456,2.761860047747136,22.538747694200474,3,0.3665384274736421,-0.5331832453156562,26.039512246675706,59.91812745186228,40,54.70689208897515,2,61,0,
2024-03-01 09:58:45.328317528,2.7120959168716197,13.928304216186294,35.809284943748736,3,0.3970296574265668,0.030491229952924692,20.696951105959197,69.0202158025208,20,71.97353116431916,4,61,0,
2024-03-01 18:44:31.843822696,35.54177038861511,36.916527971564726,88.00513286899302,3,1.8491756881234929,1.452146030696926,22.00160804840719,69.33131459945102,10,100.0,2,61,1,15.765765885961628
2024-03-02 03:30:18.359327864,1.996430547551579,6.921590172221013,19.481610362687192,3,0.7328369911508855,-1.1163386969726075,21.36332544327986,76.85715458539173,80,41.25042444174577,2,62,0,
2024-03-02 12:16:04.874833032,19.26789767756658,16.33254553113793,32.89503375068169,3,1.205878228635803,0.47304123748491744,21.34593777606088,67.31825207457233,20,79.52471313179694,3,62,1,13.667237904532193
2024-03-02 21:01:51.390338200,6.778209425535491,11.135000450869192,31.5328908970686,3,0.8646805833277913,-0.34119764530801167,22.82855978037884,68.56463159766793,20,65.09183599472924,4,62,1,31.195207188646705
2024-03-03 05:47:37.905843368,2.8399696999437047,3.497897365177015,14.859268207326512,3,0.6251718923174769,-0.23950869101031436,25.291732977598038,62.626204967894566,20,73.19080103148634,5,63,1,33.10408946306117
2024-03-03 14:33:24.421348536,20.46006001744849,20.73317524193204,49.70556877060876,3,1.4086690191941176,0.7834971268766406,23.420257424151735,67.72353811195731,80,63.24428282563638,0,63,1,18.449487776739012
2024-03-03 23:19:10.936853704,5.893373255599558,9.363641392736689,38.67592841109766,3,0.5893513478930106,-0.819317671301107,20.919444648731783,63.15355709973402,10,89.97094893289977,3,63,1,38.49979707544267
2024-03-04 08:04:57.452358872,7.232298691011181,10.790817472092929,56.76346558567148,3,0.7738880796145619,0.18453673172155127,28.051194969097054,65.66877568919129,80,64.63987131073334,2,64,0,
2024-03-04 16:50:43.967864040,4.450899591778079,8.26295618587973,29.184226893066857,3,0.8210593192591835,0.047171239644621665,22.720154873961995,65.99859517180846,20,65.09948139542057,4,64,1,32.6115687374325
2024-03-05 01:36:30.483369208,8.988213426850786,9.475976267399803,36.01706494112261,3,0.5102821848397879,-0.3107771344193956,21.426881791647325,63.40112304207725,20,84.18200886653261,3,65,1,33.79999517399235
2024-03-05 10:22:16.998874376,1.7855729761763137,4.291995565818532,10.697880812116537,3,1.1979491944102214,0.6876670095704335,25.42387419238827,65.51408836877616,40,62.02744738083184,0,65,0,
2024-03-05 19:08:03.514379544,4.960709063634735,5.070327293572623,12.947459626683367,3,0.6556306067639381,-0.5423185876462833,21.679940089698142,63.35968680260445,40,54.7162909873232,0,65,0,
2024-03-06 03:53:50.029884712,34.87158041821144,57.65458112718581,114.35143388739836,3,1.8023753097512052,1.146744702987267,25.962350338985974,63.37439043285298,40,100.0,0,66,1,18.3512705741878
2024-03-06 12:39:36.545389888,2.985858804240062,7.182697952400064,22.611309822430965,3,0.8829197619437862,-0.919455547807419,20.913720647582885,70.6933357165438,40,59.35119781016346,2,66,0,
2024-03-06 21:25:23.060895056,10.692573845171028,18.124178272110512,49.28447510468742,3,1.0780843262265705,0.19516456428278428,25.5335913804225,66.22412941429158,20,86.08468677367495,4,66,1,23.617042487269025
2024-03-07 06:11:09.576400224,3.933242043889271,5.992606789990079,13.842869571223833,3,0.646206512656978,-0.43187781356959243,23.094191151520825,67.11952300691625,80,50.717130780212464,1,67,1,38.202452564723046
2024-03-07 14:56:56.091905392,14.84891690707165,18.07753579437281,38.82314919807415,3,1.0037795837047696,0.35757307104779157,25.292806030092635,58.134879284447855,40,72.18699922190643,0,67,1,20.38522194367825
2024-03-07 23:42:42.607410560,1.4026677961013676,19.771131093266245,50.993207328739274,3,0.42493496066509406,-0.5788446230396755,26.532878918500916,67.5759866613476,80,72.20145173141637,2,67,0,
2024-03-08 08:28:29.122915728,35.006104544243996,31.063406424838632,83.42773415138002,3,1.3994629995632712,0.9745280388981772,20.482818723766453,68.1481839294941,40,94.3082704542167,0,68,1,19.813060697029318
2024-03-08 17:14:15.638420896,6.047509221647378,7.701176168355349,20.33990338955834,3,0.8014039893482932,-0.5980590102149781,25.318302289259176,63.5418241820413,10,80.31037477997215,4,68,1,28.855156664101674
2024-03-09 02:00:02.153926064,2.692535434977202,7.600741166525481,18.79776881965459,3,0.7186366881733761,-0.08276730117491704,19.967715392274894,75.99619478355487,40,55.591789570440184,2,69,0,
2024-03-09 10:45:48.669431232,0.7633772255593707,0.9010160519578284,5.849708330355662,3,0.768510855031583,0.04987416685820689,20.70995792500072,54.16251695007403,80,40.53232726355823,1,69,0,
2024-03-09 19:31:35.184936400,1.8603794010459394,10.279187108784688,24.69173331674954,3,0.6158992474641009,-0.15261160756748215,21.21634970112814,69.56817292027876,40,66.39612364199985,0,69,0,
2024-03-10 04:17:21.700441568,7.3349834542958146,9.847321330075987,42.12284276341575,3,0.467715579700503,-0.14818366776359787,23.849322098308118,69.2481216766791,10,83.55228878713729,2,70,1,31.42034949861924
2024-03-10 13:03:08.215946736,4.109850798051666,6.473155317354382,10.606410602934414,3,0.8582746552897128,0.3905590755892098,22.926998673593186,68.42984849944399,80,50.83224181853119,1,70,1,41.04491547214258
2024-03-10 21:48:54.731451904,17.654098841221575,20.38828484876983,47.725254523913115,3,1.344182694548533,0.4859080392588201,22.545650401543462,66.64090866793137,80,62.4569086318839,1,70,1,35.88488526094275
2024-03-11 06:34:41.246957072,5.636771906855924,6.064852904712549,20.118707962837426,3,0.8530328817554899,-0.49114981279304304,23.191386001617612,68.55122750027097,80,45.96632445937926,0,71,0,
2024-03-11 15:20:27.762462240,2.8596923697585104,13.646634162791196,35.868808695079565,3,0.6609334548515838,-0.19209942690390602,24.10052438595163,70.17676781250884,20,72.44078346363244,3,71,1,30.825673443899127
2024-03-12 00:06:14.277967408,9.600989165734678,14.125422124049852,28.7574976332603,3,1.0421512149305079,0.38121776007892405,24.273507775009467,62.244585135093544,80,57.750587744872085,1,72,0,
2024-03-12 08:52:00.793472576,12.26822606959345,11.875289178256994,23.72612398831137,3,1.5498995087760816,0.5077482938455737,25.14444773932978,67.40820624709949,20,71.78985522513909,5,72,1,21.909439558788435
2024-03-12 17:37:47.308977744,1.8277194768584681,1.891564275113295,47.447562037083564,3,0.5785004951763976,-0.9713990135996841,26.61532212042229,65.0339207796583,10,100.0,5,72,1,35.39164446826091
2024-03-13 02:23:33.824482912,1.8346527013076068,7.714123565466666,24.47509908089875,3,0.35148695123179385,-0.2270135439446037,22.95170172658186,60.520010941802084,80,45.92217128781977,1,73,0,
2024-03-13 11:09:20.339988080,0.37360728009482735,4.5835518228352194,12.151137889259747,3,0.43605065391981834,0.08456370268802449,21.971457736920097,69.61312119543031,80,43.184750829320556,0,73,0,
2024-03-13 19:55:06.855493256,13.33330120789834,15.168648239256335,32.0779072376641,3,1.0434477066113403,0.607397052691522,24.25995198514108,63.24395733012123,80,55.57784782819499,0,73,0,
2024-03-14 04:40:53.370998424,10.90062525147099,15.294720796781995,40.923458713066864,3,0.5499988508176272,-0.4934488557937131,20.763648697821505,58.61502328680415,10,86.70244563668376,5,74,1,34.020450238732
2024-03-14 13:26:39.886503592,6.436541696352927,8.133007313853408,17.674057397683818,3,0.7439415220480066,0.19394267123037934,21.71406286921203,63.44738896336226,20,68.86762201955092,3,74,1,27.2669706578697
2024-03-14 22:12:26.402008760,18.589924906761503,27.465958197453926,59.06566502311463,3,1.222525410172946,0.47858388812493935,25.089579689722555,62.187141103408294,40,81.13033634363491,2,74,1,24.863291491836385
2024-03-15 06:58:12.917513928,16.381983211693512,31.685115987424638,87.68031658592614,3,1.4515151720706472,0.22898976189770126,22.861941231538726,71.36279100829881,10,100.0,3,75,1,21.941319497379627
2024-03-15 15:43:59.433019096,8.803310136359215,9.354481200652788,21.774628608681663,3,1.0316499859445722,-0.41986518612607493,20.713226429160336,67.02518839454322,10,88.41814995876314,5,75,1,28.17409781449351
2024-03-16 00:29:45.948524264,20.270106265290025,25.25941474576429,60.12685280917921,3,1.3309132311137977,0.2992632451692254,20.169451419460596,73.2100288288316,10,93.5460642606817,2,76,1,25.609313719468805
2024-03-16 09:15:32.464029432,2.3047185037057356,4.674381829400166,12.017749407226539,3,0.16030238626521048,-1.1706108448485872,23.265969611475853,63.004291349211236,20,67.69767630328982,5,76,0,
2024-03-16 18:01:18.979534600,1.1869302139028457,3.9107049808103294,11.357370787628422,3,0.7470562796957453,0.5867538934305347,25.47184018530426,70.74694358221898,20,62.443971295873375,2,76,1,43.22739133549747
2024-03-17 02:47:05.495039768,3.143678057281079,4.824129950998622,8.759885437740339,3,0.7522175378676571,0.00516125817191182,25.464681338728667,80.61329414137215,20,66.53000961898809,5,77,1,33.33293975434481
2024-03-17 11:32:52.010544936,0.5878110672996271,9.339857901312289,18.22356271282445,3,0.6563436757747847,-0.09587386209287241,23.448924932244857,68.23449018855406,20,71.26844228817745,3,77,1,44.309119533362164
2024-03-17 20:18:38.526050104,7.575140428339439,10.625249612815646,50.82996674659911,3,0.4117108794658481,-0.24463279630893658,27.2645880342634,70.80178270375806,20,80.4803864571379,3,77,0,
2024-03-18 05:04:25.041555272,27.583812054019667,31.38935151923019,79.15279174676999,3,1.2102149744352833,0.7985040949694351,23.056764516398964,70.0003988176868,80,75.07063416021455,1,78,1,22.28755903912551
2024-03-18 13:50:11.557060440,0.4013841640938223,2.2053056389424874,5.655291342247672,3,0.29671618576448805,-0.9134987886707953,23.00893649152784,59.46176683951619,40,55.385860988471705,0,78,0,
2024-03-18 22:35:58.072565608,1.3023387998311675,2.0576702215657665,35.376414065261095,3,0.1436217903108628,-0.15309439545362524,18.170896501424295,69.54062312914185,40,67.8052295863512,2,78,0,
2024-03-19 07:21:44.588070776,6.018432483019309,6.071243877872907,32.7652606889579,3,0.6804980581561564,0.5368762678452936,22.430768751870836,68.18327090363438,20,75.28452114082093,2,79,1,41.12932926108793
2024-03-19 16:07:31.103575944,27.162086538759947,29.914539307314904,75.65508753900312,3,1.1828226995597921,0.5023246414036358,25.04928044966477,65.39176384270401,20,100.0,2,79,1,22.334132891742584
2024-03-20 00:53:17.619081112,3.80025611056787,4.282056975884016,34.32703399040656,3,1.14388680802398,-0.03893589153581223,26.49295783672122,62.30988845497922,80,60.82210937451394,0,80,0,
2024-03-20 09:39:04.134586280,7.077225037713451,14.22728079909416,30.20423961605168,3,0.7500629208576288,-0.3938238871663511,21.724379384946698,70.23961350619771,20,72.45396924451732,5,80,1,37.969656375958955
2024-03-20 18:24:50.650091448,0.42461733001051694,2.9160614593823295,24.228152355396954,3,0.7964035923672258,0.046340671509596976,24.329195158394093,61.94736230156289,80,47.85381048948598,1,80,0,
2024-03-21 03:10:37.165596616,1.6057165133641893,4.439923160659572,19.82495787578464,3,0.26269375693523467,-0.5337098354319911,25.518318421852555,77.51734873782144,80,43.60288405370411,2,81,0,
2024-03-21 11:56:23.681101792,43.147510845333784,43.127510795460665,118.75517845139373,3,1.6882074076603086,1.4255136507250739,23.466874181999188,67.45976116865542,10,100.0,4,81,1,16.79258594548717
2024-03-21 20:42:10.196606960,33.55804307819909,34.41575763485126,96.48948313893685,3,1.5346980131193573,-0.15350939454095136,18.897821790604286,60.81223017238498,10,100.0,2,81,1,11.991747565427811
2024-03-22 05:27:56.712112128,0.049522229738276156,0.5745590686432137,5.301823273442427,3,0.32510524555966347,-1.2095927675596938,23.978914496675554,64.3986876034124,20,63.14805392786638,4,82,0,
2024-03-22 14:13:43.227617296,30.326407986788155,27.290025663883558,78.71186651039073,3,1.29498827941365,0.9698830338539866,25.02717414902767,65.61795411036269,80,85.44011721231756,0,82,1,22.098394344981386
2024-03-22 22:59:29.743122464,10.19209613568501,14.332829163602966,26.028088396045653,3,0.8035800331010221,-0.4914082463126279,21.62947177498472,79.1105183996625,20,71.24674534659141,4,82,0,
2024-03-23 07:45:16.258627632,20.243345669765105,28.132262482332322,69.74939383425617,3,1.1394079411296465,0.3358279080286244,23.036039076890813,62.665751543231686,10,100.0,5,83,1,18.10717962225203
2024-03-23 16:31:02.774132800,6.064922690920095,8.18157593292547,14.66393769293662,3,1.0741379277547258,-0.06527001337492067,21.253412185812596,66.54772222388331,10,87.32119271460404,5,83,1,28.621941919559056
2024-03-24 01:16:49.289637968,7.24836068697771,10.466304688220356,43.91287199442632,3,0.8252755177080597,-0.2488624100466661,18.44419051001419,64.47982936502468,10,99.50494509315139,2,84,1,23.067603345140363
2024-03-24 10:02:35.805143136,6.710854995088599,7.718917445740182,19.971232497459525,3,0.8073083869474345,-0.017967130760625283,25.658600620948306,69.70547602265431,10,76.1626268959527,3,84,1,30.860348982234232
2024-03-24 18:48:22.320648304,10.992052370655834,14.030387447047437,35.01971345382348,3,0.9680758767526052,0.16076748980517075,23.617225420043454,64.64002790676909,10,88.20492263220662,2,84,1,28.393473204450636
2024-03-25 03:34:08.836153472,1.5041745420945718,1.3636861815683707,8.248444040261974,3,0.6662456281249977,-0.30183024862760754,26.840227317959915,61.594471318401354,20,65.7676132318714,2,85,1,31.363750865344404
2024-03-25 12:19:55.351658640,0.3043198091997127,11.630455965548924,53.84054442164491,3,0.6058135590645104,-0.06043206906048726,25.379700338022346,66.353639009439,20,87.93857432445334,5,85,1,33.71173990236483
2024-03-25 21:05:41.867163808,3.6806808801378086,4.642834763806878,12.377874480113856,3,0.5558926909450558,-0.04992086811945462,22.976838499007236,65.87354682801505,10,85.26230447862088,3,85,1,37.275657780631136
2024-03-26 05:51:28.382668976,12.196983475408395,14.865716285300012,44.81775327306292,3,0.9259600442648236,0.3700673533197678,23.539121854024916,64.4497444603474,20,82.84502609862857,2,86,0,
2024-03-26 14:37:14.898174144,2.2546305443661034,4.338559218643706,27.824945304833953,3,0.8198389928564538,-0.1061210514083698,24.858085836331192,64.7574103150961,10,85.09864703057207,5,86,1,27.2513668084245
2024-03-26 23:23:01.413679312,11.19118409331979,10.711738831758732,25.477067237663462,3,1.05618870787126,0.23634971501480617,25.67976814201592,73.41548160641388,10,86.1818450945638,4,86,1,32.18522627048032
2024-03-27 08:08:47.929184480,35.0363039022921,45.380071077867036,104.30305059563476,3,1.60644709368683,0.5502583858155701,24.411634840960705,65.93388608761585,10,100.0,4,87,1,19.77177427308068
2024-03-27 16:54:34.444689648,0.9860639372178697,1.507050496515114,17.178454310913054,3,0.6883605226431309,-0.9180865710436992,25.99779380200214,61.90257671045418,20,73.27372312697706,2,87,0,
2024-03-28 01:40:20.960194816,11.165790839045362,10.656544408180777,49.48120061629022,3,0.7909643282547815,0.10260380561165061,23.21360527433025,65.30330567635909,20,87.4310242397033,3,88,1,24.42803148451513
2024-03-28 10:26:07.475699984,5.865378397571735,10.80395962875087,40.77882759227043,3,0.7321212741259923,-0.05884305412878921,21.833011837634583,67.92627615973886,80,52.595914769165674,2,88,0,
2024-03-28 19:11:53.991205160,20.260316221935163,21.60330055297014,40.74200187244133,3,1.0265346536575652,0.294413379531573,23.71805719747465,61.01400322643705,20,77.93031231592853,3,88,1,12.932361222350574
2024-03-29 03:57:40.506710328,1.949810990586438,8.47690104172188,40.70568449674548,3,0.5874362024477009,-0.43909845120986435,24.278442491556362,75.86603522019998,20,84.44994828439908,3,89,1,39.16810538692167
2024-03-29 12:43:27.022215496,11.796898763803538,14.36682819240693,32.11787942185778,3,1.1478722711100762,0.5604360686623753,21.485418800065325,72.11487656661915,40,67.31093319732541,1,89,1,28.034362289294386
2024-03-29 21:29:13.537720664,18.208708615976455,21.866334261223955,56.190432469696944,3,1.101321744399616,-0.04655052671046023,21.23548181621115,74.96871568710269,10,100.0,2,89,1,23.56673424043012
2024-03-30 06:15:00.053225832,28.93432387380273,32.27626768886768,81.58168919416583,3,1.4285056560751948,0.3271839116755788,24.824154129097444,69.8194036997396,10,100.0,3,90,1,28.278473306705475
2024-03-30 15:00:46.568731000,11.49636234984622,13.176069297046142,34.945539451052085,3,0.5722443841157943,-0.8562612719594005,23.137142182590416,57.43122452001203,20,71.5879537002294,2,90,1,34.42178554706565
2024-03-30 23:46:33.084236168,6.875126126115396,10.49893017446017,38.74950192788168,3,0.6806430427403637,0.10839865862456943,23.638666861241145,75.61736592832287,20,85.06430183796375,5,90,1,33.83427001142939
2024-03-31 08:32:19.599741336,9.619348555509415,12.794550252532517,40.44595766089269,3,0.7720694928865678,0.0914264501462041,23.271474206645593,63.66387727754501,80,58.57116151797819,1,91,0,
2024-03-31 17:18:06.115246504,20.31832909367911,24.580585676342466,79.77616373291357,3,0.9863437415483258,0.21427424866175804,27.052589925181554,64.11184252329977,40,94.56483096283044,2,91,1,24.19133497041947
2024-04-01 02:03:52.630751672,8.453890920690059,14.114212365779535,35.802118952206214,4,0.8145530244123093,-0.17179071713601657,26.55545638374532,68.84549384568787,10,87.69495575926253,5,92,1,28.92418663146506
2024-04-01 10:49:39.146256840,0.30858317733905194,10.606473045404094,30.006866216536473,4,0.5263999359552911,-0.28815308845701815,21.577789621131217,74.99614323576985,10,95.63845580273322,4,92,0,
2024-04-01 19:35:25.661762008,26.72905507299173,56.10428378899796,127.80544327849074,4,1.6116231103985306,1.0852231744432395,23.00749014922025,73.41258882052429,20,100.0,4,92,1,17.4613097382359
2024-04-02 04:21:12.177267176,11.696575360111503,17.274551069060387,30.455549483548094,4,0.9309776198566209,-0.6806454905419097,25.793680960080504,72.71875044916274,20,72.02520361999414,4,93,1,29.278819294230395
2024-04-02 13:06:58.692772344,11.28597543879489,12.25423632279632,24.10944869007077,4,0.6571110004393321,-0.27386661941728874,25.31815666008205,66.66943310737835,40,64.15409745899422,2,93,0,
2024-04-02 21:52:45.208277512,2.4293199801802396,3.6233160834383367,52.14181289384285,4,0.5050792039413502,-0.15203179649798193,24.051995574030396,66.63178536691937,10,97.69062035051277,2,93,1,24.04351127701047
2024-04-03 06:38:31.723782680,10.755369936680887,12.450347332431509,28.48993480493308,4,0.8550857286100996,0.3500065246687494,21.880353590489115,70.0408263407355,40,69.93545287301878,2,94,1,26.04470500529315
2024-04-03 15:24:18.239287848,5.0065156489585885,8.076135619087589,53.30158598411366,4,0.9177515554013927,0.06266582679129318,22.811131236317685,67.7020684508319,10,98.89105698508146,2,94,0,
2024-04-04 00:10:04.754793016,10.533511356872365,12.904761579303944,28.150804101627322,4,0.8910616774896349,-0.02668987791175781,23.16334798552502,72.84035577788198,20,86.45072524666018,3,95,0,
2024-04-04 08:55:51.270298184,1.1271306878269605,13.60725866097901,38.14476915014731,4,0.5262281643828437,-0.36483351310679124,24.771557675686356,72.58572634937245,40,68.51536389806229,0,95,0,
2024-04-04 17:41:37.785803352,10.724923184658566,11.456684200182377,41.605652153171974,4,0.9088662575437655,0.3826380931609218,27.64572295331543,71.43324389370544,80,60.30472632768362,0,95,0,
2024-04-05 02:27:24.301308520,74.41722909704406,81.97760051919911,146.94619451644175,4,3.1496303649972246,2.240764107453459,22.885221179023084,55.88815688835179,20,100.0,5,96,1,1.0
2024-04-05 11:13:10.816813696,0.49412998894300686,2.8923390683308363,14.107207187938759,4,0.7221472849799724,-2.427483080017252,22.22763716870131,69.1993571460099,80,47.48194528574026,0,96,0,
2024-04-05 19:58:57.332318864,37.798631125622286,41.30832918382741,87.02349607372986,4,1.778561220437844,1.0564139354578717,24.083273372002513,68.05662324765329,80,84.6670436422797,1,96,1,25.258556474029874
2024-04-06 04:44:43.847824032,5.224056824545973,9.771330459043384,36.72306986756013,4,0.8473124761778177,-0.9312487442600264,26.384675231045286,69.482522548832,80,59.767587583559454,0,97,0,
2024-04-06 13:30:30.363329200,20.46033461015753,28.899023050607987,69.10240992681588,4,1.4861877309949567,0.638875254817139,21.448194199029075,64.91229707236893,10,100.0,5,97,1,13.595188101149615
2024-04-06 22:16:16.878834368,15.250300569342926,19.599317237051594,45.51216267264773,4,1.2161245425609064,-0.2700631884340503,27.27000285046135,62.10153954542679,80,59.70697525268737,0,97,0,
2024-04-07 07:02:03.394339536,8.370551059265525,18.24952841212081,39.50438500173414,4,0.9632583815300502,-0.25286616103085624,24.039457429519008,71.0827327073759,10,85.3438668604553,5,98,1,26.704740232594485
2024-04-07 15:47:49.909844704,13.411267858526585,16.243694616285733,47.283592144644444,4,1.144390747251406,0.18113236572135594,22.935676578094228,67.02712657678164,40,71.76592744814444,2,98,0,
2024-04-08 00:33:36.425349872,21.079691009583396,28.852101438960947,69.41495534402058,4,0.9937846153284652,-0.15060613192294092,21.22474489696278,71.72371190951219,20,100.0,3,99,1,20.64612495976411
2024-04-08 09:19:22.940855040,5.177500786487027,8.473004283380511,17.892020183535376,4,0.3878270080954894,-0.6059576072329758,25.858981998570115,65.53730901503387,10,85.73000851922508,2,99,1,37.18258140476321
2024-04-08 18:05:09.456360208,3.9605922479100646,6.768243242256162,21.356721462045748,4,0.678314007509529,0.29048699941403955,24.124424770466117,76.01308752436175,10,80.29353804882071,2,99,1,33.493975468022825
2024-04-09 02:50:55.971865376,11.01396317172307,14.380092531112371,28.103105063880992,4,0.8778163306756928,0.1995023231661638,24.829014197989196,73.98053067781419,40,59.34363769960338,2,100,1,28.87268218739238
2024-04-09 11:36:42.487370544,16.494578429710735,21.460433370972893,39.478368710529175,4,0.9357138916012921,0.05789756092559939,22.706824818466878,70.50103214370861,40,69.33331630368063,0,100,1,34.55843147434756
2024-04-09 20:22:29.002875712,14.366833688205121,13.613950858371552,32.68324912449373,4,1.08864671631336,0.15293282471206782,23.89110993048517,67.9921619310447,20,86.79995173859726,5,100,1,21.492864902282378
2024-04-10 05:08:15.518380880,15.985654764477754,26.84646272831593,58.95375622901442,4,0.7156050052824673,-0.3730417110308927,23.57700146912181,73.36237231265356,40,84.4717172910903,1,101,1,25.917134845629416
2024-04-10 13:54:02.033886048,5.719624967418865,8.852203228241482,36.43398052993173,4,0.5959600804192313,-0.11964492486323597,24.36984761197854,71.10480672165694,10,90.9707037226286,2,101,1,26.119249875879696
2024-04-10 22:39:48.549391216,17.02838106385863,16.822552572939856,41.32860701527533,4,0.9118020380310482,0.3158419576118169,23.252806562521076,70.37674337019843,20,85.47772809290052,5,101,1,31.786473532739308
2024-04-11 07:25:35.064896384,1.2807096265357145,2.0101570408305434,4.492974155236984,4,0.21845540591912777,-0.6933466321119204,21.54443385151232,74.43991859357156,20,69.94932013432505,5,102,1,37.643200795928806
2024-04-11 16:11:21.580401552,7.86335628344283,10.925864644584815,34.38578492596424,4,1.0654719735685656,0.8470165676494379,30.090686619486796,76.40005502982036,20,71.42856145524652,2,102,1,26.9601578548758
2024-04-12 00:57:08.095906720,0.05775305516253854,3.4884749457513755,7.070777914691354,4,0.2641995568280999,-0.8012724167404657,21.927776421815203,63.04711391055274,80,41.57518961386006,0,103,0,
2024-04-12 09:42:54.611411888,3.9242919094318784,6.053852275829231,24.56391069673791,4,0.5213563494853927,0.25715679265729274,25.038406782645936,64.09905700077269,80,49.63834718418487,2,103,0,
2024-04-12 18:28:41.126917064,4.564345626291861,10.682948865899563,72.77754528027225,4,0.8797123527458597,0.358356003260467,21.152342661835057,65.49149300997229,10,100.0,3,103,1,31.491302072610274
2024-04-13 03:14:27.642422232,5.0446703518866745,6.817955284970274,17.870602684758367,4,0.7982820285731826,-0.08143032417267704,20.72321832589875,61.92250341005164,80,49.73585579557717,1,104,0,
2024-04-13 12:00:14.157927400,11.889765020311442,27.474151424184235,78.43917933503741,4,0.7909018753511218,-0.00738015322206087,24.933886026604114,69.1627234579534,40,93.00114612096574,2,104,1,36.18396142761987
2024-04-13 20:46:00.673432568,4.919353427114065,10.043170226575178,24.077139339648525,4,0.8353166126601604,0.044414737309038665,25.10789265821129,72.5188972415719,20,69.50413292048815,5,104,0,
2024-04-14 05:31:47.188937736,5.954645855639285,14.3445523018291,31.8889536113182,4,0.8204953358627209,-0.014821276797439498,27.303084132680976,69.45308082739072,10,92.80423705905487,5,105,1,18.74215449972748
2024-04-14 14:17:33.704442904,2.712106487319779,3.0320571890001418,24.681463181799185,4,1.0511698140586905,0.23067447819596953,25.600112362677525,66.93142915322774,40,61.99406305015309,0,105,1,36.46568416283914
2024-04-14 23:03:20.219948072,4.672104005506762,7.568046864669374,13.252520647712624,4,0.7499106319704899,-0.30125918208820057,24.52233326636697,75.27619819336289,20,70.09898808364723,2,105,1,42.26204742123994
2024-04-15 07:49:06.735453240,2.578250975330488,4.701504302003848,11.245463938401233,4,0.5703316983129418,-0.17957893365754807,22.943693364996353,70.38856972228648,40,61.59976446381531,1,106,0,
2024-04-15 16:34:53.250958408,0.7601308825538722,5.064039677573352,14.189209775939258,4,0.3945426230029264,-0.17578907531001542,27.861859897274567,71.44258635844653,80,52.67022646544447,1,106,0,
2024-04-16 01:20:39.766463576,9.249495953184562,19.9895336096817,54.677811461187154,4,0.7360365817693939,0.3414939587664675,26.742482551311834,75.54073414292158,40,79.14304777260256,2,107,1,38.90152056862128
2024-04-16 10:06:26.281968744,11.032614750710689,11.926410830985523,24.590096938378615,4,0.6747625842304374,-0.06127399753895646,22.413067425108796,69.19524306695561,80,56.391783001102034,1,107,0,
2024-04-16 18:52:12.797473912,9.662437301484182,9.993459975780631,46.54680828252209,4,1.0674031085698743,0.39264052433943686,25.002601813643523,80.15441907756791,40,81.98170746112247,1,107,0,
2024-04-17 03:37:59.312979080,6.226776150169474,14.809340461226778,31.945451420368457,4,0.7762229106189514,-0.29118019795092287,25.235728084317156,67.65617222316949,10,88.5407318800577,2,108,1,29.476050662007214
2024-04-17 12:23:45.828484248,4.776903447798999,5.517550600029069,14.553913842204139,4,0.7637629997512165,-0.012459910867734902,24.277266491700377,79.92688863238794,80,43.62872491079417,0,108,0,
2024-04-17 21:09:32.343989416,19.902127218947548,24.782548818534533,50.38556576655368,4,1.4487175525604736,0.6849545528092571,26.533225511942707,65.10537317109615,80,68.10803653809626,0,108,1,25.247768918123008
2024-04-18 05:55:18.859494584,7.320580548015936,11.525378193787256,20.279095423045963,4,0.28997256445669833,-1.1587449881037752,26.673941736367237,72.60837543374397,20,69.95314162142503,4,109,1,36.563345869574235
2024-04-18 14:41:05.374999752,6.523543915152494,15.504935998841443,34.349070847178425,4,1.0412949912315392,0.7513224267748408,24.650454799478073,66.85019154614538,80,45.434529751567496,0,109,1,32.92273240469202
2024-04-18 23:26:51.890504920,0.25976553942014474,0.9059216402159752,3.8223336809916493,4,0.5253339095472295,-0.5159610816843098,24.490637887140526,75.70258334237715,20,64.22115695901128,4,109,0,
2024-04-19 08:12:38.406010088,4.174078814107976,4.045119315635094,7.930148456699385,4,0.7109424437665994,0.18560853421936996,28.07124256811281,67.75548824626337,80,44.54832747842773,1,110,0,
2024-04-19 16:58:24.921515256,4.783513648988052,8.84519561078024,21.6011069431244,4,0.5184415847379132,-0.1925008590286862,26.959951404118836,71.64290319200914,80,56.58264232904939,2,110,1,41.18844137018614
2024-04-20 01:44:11.437020424,5.0886551419799915,19.281345135485118,63.83683405365061,4,0.6435616745047473,0.12512008976683409,25.259940720605385,66.97772990136937,80,68.16794873938377,1,111,1,26.299459898000173
2024-04-20 10:29:57.952525600,8.679110548652707,12.174285099215812,31.800417040199584,4,0.8930942399278098,0.24953256542306246,21.877746161032423,74.95845434671813,80,48.37166020820326,1,111,1,36.937344516058104
2024-04-20 19:15:44.468030768,7.627171043528689,8.154413342886492,32.327193762363564,4,1.2110071143657326,0.3179128744379228,25.845106359483715,67.0354559905516,20,77.00700117823432,2,111,1,28.67267612993438
2024-04-21 04:01:30.983535936,9.362513582748198,14.345971462966881,35.792559895097696,4,1.0313726488476131,-0.17963446551811946,26.574212225976783,78.77316481599624,10,89.79716688557608,5,112,1,33.09429455512463
2024-04-21 12:47:17.499041104,14.476731287868812,30.3616190468674,62.82745581155115,4,1.3462554005097584,0.3148827516621453,19.689938062557147,65.41797710390084,40,81.88289263270342,2,112,1,31.013550994315676
2024-04-21 21:33:04.014546272,16.765704014851647,23.65001303618049,45.18158265033304,4,1.0334139566065539,-0.31284144390320456,25.723652745559846,63.71168810620686,80,62.69433474359354,2,112,0,
2024-04-22 06:18:50.530051440,12.662847438313909,39.51946036474286,110.39358001260334,4,1.0284107074965814,-0.0050032491099725185,24.40745854373385,75.23944542504607,80,89.85315523527004,0,113,0,
2024-04-22 15:04:37.045556608,31.127987250042054,26.154838595436264,61.55070147633436,4,1.227947140639405,0.19953643314282354,24.82005839684132,67.56531571288323,10,100.0,2,113,1,19.2215530350709
2024-04-22 23:50:23.561061776,0.18400844582700027,0.7920109712465847,14.651925317150054,4,0.4139455336896682,-0.8140016069497367,23.467924895338662,70.52918703448293,20,65.58393351105295,4,113,0,
2024-04-23 08:36:10.076566944,2.1787991071251294,6.924062263908418,15.340212480853847,4,0.20226011814748163,-0.21168541554218656,25.00722310050958,68.99599759345513,40,63.03364994426413,2,114,0,
2024-04-23 17:21:56.592072112,0.07591618531415689,8.663133241016698,25.253115961186655,4,0.44316578753812974,0.24090566939064811,28.108494383601805,64.08598112671484,10,84.5231848007464,2,114,1,32.061222933221785
2024-04-24 02:07:43.107577280,10.426329264077516,12.194555470834079,32.14803585866585,4,0.7184015087779225,0.2752357212397928,24.452618085878743,70.30586184632787,10,84.68403232060695,2,115,1,35.382136855574906
2024-04-24 10:53:29.623082448,22.830820100664766,27.819466684433333,83.15756200072686,4,1.1997394339786605,0.4813379252007379,27.29745998869279,77.05720521707435,10,100.0,5,115,1,15.125849459654576
2024-04-24 19:39:16.138587616,2.7902934427777346,10.183069745049995,25.783198874406036,4,0.6839865882555131,-0.5157528457231474,23.774541789354018,75.7900934707543,10,81.54706105612797,2,115,1,27.953608835495693
2024-04-25 04:25:02.654092784,26.177691662237187,21.468596566121338,50.50318954292999,4,1.3107299726310795,0.6267433843755664,26.925601170039382,71.97514138258424,80,68.04052839089582,0,116,0,
2024-04-25 13:10:49.169597952,0.6215990193872064,3.0168033091426523,11.435922067726116,4,0.5396149389905788,-0.7711150336405007,25.43227788850895,76.41927381970562,40,54.883354365916645,1,116,1,37.594982753157865
2024-04-25 21:56:35.685103120,27.24728923000118,31.611950045668387,71.66817882699635,4,1.2447766677881562,0.7051617287975774,26.153885695747277,65.60207915286655,80,83.9898519886382,1,116,1,19.134520402513107
2024-04-26 06:42:22.200608288,4.3328247930653845,9.118753189258726,23.027149008092287,4,0.2851722991007907,-0.9596043686873654,25.485004513207755,69.31412435750053,10,81.9478733831142,2,117,1,33.99279721608188
2024-04-26 15:28:08.716113456,1.0694046139193687,7.6319609807802955,34.22517797651051,4,0.4826459804058316,0.1974736813050409,26.77480216439282,72.96212810267184,40,67.69466012770862,1,117,0,
2024-04-27 00:13:55.231618624,6.652825488994116,9.669533542524203,26.666238825947588,4,0.5352617176677233,0.052615737261891726,20.3772265316523,70.37271940095408,10,82.63376761911022,5,118,1,31.22409691325737
2024-04-27 08:59:41.747123792,2.967585630781719,7.62668186211347,37.02762346190891,4,0.7288318808924898,0.1935701632247665,22.69358221213568,69.83234902571886,20,79.49637136096054,4,118,1,33.00535162085649
2024-04-27 17:45:28.262628968,3.3529499259166196,8.089966068208833,34.634332982872564,4,0.8298161385391595,0.10098425764666963,26.38822054428843,65.10490043493681,10,93.31485568467583,2,118,1,38.18751095060884
2024-04-28 02:31:14.778134136,3.671437871612786,8.24414092921614,16.265048313225588,4,0.8435843801364049,0.013768241597245434,21.487799821720436,60.743046115812255,10,82.36174338003623,4,119,1,26.105542810199566
2024-04-28 11:17:01.293639304,16.246830199654234,21.8305111697776,60.15595200194272,4,1.1946322629164248,0.35104788278001986,24.534522705984614,75.28069895930625,20,90.21835690655222,3,119,1,22.474729123127133
2024-04-28 20:02:47.809144472,7.747071381382604,8.259684322863652,13.512637616052261,4,0.7108331237657909,-0.4837991391506339,25.507798164176357,72.44906755876043,80,55.2629443403094,2,119,1,38.747573592437476
2024-04-29 04:48:34.324649640,3.7296069575345254,3.8269264056233014,33.28516502008732,4,0.5084702901117442,-0.20236283365404673,23.980985176062752,75.78452279362756,40,71.00751071675651,1,120,1,35.417612164393184
2024-04-29 13:34:20.840154808,9.424647609545124,8.92361048440871,25.33615415581285,4,0.6283085063015763,0.11983821618983215,24.274917062061974,69.12990002410717,10,80.47717148191967,4,120,1,26.70395935237632
2024-04-29 22:20:07.355659976,12.593117246481015,12.589741262189918,35.887444707197815,4,0.5762599742311694,-0.05204853207040694,26.221967130290018,67.7937160358277,10,81.0419805849292,2,120,1,30.352525749803277
2024-04-30 07:05:53.871165144,3.1831174220804606,6.404352129669647,13.559413559000957,4,0.8260766098398772,0.24981663560870782,27.718143585901228,71.43184718186639,20,64.70463777051762,2,121,1,26.723946516940735
2024-04-30 15:51:40.386670312,5.336663339591022,14.631117975064015,36.853520630244105,4,0.7181022389564656,-0.10797437088341155,23.803393573678594,75.7115829154405,40,70.49350420787331,2,121,0,
2024-05-01 00:37:26.902175480,1.2997895952140053,7.387004158898108,17.141273082842833,5,0.3505977747690864,-0.36750446418737925,24.590901959025928,70.32477562786306,20,71.55663839457856,2,122,0,
2024-05-01 09:23:13.417680648,1.9985356772213871,9.720226531257454,22.49183995332075,5,0.4718747037149553,0.12127692894586894,24.299209409424957,75.53238863380052,10,88.04160839317046,3,122,0,
2024-05-01 18:08:59.933185816,11.429336926261701,14.11843513634473,38.54454134371239,5,0.6963763986021709,0.2245016948872156,20.93967148279729,66.53332194513827,80,53.79954079626119,1,122,0,
2024-05-02 02:54:46.448690984,2.0020656148364724,4.260040312772555,26.760068247118177,5,0.5912466124274803,-0.1051297861746906,26.08654046001742,70.79899809291547,80,51.18425745382503,1,123,0,
2024-05-02 11:40:32.964196152,7.447844997321001,8.721561720917677,20.8870041724186,5,0.949666087369734,0.3584194749422537,27.693224163032205,71.2970066223603,40,54.55528873683674,2,123,0,
2024-05-02 20:26:19.479701320,12.345909994396855,11.79046583021193,25.248648854461393,5,0.7952249482709397,-0.1544411390987943,27.877732414214183,77.82084171877443,10,75.93032836933348,5,123,1,35.32778751155709
2024-05-03 05:12:05.995206488,1.1303088352047044,1.4543348937263003,23.772707672989895,5,0.08664282268462725,-0.7085821255863125,24.123555748428554,72.7683139926996,20,68.74726010672836,2,124,0,
2024-05-03 13:57:52.510711656,8.377388725681469,11.888172583860712,27.146285875440505,5,0.7485934333204525,0.6619506106358253,23.382319717084158,80.50181921971986,10,85.40620415919035,2,124,1,31.170604621286806
2024-05-03 22:43:39.026216824,2.9647096009248415,25.356485579025787,79.48552849540364,5,0.7816202677893156,0.03302683446886312,25.949538671042056,65.07423115197996,20,100.0,3,124,1,41.36323155164222
2024-05-04 07:29:25.541721992,32.94862971807926,32.54739364802382,80.76278997848864,5,1.439462484654719,0.6578422168654035,27.585470797751793,72.50344137129413,20,95.63962445613593,2,125,1,11.742245429600876
2024-05-04 16:15:12.057227160,6.607683713268071,7.671017325955601,25.99638123184149,5,0.583371614229777,-0.856090870424942,26.25720389541122,72.79199619348314,40,58.95181101898455,0,125,1,31.98662504520882
2024-05-05 01:00:58.572732328,16.39858717435359,20.76980389795698,59.685786012037184,5,1.07915759861181,0.49578598438203303,26.54667520879221,75.03659786202371,20,80.94377712940141,4,126,1,27.419982232426207
2024-05-05 09:46:45.088237504,7.990112499936112,9.92321412869096,31.523303880604203,5,0.7722626143154322,-0.30689498429637785,28.272273733817343,67.9104240744453,40,66.83341298168708,0,126,1,39.37524258742437
2024-05-05 18:32:31.603742672,0.44383049279866127,9.323130370913434,36.3645527893907,5,0.5971418507397782,-0.17512076357565398,24.53086734349136,80.44051262095971,80,54.52158188484166,2,126,0,
2024-05-06 03:18:18.119247840,10.028059835743523,17.311944474144347,29.79650450358112,5,0.9562089137449071,0.3590670630051289,25.589711154088793,72.1241223622285,40,73.21340914284978,0,127,1,27.842017827006117
2024-05-06 12:04:04.634753008,30.242005201247327,50.04065097294725,101.1103559526863,5,1.5192800491248486,0.5630711353799415,29.31935513819114,66.66495066466288,40,100.0,2,127,1,13.688744123281035
2024-05-06 20:49:51.150258176,9.203284227538246,10.06584186411354,26.871587711927727,5,0.6874069692517697,-0.8318730798730789,25.676996217654157,72.06111197563074,40,62.57856513867999,1,127,0,
2024-05-07 05:35:37.665763344,17.10302214707729,20.157584941590283,58.516865819747515,5,1.3196609502745287,0.632253981022759,23.556400083562473,70.61634041659066,80,66.0528707721515,2,128,1,27.062040300022943
2024-05-07 14:21:24.181268512,21.55946530154033,28.015809603333185,60.8068677731621,5,1.3232184840072256,0.0035575337326969603,24.772798217955515,86.13919653214886,40,72.9300827856099,0,128,1,21.05113907727182
2024-05-07 23:07:10.696773680,2.5887406583650026,7.52500985577586,33.17312901771935,5,0.7924141239136185,-0.5308043600936071,24.25556758747353,77.5135725774571,20,69.74720562413253,5,128,1,36.427416427527774
2024-05-08 07:52:57.212278848,2.3831409418015577,5.430252403909778,16.016442483208017,5,0.8471862599419426,0.05477213602832409,26.866649466805633,72.55295536934727,20,64.89751646874333,3,129,1,34.74858305447654
2024-05-08 16:38:43.727784016,9.441270647095303,11.102113581922197,19.910733354166748,5,0.905035384886088,0.0578491249441454,24.38080706161649,71.78581871159207,40,56.46085226696185,2,129,1,36.266045076781346
2024-05-09 01:24:30.243289184,5.293774323335772,9.218290001382194,35.968434272417824,5,0.8837361223077715,-0.02129926257831649,26.735125758043306,77.14139881704897,20,72.98835792197895,3,130,1,36.71615296886614
2024-05-09 10:10:16.758794352,18.317149821689238,25.240525156879933,46.63239820480745,5,0.802879215588532,-0.08085690671923951,24.74126205149553,77.42109577879474,40,75.20167273961545,1,130,1,30.12868839464525
2024-05-09 18:56:03.274299520,23.02816353712856,35.92526860166346,96.01329367566414,5,1.3606467311584112,0.5577675155698791,21.98694934372687,57.90966324444341,80,90.57797479990637,0,130,1,27.367021292777167
2024-05-10 03:41:49.789804688,4.3606047842351465,11.39457422281087,19.094898108080642,5,0.6646141455499461,-0.696032585608465,26.867238265459413,75.7229631566578,20,67.25428706753169,2,131,0,
2024-05-10 12:27:36.305309856,2.7032761460844306,7.923316936274959,23.884559215372388,5,0.9688355104644002,0.30422136491445406,26.571196308302937,72.68837061031145,40,71.61804094901278,0,131,0,
2024-05-10 21:13:22.820815024,15.165192957924488,18.070534349709476,37.94029710037828,5,1.1695383090162446,0.20070279855184436,27.330032457183947,66.03331454259765,10,80.23650171760868,5,131,1,24.813746119014766
2024-05-11 05:59:09.336320192,3.213161227341658,9.00963657425473,23.71791628970496,5,0.5282705521307445,-0.6412677568855001,24.968767539331353,77.03055465344463,80,52.1497776397138,1,132,0,
2024-05-11 14:44:55.851825360,17.29428925519035,18.90277144645927,34.420796283893424,5,1.109472331274241,0.5812017791434965,24.775855095071265,83.90082815937136,10,86.11749712150709,3,132,1,18.25529362164606
2024-05-11 23:30:42.367330528,5.511933007554102,17.614356618155853,44.44615060177611,5,0.8199184930224885,-0.2895538382517524,27.158056392413148,75.49422508503902,40,69.46957089105177,1,132,1,27.592176689168475
2024-05-12 08:16:28.882835696,11.012655032053702,22.559246638647725,55.59275042249423,5,1.0367118536579971,0.21679336063550858,29.41331665741481,78.25269723599001,20,84.30806098118181,5,133,1,27.712337182245168
2024-05-12 17:02:15.398340872,1.0041201729112579,1.1756005581821285,8.359597296460862,5,0.3280699151651162,-0.7086419384928809,26.417744221639662,81.81141186507604,40,54.14499923366864,1,133,0,
2024-05-13 01:48:01.913846040,9.777920690653742,16.95441291352204,71.8046149731542,5,0.9371058359959403,0.6090359208308241,27.264684584919397,68.67971803204995,20,94.77466834996845,5,134,1,29.96464856205222
2024-05-13 10:33:48.429351208,6.01056137962785,7.066078258274943,33.771656869421705,5,0.6452417403176596,-0.29186409567828075,25.792420361078467,63.58333423402517,40,64.92644579914804,0,134,0,
2024-05-13 19:19:34.944856376,8.833601040666048,11.12157121520051,25.258288132106784,5,0.8443776857764462,0.19913594545878666,23.368390817613047,76.19563403926834,40,56.13554589110652,0,134,1,36.289288650834806
2024-05-14 04:05:21.460361544,1.8393991492315793,5.8757849030861,14.083511142406609,5,0.4506687989910586,-0.3937088867853876,28.410541273286487,71.71330718774948,20,58.95119648215082,5,135,0,
2024-05-14 12:51:07.975866712,13.351213047485327,12.759136265497313,50.034808687443984,5,0.7776029893253598,0.32693419033430116,28.312515577266442,66.12050693633053,20,83.57482196774417,4,135,1,25.794410056899242
2024-05-14 21:36:54.491371880,19.862942632118777,28.771405755628187,60.831141050858115,5,1.419741314271998,0.6421383249466381,27.937213552823348,72.64048132426696,40,78.40509000294641,2,135,1,28.04413431072329
2024-05-15 06:22:41.006877048,2.4429032668853936,2.7389196266059663,14.308103105686616,5,0.36593774993573525,-1.0538035643362627,26.171726417656416,76.70897145763561,10,76.16886725145918,3,136,1,24.28280709032299
2024-05-15 15:08:27.522382216,1.0061021126280096,1.8538994415567371,19.625111751410827,5,0.3431101564597179,-0.02282759347601737,27.749654323869695,72.36622592496343,80,49.26944688625787,2,136,1,36.97152342052669
2024-05-15 23:54:14.037887384,0.23922459931573992,4.577675752941046,15.115360067471622,5,0.5402449980726096,0.19713484161289174,28.362963237569687,69.21674113191285,10,74.94516832432171,5,136,1,38.15937973317842
2024-05-16 08:40:00.553392552,10.271426880495873,15.344266341143786,43.4304629768492,5,0.7044931259841644,0.16424812791155474,29.835626870105422,72.07308369890147,10,90.65319436933356,3,137,1,34.17109288644145
2024-05-16 17:25:47.068897720,9.34184973323918,23.545753931110873,72.94723150846889,5,0.7452888075233326,0.04079568153916824,28.592203557013622,73.13292036893074,10,100.0,3,137,1,32.32461201179585
2024-05-17 02:11:33.584402888,7.911954133835657,14.485079034977801,44.811280812132416,5,0.8241050672681501,0.07881625974481754,26.762607287065464,63.62251836086596,10,100.0,5,138,1,33.17567890934292
2024-05-17 10:57:20.099908056,2.6389666294128884,8.668010051460751,18.223844966543382,5,0.3384462617221243,-0.48565880554602586,24.03824310930348,72.59562447445099,20,65.11322174252184,5,138,1,38.178775863483565
2024-05-17 19:43:06.615413224,4.957826650652052,7.075106489976408,19.052463519770114,5,0.4683151509300776,0.1298688892079533,26.985821945150214,66.62730833888901,10,77.67132821255836,3,138,1,33.67627082377647
2024-05-18 04:28:53.130918392,9.02576047539322,10.049898675294532,22.106111445078284,5,1.1918333128455383,0.7235181619154607,27.20738647079632,76.68359311830089,80,47.434111776969736,2,139,0,
2024-05-18 13:14:39.646423560,6.867017149919159,8.237351315343076,31.472970771569603,5,0.8116088679456157,-0.3802244448999226,28.131987812313955,65.6226436454208,20,72.03357768476029,2,139,0,
2024-05-18 22:00:26.161928728,44.05133163381326,51.25220812419516,107.5313701662544,5,1.7442360434642346,0.9326271755186188,29.441378470366967,78.53065052619492,10,100.0,4,139,1,2.0479824575330277
2024-05-19 06:46:12.677433896,1.466916126153273,7.361786581293545,13.627448250721375,5,0.6865992039892403,-1.0576368394749942,26.562929779815303,71.46063626178801,20,66.30255307594564,4,140,1,34.24442741658412
2024-05-19 15:31:59.192939064,11.879175624204636,14.075072253908106,51.02377049987498,5,0.9918003304204996,0.3052011264312593,30.974810453167038,70.83079361322157,10,93.21458329806144,2,140,1,21.325541359737237
2024-05-20 00:17:45.708444232,5.180496008103994,10.9745257610131,28.150979705803596,5,0.9122380617902586,-0.07956226863024107,23.27383617625255,75.05709341917728,10,82.65810989513024,4,141,1,34.031261508357545
2024-05-20 09:03:32.223949408,5.589653256517158,9.662852964716201,22.346459389721737,5,0.6829903888861591,-0.22924767290409942,27.650636633555017,69.29373355114657,80,47.57416193989451,2,141,0,
2024-05-20 17:49:18.739454576,12.64422861419053,14.189363522776372,25.97053892230775,5,1.0900777480661523,0.40708735917999317,25.23442296294371,75.05665626527386,20,74.99389764978469,5,141,1,21.574898747419205
2024-05-21 02:35:05.254959744,11.790725753198146,13.2107998740474,32.75710075322084,5,0.4602332088280023,-0.62984453923815,23.036498450431456,70.04134102617627,20,86.65451408956399,2,142,0,
2024-05-21 11:20:51.770464912,47.3938680786437,50.998706235724896,113.89733457270216,5,1.746602797834972,1.2863695890069697,26.466839901525265,70.95710474662333,40,100.0,1,142,1,9.578575565052216
2024-05-21 20:06:38.285970080,1.374181241365831,7.829965283136537,40.25466407307159,5,0.6385575580059731,-1.108045239828999,23.97545662198396,75.80637488429741,10,92.09714815520881,4,142,1,26.726368662742285
2024-05-22 04:52:24.801475248,1.0993725004065542,12.274436643646357,42.664562950717766,5,0.710658523006153,0.07210096500017982,26.586326406997394,68.12546073745413,10,91.55702626046244,2,143,1,32.338113712366905
2024-05-22 13:38:11.316980416,12.885827656735422,13.137272948800307,37.104918995822324,5,0.706732825088983,-0.003925697917169901,26.99806736275366,67.53537122431771,80,61.89560828857411,2,143,0,
2024-05-22 22:23:57.832485584,8.636672504679805,32.276729575243664,76.3064731516368,5,1.0473847440986646,0.3406519190096815,29.18492448832116,75.13681087635022,80,81.63720137829876,1,143,0,
2024-05-23 07:09:44.347990752,3.2042659245002616,4.693417324059123,17.707912126959485,5,0.48625144199314435,-0.5611333021055203,23.951950003701423,73.79974128401167,20,69.88101954957304,4,144,1,35.01358202333503
2024-05-23 15:55:30.863495920,0.8275068734779747,0.7981215537930978,4.473611686923948,5,0.4691395341620573,-0.01711190783108707,28.803254670109624,74.81619240168311,80,42.03770296288647,1,144,0,
2024-05-24 00:41:17.379001088,0.8955087106390793,30.667124412142016,49.32938390360876,5,1.029536178467204,0.5603966443051467,27.201734429094774,75.64934324067748,20,82.49244095356214,4,145,1,22.86935651614518
2024-05-24 09:27:03.894506256,22.46118512465589,22.037206689215875,71.50530321238907,5,1.3513832687629965,0.3218470902957926,29.082445812331777,74.33637277926007,10,100.0,4,145,1,22.425409547493334
2024-05-24 18:12:50.410011424,2.1302903185996405,7.386883974908428,14.577707407648374,5,0.41706258064842466,-0.9343206881145718,26.18038358183823,77.1282349836363,10,76.80462539906526,2,145,1,34.176351779841106
2024-05-25 02:58:36.925516592,3.906329929475808,5.321197237522373,11.302111097266277,5,0.4198882785607192,0.0028256979122945336,24.39849929934635,74.61315838063977,20,59.228111391544736,5,146,0,
2024-05-25 11:44:23.441021760,2.570318300956333,7.331306377435839,22.240493627247673,5,0.5424847506828218,0.12259647212210256,24.647056140203585,64.12759008689412,80,48.150966863036494,1,146,1,38.28408710829049
2024-05-25 20:30:09.956526928,4.384992348104207,15.876237979855391,45.046806384049496,5,0.741112966526053,0.1986282158432312,24.51746964909288,65.46274613954495,80,68.05767131438759,2,146,0,
2024-05-26 05:15:56.472032096,0.7195136073162983,2.721477744432262,5.367093617743821,5,0.41002535187570044,-0.3310876146503525,28.075705735972182,83.87990076147216,20,63.17610791427037,4,147,0,
2024-05-26 14:01:42.987537264,7.320123220255348,14.029707720715418,25.560379461216225,5,0.9948280301721947,0.5848026782964942,30.092877124705932,74.27842549584739,10,87.24351182528586,2,147,1,27.143570648054236
2024-05-26 22:47:29.503042432,0.7000684637744137,1.837673785819768,8.699337135553314,5,0.601856075475397,-0.3929719546967977,26.028048120737164,79.06711060668069,20,71.69788800106878,3,147,1,31.97683892566431
2024-05-27 07:33:16.018547600,16.11222042159252,18.96940717405102,56.4916244942121,5,1.0931555021472465,0.49129942667184956,28.435101975802556,72.62514323043861,80,67.36066496753196,0,148,0,
2024-05-27 16:19:02.534052776,2.6619730768420604,5.198585759870094,14.281207287602923,5,0.3519175533465478,-0.7412379488006988,24.148789248231584,74.10127125703599,20,68.17723281476967,2,148,1,40.6393371977529
2024-05-28 01:04:49.049557944,7.765546911485947,8.568741684435532,25.796649317623025,5,0.9744564985508303,0.6225389452042824,27.5751192972289,72.16213032639439,10,81.38909518804775,5,149,1,35.057554324514136
2024-05-28 09:50:35.565063112,21.209228164897418,21.723825644291697,52.39140598394211,5,0.5773890552927271,-0.39706744325810317,28.570366584931723,86.79611936182177,40,72.13267418959302,0,149,0,
2024-05-28 18:36:22.080568280,10.523320404102641,9.666643294601714,43.71369020328861,5,0.9739439313979439,0.3965548761052168,24.355717144637307,75.7701455022028,20,77.09200380498227,5,149,1,34.38297203351258
2024-05-29 03:22:08.596073448,7.613356325747317,19.180910986736123,35.404230089567605,5,1.0309385839164618,0.056994652518517874,26.862885560942466,71.86701547027336,40,71.91786690776625,0,150,1,23.910671302721184
2024-05-29 12:07:55.111578616,3.9205604248414607,5.838146416022702,12.22410197011992,5,0.550312435201464,-0.48062614871499776,28.721132716283364,66.32089830347351,20,67.15518738748821,2,150,0,
2024-05-29 20:53:41.627083784,4.049681012238468,5.049385299935402,16.26024739892066,5,0.8860695166936082,0.3357570814921442,21.440362882583614,84.48447556776439,80,57.36313905986559,2,150,0,
2024-05-30 05:39:28.142588952,11.07109150569736,13.235165252633305,40.352491639863054,5,0.841153972049411,-0.044915544644197225,29.997375520823724,73.83654686869896,80,65.03650588455098,1,151,0,
2024-05-30 14:25:14.658094120,51.39496674707304,59.67607055978388,146.1214947930348,5,2.137146381204788,1.2959924091553772,28.052352522265885,78.41113313877557,40,100.0,1,151,1,13.673602227400973
2024-05-30 23:11:01.173599288,10.842337269652312,19.291891541180902,51.333021130442184,5,0.9776714182856986,-1.1594749629190897,28.7969322664236,79.00694039351056,20,89.86822146635494,2,151,1,30.69483687370854
2024-05-31 07:56:47.689104456,8.159555109679813,25.25519790155339,41.45971675764948,5,1.5530580635713411,0.5753866452856425,26.556480116024694,72.4496847316766,80,59.20448068331347,1,152,0,
2024-05-31 16:42:34.204609624,13.117455241928113,17.881104453464506,30.25267864558164,5,1.210046930989808,-0.34301113258153304,23.9548735938362,78.16290099086461,40,71.21063786843582,1,152,0,
2024-06-01 01:28:20.720114792,9.388093919736134,25.530993423375353,57.32174168451846,6,1.0832980527710598,-0.12674887821874825,28.486802208222354,71.8166611574188,40,76.22920145604412,1,153,1,35.59565693454706
2024-06-01 10:14:07.235619960,0.9304026522482631,7.286860150189737,18.360444604891715,6,0.4089157572266236,-0.6743822955444363,27.27181091712724,69.92185132572345,20,63.91809250123249,3,153,1,43.741953056358184
2024-06-01 18:59:53.751125128,12.393213902159415,11.924790057297255,53.193539437071614,6,0.8958301437120593,0.48691438648543567,27.519494963374,80.73285156757979,80,62.617994333228765,1,153,0,
2024-06-02 03:45:40.266630296,47.41805140943003,59.82690068014276,157.576009756879,6,1.8840052162207508,0.9881750725086915,29.648707398811943,74.15603995771708,40,100.0,0,154,1,11.26768583455388
2024-06-02 12:31:26.782135464,2.8910874441105534,8.808606928503485,30.76456128522773,6,0.8103299876238085,-1.0736752285969424,29.015807123334643,77.57592291923217,10,81.18102181952054,2,154,1,28.49887687963707
2024-06-02 21:17:13.297640632,17.56798137702387,26.73740260457594,65.4438413854439,6,1.1468270487332082,0.3364970611093997,31.35229640897249,77.07424811899538,10,99.85887931469642,2,154,1,19.72236160855358
2024-06-03 06:02:59.813145800,3.3646701561338697,19.671327945867976,56.30949534333267,6,0.5391023466585781,-0.60772470207463,27.835628165178274,78.245499215139,80,72.43820702329253,0,155,1,31.59378390301136
2024-06-03 14:48:46.328650968,11.512491390396697,15.8696202617223,32.75837809400838,6,0.9051709471088575,0.36606860045027934,26.16354858018073,67.3092622405178,80,65.35941008833511,0,155,1,30.13677813655247
2024-06-03 23:34:32.844156136,1.5251172555354136,18.972250473441925,65.90576260502675,6,0.5503413559018665,-0.354829591206991,27.18714880898965,72.20151234903236,10,96.30193372474585,3,155,1,27.710389803092916
2024-06-04 08:20:19.359661312,8.97767486768821,19.43293898446317,135.0304223812518,6,0.9041261314659053,0.35378477556403876,28.41327327744452,73.54151727725248,40,100.0,0,156,1,19.126376715251034
2024-06-04 17:06:05.875166480,21.16884987813685,22.9803825912461,50.23057671957264,6,0.9813653602021468,0.07723922873624156,29.631578267023556,71.04233709356774,20,82.72676977991418,4,156,1,16.99127940071918
2024-06-05 01:51:52.390671648,6.405806422281812,12.85709406155216,30.755517634261167,6,0.7621845957333203,-0.2191807644688265,24.683670375330507,77.38051079649783,40,67.11717147314175,2,157,0,
2024-06-05 10:37:38.906176816,16.400419093141327,21.33846696636891,39.02453746933246,6,1.1914870239135347,0.42930242818021436,27.652640596428093,81.205596120119,80,51.241538581799745,1,157,1,29.284817491594264
2024-06-05 19:23:25.421681984,23.804139643745252,58.07275770658546,124.72546102843773,6,1.5461999715557386,0.35471294764220396,30.872429493698174,82.03261563597437,80,100.0,2,157,1,17.758834636502236
2024-06-06 04:09:11.937187152,39.296020390563136,41.84996343492938,94.25532782247065,6,1.6262423887260786,0.08004241717034,27.190662664668796,73.64613698729826,20,97.101101927155,3,158,1,16.564851707797413
2024-06-06 12:54:58.452692320,4.011175315733334,5.073295215194451,40.72810238586882,6,0.6716117026781037,-0.954630686047975,29.55079144559399,76.8373647840011,40,71.93372655448523,1,158,1,33.152469884569456
2024-06-06 21:40:44.968197488,7.645291993718022,10.087673837405468,40.51428368365195,6,0.8932191024069858,0.2216073997288821,28.692642911051497,77.64103323568946,20,81.54342207697266,3,158,1,36.170943513076494
2024-06-07 06:26:31.483702656,2.480480179836042,9.964110194633578,31.429098733953445,6,0.4278140515667045,-0.4654050508402813,29.635721672296,78.55428138950973,40,66.66958753845407,0,159,1,33.692582825831195
2024-06-07 15:12:17.999207824,73.35982443072082,81.18423050623802,196.96474370733893,6,2.8311700246178373,2.403355973051133,26.122024151651004,71.09241510433851,40,100.0,0,159,1,1.0
2024-06-07 23:58:04.514712992,39.25963645737858,44.339700087627584,95.76867333602786,6,1.9920978938273275,-0.8390721307905098,26.148238535257914,84.62098509210298,10,100.0,3,159,1,14.244825545709052
2024-06-08 08:43:51.030218160,11.64653398198684,18.20721765572736,48.5072349908827,6,1.0297342488523533,-0.9623636449749742,27.81703385790553,80.18558106905412,40,76.20902504252493,1,160,1,29.21701205443578
2024-06-08 17:29:37.545723328,27.680564880929573,28.642924165686775,78.26380254561968,6,1.3515913686089052,0.32185711975655185,24.72944594883666,80.35102576509676,80,78.08213735460424,1,160,0,
2024-06-09 02:15:24.061228496,11.039504329474294,16.948484512200796,49.01528828608059,6,1.0182224330512728,-0.33336893555763236,27.271758705641478,81.63978012223157,80,67.86689567891626,1,161,0,
2024-06-09 11:01:10.576733664,14.655972729325962,14.782413101322884,48.37359657104879,6,1.0314428768202846,0.01322044376901177,28.33429427070279,78.32776162267284,80,63.708777552696866,0,161,1,34.54477990517497
2024-06-09 19:46:57.092238832,1.4002346931453271,2.8649687266555373,20.401806674138403,6,0.7073746029614247,-0.32406827385885983,31.415063543871437,70.55501754468892,10,82.84478913161301,4,161,1,35.99713672073991
2024-06-10 04:32:43.607744000,21.11402152733608,31.920846433343627,64.48282200609142,6,0.8367025726835691,0.12932796972214433,28.66843011741231,75.0311238199698,20,91.61201436607526,4,162,1,29.256535785981974
2024-06-10 13:18:30.123249168,2.0495600284336066,7.615680427319141,37.264053824882545,6,0.3064567781092104,-0.5302457945743586,29.130601822103817,67.50502278540564,80,59.71553686798898,0,162,0,
2024-06-10 22:04:16.638754336,26.23633102403009,25.312012499696884,74.86657462384912,6,1.478812575374218,1.1723557972650076,30.226197147393165,77.86985345508172,80,80.30690201730087,0,162,1,17.88949927289734
2024-06-11 06:50:03.154259504,22.850836005279977,29.148516701202585,83.65679011313597,6,0.9474460518853371,-0.5313665234888809,25.98497997964345,74.9825220240394,20,99.83883218847781,5,163,1,21.925613752360146
2024-06-11 15:35:49.669764680,18.503326036404136,22.772568616015498,66.80636487969238,6,1.1780999340320788,0.23065388214674165,27.601128368684297,75.65997546921788,10,97.23399950857521,2,163,1,12.40915131240236
2024-06-12 00:21:36.185269848,0.5524555207732968,1.0160971458587444,11.429345086134132,6,0.45080015066759505,-0.7272997833644838,32.79906594642487,81.91648717606242,40,57.09506757080784,0,164,1,37.95298409460851
2024-06-12 09:07:22.700775016,5.417310600773252,7.084992887210237,20.635991019944193,6,0.479958291768368,0.029158141100772972,27.80689162328642,73.64530194332858,20,76.26495240303674,2,164,0,
2024-06-12 17:53:09.216280184,4.579802087686912,5.105375741607209,11.990465730495638,6,0.7125797505993051,0.2326214588309371,30.214840810064054,74.7033428311389,40,57.49098773003505,1,164,0,
2024-06-13 02:38:55.731785352,6.697503930292755,20.18025819181001,54.06929720162444,6,0.8759593612672695,0.16337961066796436,29.92624595476826,76.10740688066016,40,78.62536017429409,0,165,1,24.314473179386624
2024-06-13 11:24:42.247290520,1.3758546085856644,11.781518399049352,35.575075813712935,6,1.0674008065814822,0.1914414453142127,25.0592810082389,66.8310556269604,40,67.57665737437327,1,165,1,44.78089788016885
2024-06-13 20:10:28.762795688,41.45926951338111,46.45535862447338,166.75778397656913,6,1.668776735605178,0.6013759290236957,28.65315228240426,74.73406917797477,20,100.0,5,165,1,14.226642039654855
2024-06-14 04:56:15.278300856,12.104895281447723,23.183388833046543,51.52201882698441,6,1.2619538179732546,-0.40682291763192335,28.34232072601249,63.66867700177315,20,84.83133233280252,5,166,1,24.38291992290562
2024-06-14 13:42:01.793806024,5.468971829214032,13.876981018518832,35.8090855056473,6,0.8186338296463318,-0.44331998832692276,28.72532188030446,73.20320079976848,40,65.63504884718935,1,166,1,37.224842117275486
2024-06-14 22:27:48.309311192,7.587111466598987,11.505056676145783,25.77108882971219,6,0.6345884197848952,-0.18404540986143658,26.573704046795182,80.43980327971875,10,88.41203567923043,2,166,1,24.201596010008135
2024-06-15 07:13:34.824816360,8.891454033639453,17.38526461816397,36.99459331069009,6,1.0115310183578778,0.3769425985729826,25.864560572904075,78.43313198471213,10,85.84460506388164,5,167,1,26.31459126876038
2024-06-15 15:59:21.340321528,13.766665053311879,14.121239665295057,50.055139990886325,6,1.0296933986099783,0.018162380252100485,27.16279578645045,73.25553002071392,10,99.4749247277019,2,167,1,23.736064146234934
2024-06-16 00:45:07.855826696,10.875123780681594,18.614729529943673,33.1238511535291,6,0.9108184298846785,-0.11887496872529979,27.93558729327061,76.4663456659971,80,62.0916028865531,0,168,1,34.82760741233844
2024-06-16 09:30:54.371331864,37.7723556977647,48.465524742908116,129.52928169407045,6,1.7933614326724998,0.8825430027878213,30.517452707500258,70.92001978894723,40,100.0,0,168,1,8.261616940433852
2024-06-16 18:16:40.886837032,10.306387693811843,16.865489771297604,50.2535276462214,6,0.7553852453801065,-1.0379761872923932,31.798356714221093,76.31575313379214,80,58.88058622524754,1,168,0,
2024-06-17 03:02:27.402342200,72.72394898040352,85.62885888183771,188.43207645874085,6,2.645610143375546,1.8902248979954397,30.9731264819623,91.01146300649444,10,100.0,5,169,1,1.0
2024-06-17 11:48:13.917847368,28.599976699924206,33.43240631271213,86.1567532537025,6,1.558212031890122,-1.087398111485424,29.91644109374296,85.6211479462182,20,100.0,3,169,1,18.05666634923632
2024-06-17 20:34:00.433352536,3.507580257591478,10.674934493752968,24.847837722144234,6,0.6321130652267044,-0.9260989666634176,26.203473914782432,76.68741952884952,10,79.94392258439554,2,169,1,36.648740216660656
2024-06-18 05:19:46.948857704,40.016991908832814,54.292908155166806,99.78704892600065,6,1.8272523200785058,1.1951392548518014,27.410389458750952,77.25708444203676,80,90.60728239973245,2,170,0,
2024-06-18 14:05:33.464362872,1.8556916926491442,17.340318706827432,72.18092916722344,6,0.7664813401101126,-1.0607709799683933,28.66400460364747,71.59047842447019,80,79.93649632109945,1,170,0,
2024-06-18 22:51:19.979868040,25.510943610160886,30.664389070899723,78.69856138113113,6,1.3699204318689766,0.603439091758864,26.995188153096223,72.5111869187419,10,100.0,3,170,1,20.6740475289351
2024-06-19 07:37:06.495373216,7.185624280006458,17.806951437487115,45.582558428684465,6,0.5359167057801875,-0.8340037260887891,29.430334025659565,78.36276705173078,40,71.93436584297386,1,171,1,29.32212094023161
2024-06-19 16:22:53.010878384,31.55285652364854,42.52029835096651,73.31783063641468,6,1.8135105312736077,1.2775938254934203,29.73269391099275,73.95898056078592,20,95.4536206490474,4,171,1,16.100271282585652
2024-06-20 01:08:39.526383552,30.380743787334403,49.20091255651841,85.28198347297825,6,1.6238604316920078,-0.18965009958159995,29.38004299862833,81.1356737212527,20,100.0,4,172,1,13.109969762592806
2024-06-20 09:54:26.041888720,24.59268987536171,26.409550098020276,49.47245788248361,6,1.2154186459230072,-0.4084417857690006,30.373415190380513,84.49472036741949,10,93.45072585218887,3,172,1,16.90915539340276
2024-06-20 18:40:12.557393888,23.411890403463918,28.01608019902924,96.1889238470089,6,1.3345678110935202,0.119149165170513,26.52958831500353,78.34064540876454,40,91.92243363469571,2,172,1,23.51073238725155
2024-06-21 03:25:59.072899056,5.4507280438768015,12.761590237335772,41.25605818678055,6,0.7839389019738664,-0.5506289091196538,30.21999429084082,77.21735979451249,40,62.7608548984377,2,173,0,
2024-06-21 12:11:45.588404224,1.265719938011242,11.413167508692881,34.11506085832744,6,0.7928586117450941,0.00891970977122769,26.978553228400504,68.33579013272853,10,88.87117826199356,3,173,1,34.905036935905116
2024-06-21 20:57:32.103909392,7.737074471134495,34.24210009427435,105.32843043119696,6,1.1047592247956217,0.31190061305052763,26.50342030282666,80.50863564258512,20,100.0,2,173,1,26.82746195387817
2024-06-22 05:43:18.619414560,2.8587753504998634,3.63672168225816,15.19284961490434,6,0.7371119696318322,-0.3676472551637895,29.464913118211967,71.08300519198312,20,70.94004733381456,4,174,1,36.705142630891324
2024-06-22 14:29:05.134919728,17.80924726466211,19.156994297161162,39.880833366866185,6,1.317953669410357,0.5808416997785248,30.847756908030927,74.74197392409883,20,73.28431674089742,5,174,1,29.448839740990792
2024-06-22 23:14:51.650424896,6.372006393196595,26.58766557887553,95.04446224941529,6,1.0700416934468815,-0.24791197596347558,29.407305713105824,81.66043694263328,40,94.82767029165461,1,174,1,15.92315262889509
2024-06-23 08:00:38.165930064,55.703854531906245,55.767233214452354,165.28072684847197,6,2.1396521787169362,1.0696104852700548,28.488095499459956,82.0417657253749,10,100.0,4,175,1,7.389784336219862
2024-06-23 16:46:24.681435232,15.365326718041864,25.239224802897013,71.93843002473886,6,0.8351185511744409,-1.3045336275424955,29.08194330349006,74.5907336658235,40,88.14226859011404,2,175,1,35.23862279613398
2024-06-24 01:32:11.196940400,25.930127631149066,28.77728524005431,74.99106373113803,6,1.6399349916244277,0.8048164404499868,28.749576908638268,74.90886847040748,20,100.0,4,176,1,16.44157871130592
2024-06-24 10:17:57.712445568,2.1325231314983917,3.105066374488997,29.391770860172496,6,0.5261564517054352,-1.1137785399189926,26.239847658394535,73.48690453504729,40,66.38901121826925,0,176,0,
2024-06-24 19:03:44.227950736,29.709098150046763,39.399520405297444,73.79926323579869,6,1.393555684381805,0.8673992326763699,26.02147423205432,71.02416031725875,20,91.46995001588013,4,176,1,26.841091957643563
2024-06-25 03:49:30.743455904,38.41202172924199,43.18363536512868,97.23596389367223,6,1.3527314246832387,-0.0408242596985664,28.36396626464192,73.86925863665645,10,100.0,2,177,1,17.168614184714723
2024-06-25 12:35:17.258961072,10.014002108223739,10.855637756336886,78.94019305466989,6,0.876531040790266,-0.4762003838929727,28.696173365467644,69.00726929328462,20,100.0,5,177,1,27.934559441340614
2024-06-25 21:21:03.774466240,13.980698247374859,16.97040847450322,44.16728048522143,6,0.9790953704832833,0.10256432969301732,28.57390402911553,80.51779145230144,80,53.64493320198889,1,177,1,32.5458633083294
2024-06-26 06:06:50.289971408,21.710411014977566,39.48600469043636,92.5598917647981,6,1.0260452799540187,0.04694990947073541,29.918159726747188,79.1045310247041,80,85.07427116045953,2,178,1,17.080709407230295
2024-06-26 14:52:36.805476584,2.8826446268186894,3.295065560208717,17.447124547308594,6,0.6812583565650961,-0.3447869233889226,28.149657684402477,79.96386865781487,10,86.3080890403337,3,178,1,40.99089556278905
2024-06-26 23:38:23.320981752,10.474388223245917,25.847427370065027,41.14706464735807,6,0.8683236540252809,0.18706529746018474,29.72116123074065,72.41838548098615,40,69.67375457777716,0,178,1,28.59214666678883
2024-06-27 08:24:09.836486920,7.628997235043517,9.37775744858887,44.61997359990512,6,1.2844205206444979,0.41609686661921697,28.3205579591971,71.24411017012471,40,64.8672636047928,1,179,1,24.07727800012776
2024-06-27 17:09:56.351992088,2.3739316656789153,9.135224177840028,18.235178528439086,6,0.5249586366738049,-0.7594618839706929,32.27091466647285,77.51596485636763,40,56.08054302583887,0,179,0,
2024-06-28 01:55:42.867497256,6.871942236850973,27.324702589320125,80.08136116355139,6,0.8236472041906622,0.29868856751685724,28.80002581205796,77.59770954196125,20,96.88721895338782,2,180,1,26.564391804695077
2024-06-28 10:41:29.383002424,1.0591104405616532,9.721940899972255,23.795922640390867,6,0.44344637296008216,-0.38020083123058,33.33438131265839,76.56952304164935,80,62.599505219378244,1,180,1,37.603750591557166
2024-06-28 19:27:15.898507592,0.3922631995321897,4.406898642640627,54.90007688993051,6,0.8074895546254444,0.3640431816653622,29.37123286585082,75.88700302139894,10,100.0,5,180,1,36.6766728514546
2024-06-29 04:13:02.414012760,2.1782704849284538,10.957641632559037,26.84683612287559,6,0.5785866671312088,-0.2289028874942356,28.25406454900417,85.91671666883313,40,67.07809523194568,0,181,1,35.40478041690516
2024-06-29 12:58:48.929517928,49.49930009965661,45.50088477905559,105.20030706248887,6,1.8000120190305886,1.2214253518993798,26.896667507142062,79.52125197828772,40,100.0,2,181,1,7.754131907968065
2024-06-29 21:44:35.445023096,11.961941498371843,16.70701893017759,33.32804717005931,6,1.0477000212533212,-0.7523119977772674,25.82386599565087,87.27267824486498,10,92.66717188992827,3,181,1,25.238891871410537
2024-06-30 06:30:21.960528264,50.642667478261586,88.39368893025619,192.6696998350047,6,2.1207196517851563,1.0730196305318351,26.74077312649679,83.79214051773637,20,100.0,2,182,1,1.0
2024-06-30 15:16:08.476033432,8.49766186512375,17.46845089828276,52.60943593188463,6,0.9696598555350922,-1.1510597962500642,26.978394249839507,85.99156836642169,40,81.68759454216361,0,182,1,27.025794956907475
2024-07-01 00:01:54.991538600,5.605488424960561,13.732661721557934,43.177400325764765,7,1.105716329034962,0.13605647349986993,29.541130458311187,72.13066700319366,20,86.22856784998261,5,183,1,26.27319047925108
2024-07-01 08:47:41.507043768,10.582604621659495,14.278450374726884,45.8191061520972,7,0.9677581627474765,-0.13795816628748558,27.7129773573644,80.4964711539597,20,82.1528244028022,4,183,1,30.198955385546856
2024-07-01 17:33:28.022548936,8.684203359398225,8.767524000004903,23.652709118810254,7,0.8889389704399985,-0.07881919230747803,29.152913776664416,75.39929189814399,20,77.52228612615899,4,183,1,21.970326727834326
2024-07-02 02:19:14.538054104,1.675117508975879,1.8596028815271235,5.633469417111117,7,0.7261104223762855,-0.16282854806371294,31.356701617006966,69.26855622770952,40,50.58062906123631,0,184,0,
2024-07-02 11:05:01.053559272,15.35923806596239,23.16940500629085,61.578194356632004,7,1.38082041711726,0.6547099947409745,28.630746818029404,85.09274289037586,40,74.46366918782483,2,184,0,
2024-07-02 19:50:47.569064440,3.65092442997496,13.973718103475772,32.7332364204965,7,0.9547344616380778,-0.42608595547918215,32.978228716514586,76.17136801063381,10,91.25644327524786,2,184,1,27.945195232143952
2024-07-03 04:36:34.084569608,14.497504267586457,22.13601040799051,104.54116820043733,7,1.099244133886239,0.14450967224816125,26.481778088483185,72.39129194698974,10,100.0,3,185,1,31.30358430986561
2024-07-03 13:22:20.600074776,15.755952589869295,30.47466538519256,73.13987471323429,7,1.3006439857765117,0.20139985189027265,28.545650376531036,75.6208156303183,20,99.57884037311048,2,185,1,25.30453958705311
2024-07-03 22:08:07.115579944,2.4735592733166962,2.648370820335638,13.433205092284467,7,0.3987679085766682,-0.9018760771998435,27.78154150913862,73.73921409885206,40,65.82103550393927,1,185,1,41.61732101663477
2024-07-04 06:53:53.631085120,0.9496831342579707,4.360438846560632,10.254503029846855,7,0.7178567693002302,0.319088860723562,30.74646267612222,74.27840908993306,20,61.51598115294195,2,186,1,34.04163960254594
2024-07-04 15:39:40.146590288,22.763932398358953,22.577487096671227,78.17296145679377,7,0.9799423246971418,0.2620855553969116,24.407080302289046,76.66531017512932,10,100.0,2,186,1,31.166403100846633
2024-07-05 00:25:26.662095456,9.237249331370794,14.61546910655674,35.01378724800256,7,0.757495193966658,-0.22244713073048383,26.0135788430358,86.45369480800656,20,85.35506614688985,2,187,1,34.24130311913971
2024-07-05 09:11:13.177600624,0.8988585015572378,1.4669567145876523,6.7755543643955525,7,0.0,-0.757495193966658,28.698193163406426,74.49418753389357,80,46.73143583647419,2,187,1,42.446865692266
2024-07-05 17:56:59.693105792,79.07897965104999,96.52717185226172,151.9806723885966,7,3.1271372434171094,3.1271372434171094,32.028650936183,86.14814430942397,20,100.0,3,187,1,1.0
2024-07-06 02:42:46.208610960,0.8927562213663551,2.8218835878820694,17.24651810726762,7,0.41729955808447716,-2.7098376853326323,29.390518918631184,82.12185448101076,40,53.84817053593642,1,188,0,
2024-07-06 11:28:32.724116128,17.813385202502268,40.50816943244193,91.8794023465463,7,1.4835784414153572,1.06627888333088,26.24861094176596,79.88476951851928,20,100.0,2,188,1,15.21973053795388
2024-07-06 20:14:19.239621296,61.72947116485429,64.29302926036856,102.81675755177169,7,2.455558238021852,0.9719797966064947,26.570173882019755,81.6696142960598,20,100.0,4,188,1,1.0
2024-07-07 05:00:05.755126464,4.100379254357206,36.55491981056029,65.01763365430416,7,1.172375962133072,-1.2831822758887799,32.32321808280467,78.02275567341682,40,83.69555742459974,2,189,0,
2024-07-07 13:45:52.270631632,2.3016279185037742,8.215696792378779,27.26955614387888,7,0.41147021735935574,-0.7609057447737163,27.74763085830857,84.41005143111923,80,54.02695060792743,0,189,0,
2024-07-07 22:31:38.786136800,1.9411260903601404,21.629618943967294,58.12425002549559,7,0.9627959186788023,0.5513257013194466,27.11656543654857,80.8398856792317,40,80.45831378412456,2,189,1,35.98225720134813
2024-07-08 07:17:25.301641968,5.420470589116647,4.819436896702309,13.441216878193693,7,1.0777750496220215,0.11497913094321921,31.969758753936635,69.70669734022226,10,72.51654443129794,2,190,1,36.76587795030414
2024-07-08 16:03:11.817147136,1.5978480532734223,11.890440063069398,32.1176776379128,7,0.8036930216825413,-0.2740820279394802,31.049658600908344,79.53618883891855,80,55.704669281330126,0,190,0,
2024-07-09 00:48:58.332652304,17.67269204892275,33.19251957516533,116.9426942277483,7,1.3434488384685663,0.539755816786025,31.587964120550595,81.99955538299709,80,88.19284824409306,0,191,1,19.101893238301802
2024-07-09 09:34:44.848157472,0.9647469569929064,1.9006203323127577,49.83789112727307,7,0.5722206777419727,-0.7712281607265936,27.152070387623322,76.65930220330382,40,75.64397715044336,0,191,0,
2024-07-09 18:20:31.363662640,10.682568786519553,13.213870361914386,94.53550410245538,7,0.7408563232364621,0.1686356454944894,26.014181033996984,78.76006399562107,20,100.0,2,191,1,32.40916125422486
2024-07-10 03:06:17.879167808,85.69319830199902,101.6252656017251,223.47950006897045,7,3.382355096597533,2.641498773361071,29.342892101481304,75.08882827213975,10,100.0,3,192,1,1.0
2024-07-10 11:52:04.394672976,25.227731650150734,48.02207956777972,83.66224412902848,7,1.183558846600398,-2.198796249997135,29.758906620872427,71.28918042913239,10,100.0,5,192,1,16.851214434885456
2024-07-10 20:37:50.910178144,14.326231149298104,18.28562371292871,42.59504111562281,7,0.885829835131086,-0.29772901146931186,29.82988140697924,70.44947124448296,80,58.24244879900859,2,192,0,
2024-07-11 05:23:37.425683312,5.48473249630478,10.274041274329425,25.390234663785826,7,0.3582237022019534,-0.5276061329291326,32.068997117464015,70.5399185570277,10,86.70762310035977,4,193,1,28.72290584478294
2024-07-11 14:09:23.941188488,14.668337142285356,13.272328324523485,36.96516476700568,7,0.7853587506279255,0.4271350484259721,25.65697430471869,81.59424068182304,80,59.27581963956424,1,193,0,
2024-07-11 22:55:10.456693656,11.231213338193013,12.243584855338714,74.66278078812576,7,0.9754691336959597,0.19011038306803418,30.855705409241235,65.82122207140975,80,79.35491095736508,0,193,0,
2024-07-12 07:40:56.972198824,8.329067419750437,22.218711574292,70.23660081814192,7,0.9898471393820214,0.014378005686061734,26.954799416322984,74.96369937441783,10,100.0,2,194,1,23.788907138322564
2024-07-12 16:26:43.487703992,2.1011838879051767,2.730167905295036,24.40037911871028,7,0.5795080959181484,-0.41033904346387295,30.871181514347786,74.49115531902532,80,58.8418485912769,0,194,0,
2024-07-13 01:12:30.003209160,32.65306589718071,35.213913741378576,63.299638044843334,7,1.5392806541698023,0.9597725582516539,28.22138579688229,76.93180073191277,20,93.38687141089719,4,195,1,14.6652942466488
2024-07-13 09:58:16.518714328,8.961682946891733,27.460621203283488,98.54486252223019,7,0.5766669473978276,-0.9626137067719747,27.554870709269625,69.08347085242028,80,85.74531269110284,1,195,0,
2024-07-13 18:44:03.034219496,3.2466627309212037,4.805476122012638,35.938253670740366,7,0.5384755597243674,-0.0381913876734602,27.9744505419266,80.40795238535311,20,78.4627020969752,4,195,1,32.33121726169521
2024-07-14 03:29:49.549724664,6.877277750744029,14.74122861204866,28.10540968409176,7,0.6486875198483252,0.11021196012395773,26.314403567806536,72.04544096791983,20,72.20829962721564,4,196,1,25.281383350093233
2024-07-14 12:15:36.065229832,8.01985401930201,9.023835711779563,46.03593947767911,7,0.6188234994009276,-0.029864020447397555,29.29777602172604,84.09586398766456,20,83.8299692714375,2,196,0,
2024-07-14 21:01:22.580735000,26.363666266358,35.61307281790312,64.07695834940534,7,1.5033197790689419,0.8844962796680143,27.6827914943034,75.34744811330447,10,99.93963061286861,4,196,1,16.113805330950985
2024-07-15 05:47:09.096240168,19.842154842889173,18.094406836307016,42.46879259589288,7,0.9056856999197914,-0.5976340791491505,30.811880634856777,78.00050322905284,20,77.85034262021486,2,197,0,
2024-07-15 14:32:55.611745336,21.999874892552878,27.900319295344556,64.28189816470899,7,1.0980645207790212,0.19237882085922975,30.530467800724978,78.51958056009433,10,100.0,3,197,1,23.961274089991555
2024-07-15 23:18:42.127250504,0.16638840032300795,2.8875548717316293,21.763322165995376,7,0.11478946758187325,-0.9832750531971479,32.637666583849864,79.74391022039143,40,61.16060922608045,0,197,0,
2024-07-16 08:04:28.642755672,8.071770396614632,11.877470125703692,24.675611759668342,7,0.7213854731140956,0.6065960055322224,30.004929465215223,78.72962088374685,20,77.65758510506342,5,198,1,35.080046774206515
2024-07-16 16:50:15.158260840,9.84772081557241,14.951730589956233,36.853412724445576,7,0.6289042126682867,-0.09248126044580895,30.32447704132075,76.43069027065805,80,56.35192696655872,0,198,1,31.35992710967293
2024-07-17 01:36:01.673766008,0.29068259199669455,1.6636108500653117,77.9899344785251,7,0.5382903460785157,-0.090613866589771,32.094092938334626,80.3030292828282,40,79.09069800178601,1,199,0,
2024-07-17 10:21:48.189271176,4.512790560327394,13.83100244874454,49.766264924008645,7,0.5383442263455003,5.388026698460724e-05,28.049264339507328,80.93991511559621,40,73.06377846968776,1,199,1,42.0295424287435
2024-07-17 19:07:34.704776344,21.424870225715672,23.201100139239113,64.91128762523095,7,1.1814168550165478,0.6430726286710475,26.338694144355863,74.80474780445574,20,84.32349001803259,2,199,1,24.037657042541806
2024-07-18 03:53:21.220281512,2.212015760008339,10.623159013195464,19.689305672836728,7,0.6215347531836528,-0.559882101832895,29.725943761782535,80.78335038191929,10,81.92301270690125,2,200,1,46.4097688695164
2024-07-18 12:39:07.735786680,11.495775678972873,12.058104546486526,24.46014054081216,7,1.184904913652787,0.5633701604691341,26.490957828556773,84.63105104597965,40,53.86058062866214,2,200,0,
2024-07-18 21:24:54.251291848,3.6349313411534068,12.29224511121409,30.752998572749814,7,0.7950646740258478,-0.38984023962693914,34.25449510241908,82.22270649365936,20,70.43464397430441,2,200,1,29.88057374271192
2024-07-19 06:10:40.766797024,0.1829224537316643,1.2246316453464847,6.813218798219638,7,0.14797719101563755,-0.6470874830102102,32.267931013955426,83.375745067831,40,51.594937107735504,0,201,1,42.67095677031909
2024-07-19 14:56:27.282302192,4.14028442775449,8.310054699477789,21.886975855062737,7,0.41292846672932604,0.2649512757136885,33.695127272140006,79.59395345561092,40,68.66324095133709,2,201,0,
2024-07-19 23:42:13.797807360,55.86682534714318,66.07368274457146,112.50278353088686,7,2.289114936187045,1.8761864694577188,29.502232057319155,74.0739239776114,20,100.0,2,201,1,3.9496821903337453
2024-07-20 08:28:00.313312528,24.257297369423206,38.157534753575334,94.73285907701633,7,1.180751705245687,-1.1083632309413578,30.488571934121836,74.72662719491905,80,87.42845445424109,0,202,0,
2024-07-20 17:13:46.828817696,48.1252132528685,40.969893989051016,74.9028224237808,7,1.2785295189007098,0.0977778136550227,28.47848349271113,80.3943085525049,80,80.3512940966767,2,202,1,11.949592423643832
2024-07-21 01:59:33.344322864,10.037184361667519,27.163588760899177,86.88306317327562,7,1.2422888376090908,-0.03624068129161895,31.173216369114606,83.52855214164376,80,90.8618343527413,1,203,1,30.738877358768082
2024-07-21 10:45:19.859828032,1.7435618129278878,18.395881905510855,36.8807858551922,7,0.8628748586947479,-0.3794139789143429,26.98613535220104,92.76400312257658,40,72.32936668620314,1,203,0,
2024-07-21 19:31:06.375333200,11.909752155025418,15.878827981386165,44.4624251103921,7,1.0011786976127244,0.13830383891797648,24.340812859722135,83.76310819953642,10,97.70074731335838,2,203,1,30.271481623588247
2024-07-22 04:16:52.890838368,9.087414466303928,16.162855257860606,25.224207074202504,7,0.7219122328105017,-0.2792664648022227,27.855277734400428,73.02121915926762,10,86.93363883135895,3,204,1,29.046171832361498
2024-07-22 13:02:39.406343536,27.902863310997137,34.02572271619506,74.77382042586947,7,1.4838498475838793,0.7619376147733776,26.535373858881655,75.05627875843265,40,81.34129535595405,1,204,1,21.99924792783868
2024-07-22 21:48:25.921848704,1.5484847412993572,5.4323084800406,12.840294004018613,7,0.4444207147822168,-1.0394291328016625,32.411718052270196,90.30431573968224,40,58.21860752359454,2,204,0,
2024-07-23 06:34:12.437353872,10.048526034447693,18.408526145224158,88.85249356119249,7,0.9260272421847335,0.48160652740251675,33.09668502547662,77.85871557074807,20,100.0,3,205,1,28.52703345842991
2024-07-23 15:19:58.952859040,2.438642755768867,10.554456153944905,47.67757734355592,7,0.4702007714875308,-0.4558264706972027,26.668859105192187,79.18700767384325,10,89.05628722340786,4,205,1,32.40507742907349
2024-07-24 00:05:45.468364208,5.888438925205566,14.397838361351075,40.78206956283243,7,1.065004852228825,0.5948040807412941,32.06745703428492,74.16596703643874,40,67.4922353977961,0,206,0,
2024-07-24 08:51:31.983869376,20.05439817037186,25.412717280326795,54.40913018977772,7,0.8411678053943363,-0.22383704683448857,31.396025626553122,86.81202834697437,80,63.188603619253584,2,206,1,25.173805740376327
2024-07-24 17:37:18.499374544,9.694472899374265,11.694561344848925,35.14014779565431,7,1.0572918373381408,0.21612403194380447,26.362853239453845,81.50647925438632,10,91.43318882766732,5,206,1,27.572961208915785
2024-07-25 02:23:05.014879712,7.071388446323889,8.469918413172808,38.1208802839345,7,0.7339101186616719,-0.3233817186764689,28.730943444730176,75.14995027376027,40,68.71403454032159,0,207,1,32.134528568193275
2024-07-25 11:08:51.530384880,7.524923102378674,16.581236089077592,37.95074773782935,7,0.7184174238699512,-0.015492694791720663,28.360143749126866,74.07181594246545,20,77.37114439723919,2,207,1,26.68978162889178
2024-07-25 19:54:38.045890048,9.227432413753847,12.664881101106626,37.57817931030729,7,0.8445980436252909,0.12618061975533967,31.025375308603103,80.59478875218676,20,72.38074007188871,3,207,1,34.5822206637503
2024-07-26 04:40:24.561395216,23.057913028416962,31.41990417595563,94.31794064969755,7,1.4220269037635318,0.5774288601382409,27.080659602204953,79.29746748243222,10,100.0,3,208,1,20.3134774017774
2024-07-26 13:26:11.076900392,33.3961277448562,31.999915883832877,83.8094364813182,7,1.7612710610743325,0.3392441573108007,29.34922716495521,83.25449591865399,80,79.06677646573534,0,208,0,
2024-07-26 22:11:57.592405560,46.628370945334495,55.517292899644616,118.8732643153445,7,2.0503689525298427,0.28909789145551024,28.183777686525488,81.84613575448545,10,100.0,3,208,1,8.097572525433891
2024-07-27 06:57:44.107910728,23.190144456835466,24.732131209581354,74.10885387361463,7,1.0329849841800676,-1.0173839683497752,30.51092335293706,77.80608022849043,40,81.33959094358006,2,209,1,17.164768890402684
2024-07-27 15:43:30.623415896,5.683959384060769,6.6242085130065025,51.6073572897975,7,0.6910472975644381,-0.3419376866156295,29.139171077228973,76.42650230390282,80,66.69320994242976,0,209,0,
2024-07-28 00:29:17.138921064,17.477759020215306,17.114670406851857,38.62384994373802,7,1.3840605318052992,0.6930132342408611,28.510697600369642,78.3626672750067,40,67.11717111937492,1,210,0,
2024-07-28 09:15:03.654426232,8.633212400473408,20.165298199819638,57.96676895692724,7,1.1438528471101894,-0.24020768469510978,29.162949289760597,76.42568064876569,80,62.73689984978789,1,210,1,32.431256678374496
2024-07-28 18:00:50.169931400,4.408935603734665,21.021925106301453,71.68461600460502,7,0.9801506587625796,-0.16370218834760986,33.66990095794146,78.54465292049865,80,69.20588781291177,0,210,1,24.96212852470383
2024-07-29 02:46:36.685436568,27.570655892858674,30.109348384285873,69.17744851984457,7,1.5116440057245095,0.53149334696193,28.77220814446933,79.29421947651313,40,78.70362231980882,2,211,0,
2024-07-29 11:32:23.200941736,0.5877617511563408,5.045418770472349,93.52965452508639,7,0.7020994408491587,-0.8095445648753509,27.532108233963438,74.73858287416174,10,100.0,5,211,1,32.304727353391215
2024-07-29 20:18:09.716446904,34.80543139560558,30.68434418458073,61.64899729057148,7,1.7347030366598928,1.032603595810734,30.78901604962738,82.39769713312032,20,91.42947581710324,4,211,1,19.744258817826033
2024-07-30 05:03:56.231952072,9.283889022589195,25.342587199091433,67.83316748871809,7,0.8477778952983173,-0.8869251413615755,29.343048659223438,77.40805742379035,80,75.26570190624496,2,212,1,39.22144171241583
2024-07-30 13:49:42.747457240,15.208614470018361,14.03758777399433,35.92665277743852,7,0.6735309539853094,-0.17424694131300789,26.807497929492552,75.06650983102428,80,59.5010909773615,2,212,1,32.28653199104811
2024-07-30 22:35:29.262962408,16.153668535743932,37.33908054116678,87.54721348830324,7,1.2102648762739587,0.5367339222886494,34.10874482304893,77.53346716387865,20,99.98099043925562,4,212,1,32.36321142606404
2024-07-31 07:21:15.778467576,33.82375347088531,37.19639099961998,62.73355140646258,7,1.3849226620583677,0.17465778578440894,28.948499054441434,80.5182046743309,10,100.0,5,213,1,20.530306830767692
2024-07-31 16:07:02.293972744,15.18664338006407,20.608517987183617,53.96933315949602,7,0.7988138963976806,-0.586108765660687,28.905341126936992,79.7373510687859,20,84.77353894970724,4,213,1,30.536740580908237
2024-08-01 00:52:48.809477912,14.276187961663082,35.939889485194726,55.55516402493167,8,1.0008669387676226,0.20205304236994193,29.988291990351623,81.44783314759316,10,100.0,5,214,1,31.00589820050807
2024-08-01 09:38:35.324983080,1.034658011728581,1.2169435154112092,22.996112582581276,8,1.029925380295421,0.02905844152779835,33.136314106653025,83.84389176184834,80,50.677279123821556,1,214,0,
2024-08-01 18:24:21.840488248,10.959870629838273,16.74702517369051,48.623288475591366,8,0.9138925911488395,-0.11603278914658144,26.32396709595407,85.89161651802429,80,66.1897503963109,1,214,1,37.76208337902331
2024-08-02 03:10:08.355993416,2.4407666063493223,8.02792105372642,22.68838824104912,8,0.7014761099364482,-0.21241648121239132,30.24272439812076,80.80893621199964,40,60.27255378979999,2,215,1,39.89469270356601
2024-08-02 11:55:54.871498584,20.058778787141176,25.553590446818475,51.36343711366801,8,0.9122389188101575,0.21076280887370935,33.87250961460334,74.0489186458547,10,97.64989293970683,5,215,1,23.684339260431862
2024-08-02 20:41:41.387003760,10.768420984881423,13.075423520047073,45.19393368894786,8,0.47737206313957314,-0.43486685567058436,29.962552759044478,78.06463678247886,20,82.5600224950723,4,215,1,29.1010544946409
2024-08-03 05:27:27.902508928,17.10219520007262,23.640283356052304,60.093225703863105,8,0.9146362089382143,0.43726414579864115,27.24147493513216,74.4026938655632,10,100.0,3,216,1,18.584760209141052
2024-08-03 14:13:14.418014096,0.6384917912453153,10.327649866843622,48.65297660675438,8,0.9036854515350923,-0.010950757403122013,28.482313949879188,87.9224856801624,10,90.2330630873212,5,216,1,32.38592941861151
2024-08-03 22:59:00.933519264,1.3290590200271781,1.23895847206575,30.9530663218152,8,0.6058258583365054,-0.2978595931985869,30.139754620978092,89.38898353556485,10,76.62707648145471,4,216,1,40.651080733037205
2024-08-04 07:44:47.449024432,18.898805699743896,37.07820022349304,120.99932406525816,8,1.3684771345186868,0.7626512761821814,32.39439632118087,82.717132967284,10,100.0,5,217,1,16.932947013548674
2024-08-04 16:30:33.964529600,1.1222164445193952,2.5974885551333777,17.864035180870516,8,0.696132422282134,-0.6723447122365528,29.060832632905132,83.77130285666965,20,74.27660966662543,3,217,1,29.16797176723415
2024-08-05 01:16:20.480034768,1.1088439030351813,2.9365989493185825,42.54419165968338,8,0.43327299159423394,-0.2628594306879001,31.39944053392353,80.74698984430063,40,70.49930173040299,0,218,1,45.57525855642808
2024-08-05 10:02:06.995539936,0.18273570014693957,2.4861715227938253,28.76434684806103,8,0.8061095460255505,0.3728365544313166,26.881948571318503,81.33565202812851,80,54.84248490176332,0,218,0,
2024-08-05 18:47:53.511045104,47.02539729329684,40.239035359890046,108.25070379746438,8,1.7163367796204008,0.9102272335948502,26.87171532661796,71.53103303997052,20,100.0,3,218,1,9.372908705523477
2024-08-06 03:33:40.026550272,20.063040645234913,17.601304179358944,41.31389295231052,8,1.3585203265507984,-0.3578164530696024,28.799932969351232,79.16140686715771,20,80.98471510190664,4,219,1,15.107218145228016
2024-08-06 12:19:26.542055440,6.536964536005488,39.8126108361218,113.05646684434477,8,1.1173258303083957,-0.24119449624240263,32.6478903998402,75.13790060045606,80,91.4141702018089,1,219,1,20.95228872739602
2024-08-06 21:05:13.057560608,5.276069718451483,7.462005543269882,27.848199368906457,8,0.32233241895246395,-0.7949934113559318,29.91579706236452,80.9628782543658,40,59.54519330918945,1,219,0,
2024-08-07 05:50:59.573065776,6.4548967600032015,8.203160694726813,44.40156481212355,8,0.5615276448272253,0.23919522587476133,30.363801110466575,79.27030821172401,20,80.18836399194238,2,220,0,
2024-08-07 14:36:46.088570944,22.351742995974753,23.59946594200536,39.53016397707334,8,0.8260418127651277,0.2645141679379024,30.346384847585025,89.31456112460653,80,61.9905682777474,1,220,1,30.66563800048128
2024-08-07 23:22:32.604076112,16.24273526442755,23.03282069455166,48.81931225492814,8,1.2878393387929095,0.4617975260277818,32.0146044536544,84.17551542057608,40,77.16889403067663,1,220,1,23.434682345697144
2024-08-08 08:08:19.119581280,3.072107326649995,18.092165778297492,38.626488116989144,8,0.7374167201554946,-0.5504226186374148,28.581625725693264,81.02669413414617,40,72.20846854818376,0,221,1,36.31967292409464
2024-08-08 16:54:05.635086448,2.8693932218253284,4.806428830441678,16.11375318604766,8,0.15978366475096728,-0.5776330554045274,31.184431637063803,78.28102440447654,10,70.11645601780197,2,221,1,36.60058682220095
2024-08-09 01:39:52.150591616,1.5536923679150925,1.935687749628247,6.0301568537833345,8,0.625580101198516,0.46579643644754876,28.15180598699137,88.0072499232029,20,62.981755924940366,4,222,1,37.24793113706627
2024-08-09 10:25:38.666096784,16.19550615050269,15.943221234040472,58.768304303729316,8,0.8759094828727946,0.25032938167427854,33.78574200620108,79.48862015808649,40,78.40024298495098,1,222,1,36.99040026589988
2024-08-09 19:11:25.181601952,21.68255698835574,25.18862825887395,57.002855064265376,8,0.8887762513491897,0.012866768476395118,28.223955251699376,81.30784472876189,20,80.84051545172541,4,222,0,
2024-08-10 03:57:11.697107120,4.619219243303855,4.538366609317432,12.963502669210836,8,0.9733612183529909,0.08458496700380125,28.065414909061175,79.87163505257101,80,46.56167016821641,0,223,1,34.16127138624389
2024-08-10 12:42:58.212612296,0.3175112767742269,4.554769314098943,13.502095658276827,8,0.5733550918957897,-0.40000612645720124,30.934904390317204,77.65035999814559,20,65.49891174195461,3,223,0,
2024-08-10 21:28:44.728117464,1.2861736118540414,3.3842342702182395,20.803186353082737,8,0.5008795344766007,-0.07247555741918899,30.00042797321901,79.86423333263633,40,62.9592215371308,1,223,1,42.91535985003043
2024-08-11 06:14:31.243622632,51.564825042560145,65.97457613774633,141.45226097311127,8,2.111157306031463,1.6102777715548622,30.499757275964285,69.88227067349325,80,100.0,0,224,1,7.399687520264874
2024-08-11 15:00:17.759127800,5.25282847955438,8.305250638513089,24.343639435551367,8,0.38545318214466406,-1.7257041238867987,30.30579632226641,71.9638054563576,80,49.425217066359416,2,224,0,
2024-08-11 23:46:04.274632968,21.994560649560302,45.97460962326161,111.20959531566609,8,1.1387275293070003,0.7532743471623362,27.67541542642796,81.46055235643382,10,100.0,2,224,1,16.375985214870603
2024-08-12 08:31:50.790138136,14.698987582320571,34.710379926689555,74.9296736256762,8,1.3980669078883237,0.2593393785813234,33.08786351155047,87.56328975942043,80,66.35866930896248,2,225,1,36.826737048897314
2024-08-12 17:17:37.305643304,7.217537337439886,12.623454004128892,26.299808415200502,8,0.6758087128329429,-0.7222581950553808,31.65309054426887,81.47311778570216,40,62.8285785654522,0,225,0,
2024-08-13 02:03:23.821148472,3.454170284338553,6.438077044982681,15.732682017434577,8,0.6378777163239706,-0.03793099650897225,32.588681078535984,76.13971807752024,10,69.0500863487576,5,226,1,45.39318571385591
2024-08-13 10:49:10.336653640,1.9411513358565173,5.376448651608299,12.620379852018718,8,0.1837214179929984,-0.4541562983309722,28.818808921865454,72.53667262983593,40,51.74922356997876,1,226,1,39.30090538285262
2024-08-13 19:34:56.852158808,14.31818442719221,17.59486720717389,97.78933996917542,8,0.698693953456482,0.5149725354634835,30.713121711837672,83.68278554719285,40,100.0,1,226,1,27.98504301686142
2024-08-14 04:20:43.367663976,22.350428375113765,31.149755371279397,58.32114852157052,8,1.3804686251900198,0.6817746717335378,30.279329786600186,76.93320996918611,10,92.78958685858126,3,227,1,27.62802938509543
2024-08-14 13:06:29.883169144,15.488334503455633,20.270530424505257,58.2502425790548,8,1.088014346336932,-0.2924542788530877,32.14503059233012,82.99422777261702,10,92.00653219600773,3,227,1,24.550751815528525
2024-08-14 21:52:16.398674312,11.334984415297086,24.36556096039923,53.02997849616833,8,1.3210303376547974,0.23301599131786532,32.21386824163162,81.73606974627336,20,98.42471416516229,4,227,1,29.468076580285214
2024-08-15 06:38:02.914179480,0.6428488096366356,22.322758097367597,44.17000949704677,8,1.004675823492654,-0.31635451416214333,30.283734305866155,82.1867673611733,40,65.28855949142256,2,228,1,29.86260746366382
2024-08-15 15:23:49.429684648,51.86117294630331,48.03545755563272,117.6290007198989,8,1.9714358399854286,0.9667600164927745,26.865905167364993,79.97162339887078,20,100.0,3,228,1,16.741027784205244
2024-08-16 00:09:35.945189816,24.045441732665395,28.39015643961459,67.2994150283878,8,1.359401111992108,-0.6120347279933207,33.46521987215405,81.73001412080556,80,72.78869669129759,1,229,1,25.231650263428886
2024-08-16 08:55:22.460694984,5.1970939295647085,5.953168979290228,21.53812276580219,8,0.6001528798035817,-0.7592482321885262,31.021873496324396,79.22252525160657,80,48.14491577570622,0,229,0,
2024-08-16 17:41:08.976200152,58.658108590758275,67.29154089744488,123.97209785853322,8,2.757039544517344,2.1568866647137623,28.696940870890536,76.65109723550462,20,100.0,5,229,1,4.441049779798673
2024-08-17 02:26:55.491705320,13.815087067042201,19.139834218455796,33.245622064420985,8,1.1975030227358818,-1.559536521781462,30.730729279936746,75.01779470422646,10,93.30578140993299,4,230,1,31.979936257484745
2024-08-17 11:12:42.007210488,13.099282530672756,15.59379449192951,46.50949090762804,8,0.9518606137043005,-0.2456424090315813,26.89920161398405,67.9177334319233,80,57.52440574327238,1,230,0,
2024-08-17 19:58:28.522715664,20.679249423075216,33.52193953353694,133.06764506968565,8,1.2888833407721438,0.3370227270678433,32.03575214534145,78.94454420877618,10,100.0,3,230,1,25.74292248428236
2024-08-18 04:44:15.038220832,25.051343007658154,26.81512734945404,61.36362788829917,8,1.558148191099665,0.26926485032752123,26.986193349162303,87.45412459020099,20,94.91616261757085,3,231,1,18.991438068910362
2024-08-18 13:30:01.553726000,16.027588361220744,17.9440638274407,58.952200447412224,8,1.1159079749215914,-0.44224021617807363,29.49043214608336,83.51460272300304,10,100.0,4,231,1,32.77823326232958
2024-08-18 22:15:48.069231168,2.0561349297057747,8.93508162586558,67.98268940086031,8,0.9421991182667886,-0.17370885665480285,30.424407725745258,81.0095432454481,40,89.50093385363706,1,231,1,35.12434611345383
2024-08-19 07:01:34.584736336,6.193408384732624,14.808260433489085,62.10612802887974,8,0.3332211867777686,-0.60897793148902,32.01648929115917,76.2075947629442,80,73.62862378659877,2,232,1,34.36010057792403
2024-08-19 15:47:21.100241504,39.483772596363096,35.838270596359,86.42556873387436,8,1.7403038101906116,1.407082623412843,30.15512354687467,84.87076451680723,10,100.0,4,232,1,5.407346111058868
2024-08-20 00:33:07.615746672,3.815945818064159,18.720824839069124,57.04020631650617,8,0.6604401918156975,-1.0798636183749142,31.215097497580516,79.2937969416957,10,99.41304615242133,4,233,1,30.813898143681673
2024-08-20 09:18:54.131251840,6.982216641190195,14.555309503928541,36.32885278194864,8,1.1364730253886879,0.4760328335729904,29.891888664256264,87.77111653125603,40,69.27348213262913,2,233,1,27.98634848273069
2024-08-20 18:04:40.646757008,8.486538400780965,14.368496002972892,39.090385526680464,8,1.1226954654833141,-0.01377755990537377,29.88681443095358,74.99693634921088,10,91.15379962341922,5,233,1,27.732531439535126
2024-08-21 02:50:27.162262176,8.681348113849994,8.690608207071989,25.492815628889637,8,0.7671002061679811,-0.355595259315333,30.12501775407411,76.15827886689175,20,72.03396355581204,4,234,1,28.766987460569396
2024-08-21 11:36:13.677767344,14.237617208283478,16.32236291520834,31.878861578762844,8,1.2551021690799593,0.48800196291197817,29.578737350544777,75.67735666340091,20,80.17986658338604,2,234,1,28.212523144508342
2024-08-21 20:22:00.193272512,42.99053075670294,50.36389028956269,90.36759374173303,8,2.220072422028187,0.9649702529482278,26.586415614310567,72.50852034877681,20,100.0,3,234,1,6.6771722019270054
2024-08-22 05:07:46.708777680,4.1302308641127965,11.10206841281693,28.255295852187217,8,0.7085066357956546,-1.5115657862325325,28.425524943199303,75.23912043522631,80,58.06854797181933,1,235,0,
2024-08-22 13:53:33.224282848,1.943114070074285,15.676839536852118,50.73300568387522,8,1.1900174312563785,0.48151079546072384,30.454250318902485,80.44548257218777,10,100.0,3,235,1,35.3734192510974
2024-08-22 22:39:19.739788016,3.2997997784079716,7.935523836051178,28.09741047723174,8,0.6390830033947268,-0.5509344278616517,29.468900167357464,76.37327922441666,80,56.190978646417506,2,235,1,39.436161074466554
2024-08-23 07:25:06.255293184,32.695546216508276,37.087515258683624,101.77486788379768,8,1.48188188684982,0.8427988834550932,29.657878336328558,60.657116355181756,80,93.39601556306984,2,236,1,15.11140261895279
2024-08-23 16:10:52.770798352,15.568861216143418,13.23491724546172,22.93610904667682,8,1.1169009144943542,-0.3649809723554658,29.325056235537637,85.31489363593076,10,76.41640558535573,2,236,1,27.191943702064158
2024-08-24 00:56:39.286303520,5.051126668185276,8.733120656250845,19.733067561884795,8,0.6175955936977512,-0.49930532079660306,28.246746570234897,71.52741806466003,10,77.1147658418433,4,237,1,35.968180414505696
2024-08-24 09:42:25.801808688,25.387967816620808,33.16548654316523,75.31909854215377,8,1.356482176923047,0.7388865832252959,28.989836884318358,82.89821303697508,20,100.0,3,237,1,12.223216921907284
2024-08-24 18:28:12.317313856,29.63920108799543,44.6164399703251,157.85356072464776,8,1.8208353062733416,0.4643531293502945,29.364377400616625,80.11215472713546,80,100.0,1,237,1,17.9320627597939
2024-08-25 03:13:58.832819024,28.112221919716134,28.971870384256967,67.96767414275324,8,1.3558069126803465,-0.4650283935929951,29.990244850946304,90.54678122182692,80,64.28168594383483,2,238,1,14.607147014354785
2024-08-25 11:59:45.348324200,37.68599314911348,44.74421888342118,84.71856191875504,8,1.36215849322142,0.006351580541073432,30.768545502946804,84.94836503562786,10,100.0,2,238,1,23.442779908399224
2024-08-25 20:45:31.863829368,4.360118586219231,7.922916410563923,46.83687394348791,8,0.7398954133998632,-0.6222630798215567,29.622431007921882,77.44404020196184,80,63.53653998381721,2,238,0,
2024-08-26 05:31:18.379334536,21.100023312345833,22.07633148976206,49.88587488815251,8,1.0035050653340583,0.26360965193419506,27.925876354936683,76.46005592086648,40,70.54656513367286,2,239,1,24.896365313719777
2024-08-26 14:17:04.894839704,9.257785617781714,12.85337124057445,52.30623751350098,8,0.9867436562202879,-0.01676140911377033,27.190590534991546,87.48714763365464,10,92.04052053584208,4,239,1,33.316897815384785
2024-08-26 23:02:51.410344872,27.677266306101775,33.400591195319436,88.43527888503225,8,1.526789181240479,0.5400455250201911,35.18310922244061,72.59711412987326,20,100.0,3,239,1,12.258094101715283
2024-08-27 07:48:37.925850040,19.556382029021353,24.229974220047737,58.90147196846591,8,1.427707452414209,-0.09908172882626998,27.72999735838686,80.93365451742551,40,87.35761583009011,2,240,1,25.56490884192746
2024-08-27 16:34:24.441355208,22.47163130798389,24.026025099882304,64.41166052175306,8,1.3711993373170404,-0.05650811509716869,28.953682421526842,79.32626253186285,40,72.04671247926582,0,240,1,18.071156860963786
2024-08-28 01:20:10.956860376,16.013762860263135,19.6444492539851,41.425008336805185,8,1.2347686064767267,-0.13643073084031365,31.02615040522409,78.26816925686906,20,79.8601234234941,4,241,1,24.413362805296078
2024-08-28 10:05:57.472365544,2.9298029643591876,2.494074375409313,9.485819020672764,8,0.44971745101373417,-0.7850511554629925,30.715000745094926,81.75412897416926,40,57.05931121928832,0,241,0,
2024-08-28 18:51:43.987870712,11.812755362883069,18.43364067913312,69.40380629502566,8,1.0813888132270932,0.6316713622133591,31.036052966645475,80.93644246558803,40,88.60297300851404,1,241,1,31.93796463456488
2024-08-29 03:37:30.503375880,62.66889892525418,60.851488556666276,115.79813755813626,8,2.7555831219438045,1.6741943087167113,29.10984180951212,82.27755561111167,40,100.0,2,242,1,2.49726950549924
2024-08-29 12:23:17.018881048,41.56199082011149,70.94676049604314,191.82226088470162,8,1.902977439635308,-0.8526056823084964,30.47325875164865,80.68716348255553,80,100.0,0,242,1,14.109971626986859
2024-08-29 21:09:03.534386216,0.6620016917637911,2.238763296102103,27.49279841704767,8,0.8955753251417164,-1.0074021144935916,30.11960888016678,82.08225012845635,40,63.890932175152805,1,242,0,
2024-08-30 05:54:50.049891384,2.7015270172613235,5.504593424187773,16.862826313515086,8,0.49920645634683813,-0.3963688687948783,29.37335002376401,80.46205148235114,40,64.99137710871803,1,243,1,34.57242532094674
2024-08-30 14:40:36.565396552,2.1187671022902785,5.522420529489182,25.62016831034925,8,0.42720529833070253,-0.0720011580161356,30.489035703260868,76.6992980033548,10,79.57824580344477,3,243,1,29.98143612242861
2024-08-30 23:26:23.080901720,19.418307810905805,21.92388490132163,50.212056284875466,8,1.1668450939023,0.7396397955715975,32.109463017205925,80.017470148592,20,85.39594287538199,4,243,1,28.44318362060433
2024-08-31 08:12:09.596406888,25.538546710437693,38.04171422327658,82.44664194915549,8,1.5343701596672816,0.36752506576498156,29.95475941488036,76.42638692498193,80,75.15974559558349,1,244,1,17.001887357591645
2024-08-31 16:57:56.111912056,3.6026551252507932,3.316612541423609,12.588197856119809,8,0.787569252713705,-0.7468009069535766,29.968405719056953,76.09711702903395,80,50.798421130804876,1,244,1,32.91502000763501
2024-09-01 01:43:42.627417224,10.573824207592935,30.414051407285292,78.87779754023268,9,0.8232645140700713,0.03569526135636625,32.136074481263265,78.31875480943383,20,98.83668445691046,3,245,1,34.95317733165349
2024-09-01 10:29:29.142922392,27.554776057167057,41.35868599966851,105.73807774472107,9,1.551590400590884,0.7283258865208128,31.922637732458934,79.4027182219634,80,94.65814418496002,1,245,1,21.405532755429263
2024-09-01 19:15:15.658427568,19.796454279707646,23.963233798658848,65.47294897443535,9,0.9984505092840403,-0.5531398913068437,33.16786670931109,80.17611418650732,80,71.16963133079231,2,245,0,
2024-09-02 04:01:02.173932736,11.721062174306924,18.27336587467447,34.001338878728255,9,0.6193704510187679,-0.37908005826527247,26.487522384891914,84.58185984451879,80,59.93281194765921,2,246,0,
2024-09-02 12:46:48.689437904,13.386697568550485,21.882289752386242,53.55108711142641,9,0.8008095857883152,0.18143913476954732,31.810122458753582,77.50744777212539,10,98.76271342499196,5,246,1,20.24201183269104
2024-09-02 21:32:35.204943072,10.65014475102609,15.156495803748825,37.34536499953649,9,0.7143877798668464,-0.08642180592146875,31.20285763561371,80.9836547219928,10,83.69942534991222,4,246,1,30.20739849911004
2024-09-03 06:18:21.720448240,5.2976827500243076,12.82069279216149,37.24751694530024,9,0.8384796149926025,0.12409183512575606,28.22811841880351,80.58898499833917,80,53.93992130973507,2,247,1,34.01089575101996
2024-09-03 15:04:08.235953408,12.486897112022334,14.44869807173945,80.39067744803734,9,1.1246676555715749,0.2861880405789724,30.50223694173117,76.95498077413663,20,100.0,2,247,1,23.382995345542756
2024-09-03 23:49:54.751458576,17.513904466452185,15.85759522251707,39.69718968272558,9,0.7142127155791611,-0.4104549399924138,32.10085472095343,80.36592638190758,20,83.14646462839609,4,247,1,26.41158958620022
2024-09-04 08:35:41.266963744,30.99171112661179,35.190947002508494,65.04485363415104,9,1.5421359073989318,0.8279231918197707,28.339755736349932,85.00975423852803,10,100.0,4,248,1,23.372505814575767
2024-09-04 17:21:27.782468912,15.171032323122816,22.97976813221264,59.31463518668545,9,0.7978786906304015,-0.7442572167685303,30.882573040868763,80.9274274500633,10,100.0,2,248,1,36.33063950332531
2024-09-05 02:07:14.297974080,21.477005693782885,35.13653328002111,75.43264971060627,9,1.406722528478669,0.6088438378482676,31.739442392387236,81.12638972698694,40,92.75398186774584,1,249,1,21.344061170476518
2024-09-05 10:53:00.813479248,2.616580057336857,3.0373936932499346,10.501775215186427,9,0.45815942187848696,-0.9485631066001821,27.853895043085007,76.46522668158264,10,67.18663293377237,5,249,1,37.1704602313225
2024-09-05 19:38:47.328984416,9.286117779995639,23.68342966199188,89.67004422453437,9,0.7122908486151759,0.2541314267366889,29.71047419366263,89.83438541313024,80,94.89980135943709,1,249,1,22.5459431905521
2024-09-06 04:24:33.844489584,0.14063148246684237,1.9001627882601584,19.58300381559257,9,0.6817471606014534,-0.030543688013722536,30.59600604102639,76.74635672387063,10,82.81993296344226,3,250,1,42.399446686385204
2024-09-06 13:10:20.359994752,4.248955010368004,8.3190573879035,15.048724248413624,9,0.5507851529973762,-0.13096200760407717,28.40074230176936,71.64709332297315,40,57.27633956841291,1,250,0,
2024-09-06 21:56:06.875499920,19.444705284169288,18.60801144895962,46.590401700062344,9,1.0117814299024424,0.46099627690506617,28.233547274387835,84.28462794624024,40,72.47172061274154,1,250,1,23.717366282189914
2024-09-07 06:41:53.391005088,72.07253161329209,81.3845291026993,145.8040080199987,9,2.3112981057815594,1.299516675879117,29.720525183395072,79.4071435759991,20,100.0,2,251,1,1.0
2024-09-07 15:27:39.906510256,1.5667156456663913,2.674734152561971,27.98454536642775,9,0.7473919267236423,-1.5639061790579172,31.592566912058665,78.46336585176718,20,69.88583870461301,5,251,1,38.5803766633798
2024-09-08 00:13:26.422015424,7.69978885082129,11.583855268517931,45.91585660147349,9,0.9340160339354264,0.18662410721178413,31.275340971648518,77.24797703647097,80,72.51010646140382,0,252,0,
2024-09-08 08:59:12.937520592,24.146892283526228,37.34018285579174,92.35236133400836,9,1.3574312430847046,0.4234152091492782,28.26354542662243,89.3313148915694,10,100.0,4,252,1,21.53279306544983
2024-09-08 17:44:59.453025760,3.4230129189234564,7.437331851431688,53.950250330521904,9,0.33731738862163413,-1.0201138544630706,31.289117022048153,81.74251389665699,40,71.93378637592923,2,252,0,
2024-09-09 02:30:45.968530928,12.148078685214234,16.657161629809085,47.25957603930368,9,1.1514070256693283,0.8140896370476942,28.311224545306494,82.71496430350444,40,70.11868558927395,2,253,1,31.536728737301353
2024-09-09 11:16:32.484036104,19.811605238522034,30.6548892015959,68.55660516301138,9,1.0695283195142415,-0.08187870615508674,26.760999855923306,80.77575702173168,20,88.28739881669934,2,253,1,28.04582026636617
2024-09-09 20:02:18.999541272,14.356122557471485,21.51277451359234,47.31519871635742,9,0.9115795062652355,-0.157948813249006,29.24520020351732,81.30922275844955,20,83.73413223240627,4,253,1,27.847492572499597
2024-09-10 04:48:05.515046440,3.1242810095017512,7.92858026136506,15.569232688851901,9,1.1041802340755917,0.1926007278103562,32.22348655443443,86.94821867532299,10,83.22916890775215,3,254,1,34.80226506630659
2024-09-10 13:33:52.030551608,6.586520557844861,7.740667131596391,62.09979074591819,9,0.5684097936510152,-0.5357704404245766,31.287441987200097,78.69676845969623,40,77.99743374159893,2,254,0,
2024-09-10 22:19:38.546056776,22.972700623409814,42.96421390903563,79.83519107601255,9,1.5375381440438527,0.9691283503928375,29.970262981416646,72.66212546472241,20,93.05097413920217,3,254,1,11.721395119118718
2024-09-11 07:05:25.061561944,12.119165027942646,16.177881058409874,37.00164194886696,9,1.0165805635594751,-0.5209575804843776,29.137794020939783,84.28268324738268,10,89.96012753950674,5,255,1,35.405379234979605
2024-09-11 15:51:11.577067112,0.07865003751367464,1.9526453127284549,29.278755774887685,9,0.599133892453575,-0.41744667110590017,29.18939182521612,82.42134025610993,10,84.36050619904478,2,255,1,33.3483563011392
2024-09-12 00:36:58.092572280,21.468796002414358,20.58471901364657,61.59477085595489,9,1.1916232186956552,0.5924893262420803,30.184109776053408,80.47297899308884,10,100.0,5,256,1,26.3462608305382
2024-09-12 09:22:44.608077448,0.539248159673313,12.686969857646648,54.67235265925607,9,0.7129323741477726,-0.4786908445478827,27.827201658798025,82.2819194687183,20,85.06363483311668,5,256,1,35.80554542503618
2024-09-12 18:08:31.123582616,20.54060192029566,24.379832138732013,62.28805581906386,9,1.2089984779813414,0.49606610383356886,29.265311448770323,78.06933117687497,20,89.84324401139855,2,256,1,13.40278818670853
2024-09-13 02:54:17.639087784,3.3937360297780823,39.23376846036094,82.10438194446836,9,0.9498287334439589,-0.2591697445373825,29.527749612442594,80.02123998459557,20,100.0,3,257,1,30.307096933267264
2024-09-13 11:40:04.154592952,47.57755079339678,57.490312974040194,151.71087922284397,9,2.328710770430486,1.3788820369865271,27.25401494786443,79.2538264602353,80,100.0,1,257,1,1.0
2024-09-13 20:25:50.670098120,6.881582119344051,17.99652643527931,35.00861109889478,9,0.5550647945798186,-1.7736459758506675,28.276455674032434,76.94926306630057,80,55.54149716265945,1,257,0,
2024-09-14 05:11:37.185603288,5.938625164550346,10.278619737741778,53.15693443385562,9,0.9258503214715,0.3707855268916814,30.771467100681996,85.84677095094348,80,63.80524667669776,1,258,0,
2024-09-14 13:57:23.701108456,2.4181741250267836,7.546069723943747,16.991114845441537,9,0.7882926394774835,-0.13755768199401652,29.96649162118796,72.83364274552295,20,59.243668998311556,5,258,1,37.857513071544
2024-09-14 22:43:10.216613624,5.470697795232859,22.254792800848033,61.84046921448852,9,0.9716417081790177,0.18334906870153422,29.32687191665071,91.69320185713978,20,88.09329856164366,2,258,1,30.935011671042986
2024-09-15 07:28:56.732118792,31.391034182649584,36.06333964814702,79.83211747580799,9,1.711849965662488,0.7402082574834702,28.118381369772656,84.26928353572954,80,83.49217507831275,0,259,1,11.268151891891304
2024-09-15 16:14:43.247623960,84.13119346063584,91.07741092583205,168.0761785715299,9,3.074878099417359,1.3630281337548709,33.091689885386785,70.98610279490495,40,100.0,2,259,1,1.0
2024-09-16 01:00:29.763129128,6.890336524031701,6.430150542667127,48.22210666299452,9,0.32831342074192993,-2.746564678675429,28.25869909475042,78.74848340076346,40,71.75548821354076,0,260,1,32.83895758719958
2024-09-16 09:46:16.278634296,8.929710907655542,7.755147536397519,27.918441127003632,9,0.7416871615741889,0.413373740832259,30.43442378758871,79.01974676661268,40,70.45665055441063,2,260,1,31.419183993556853
2024-09-16 18:32:02.794139472,19.205840568673647,24.511243982529656,59.23736686090547,9,0.9309904076738587,0.18930324609966975,28.95199406496503,81.8148976269358,40,79.47516307195096,2,260,1,13.796053325994022
2024-09-17 03:17:49.309644640,32.59913519194521,38.91364069013182,87.00651810374555,9,1.3947472687686098,0.4637568610947511,29.996698375083785,74.90138822591562,80,76.81402719279303,1,261,0,
2024-09-17 12:03:35.825149808,13.48576543017925,13.76527633121052,47.469287289523585,9,0.6588841371492079,-0.7358631316194019,30.835680366104423,80.00104848128845,10,85.47272336249051,5,261,1,23.2837149746937
2024-09-17 20:49:22.340654976,7.452008991838972,9.132264999459991,58.182080550733396,9,0.6448938581426125,-0.01399027900659544,27.176182404539478,79.22779417529726,10,100.0,5,261,1,25.81080649050522
2024-09-18 05:35:08.856160144,7.981296647255059,11.436204243796478,29.179677637488417,9,0.6546632365863762,0.009769378443763688,29.899611469804633,76.13759610335602,40,62.72482019243884,2,262,0,
2024-09-18 14:20:55.371665312,17.842084031337667,28.895837885602532,66.90776157532957,9,0.6702860934973581,0.015622856910981975,32.290363373277884,75.43405099328022,20,87.38355817230189,3,262,1,22.097737683923924
2024-09-18 23:06:41.887170480,0.048351800283519375,9.390789518504146,20.407792432158143,9,0.7349193134471698,0.06463321994981164,33.427885790698944,84.40378724094167,40,48.9075153589014,0,262,1,35.078956564175044
2024-09-19 07:52:28.402675648,14.49755878338878,16.536777998996754,34.42130624598818,9,1.3993833272587195,0.6644640138115497,29.640743867444783,71.31863092769713,40,65.23207256861838,1,263,0,
2024-09-19 16:38:14.918180816,6.589044175946243,8.214943515726507,14.849058312984347,9,0.8351777573754477,-0.5642055698832718,29.97993799263757,82.18254583688775,10,79.44828345147397,5,263,1,27.985613398293662
2024-09-20 01:24:01.433685984,23.712562321661938,40.59093768564416,103.58065136187,9,1.3395758319828348,0.5043980746073871,34.31495942734013,83.77213827466474,20,100.0,5,264,1,21.88309794749805
2024-09-20 10:09:47.949191152,1.4640376348478403,3.586815006245871,9.218005636865175,9,0.5541996236241724,-0.7853762083586624,32.157773828138836,78.6830588381888,10,69.34277701776323,3,264,1,22.225496730374722
2024-09-20 18:55:34.464696320,13.308344840667552,27.5198409411553,64.84002444151749,9,0.9571681326222687,0.40296850899809633,28.64890220079708,80.02880687724002,20,89.6731333777251,4,264,1,37.199928208155185
2024-09-21 03:41:20.980201488,9.836987428404171,23.6979642010418,46.05677134029209,9,0.951727707351893,-0.005440425270375693,28.640964769666464,85.57533834136431,80,69.24434576587032,0,265,1,27.756386119112896
2024-09-21 12:27:07.495706656,15.421979947119672,28.031862934945252,84.94283118925824,9,1.0813566094771991,0.1296289021253061,31.78740526461442,76.22435512845948,10,100.0,3,265,1,23.044806251277716
2024-09-21 21:12:54.011211824,1.0057826776602279,2.5613750843145824,19.50512383461316,9,0.3775197183166915,-0.7038368911605076,27.847521169229463,76.73092871419622,80,46.54405676519399,0,265,1,42.80093165224615
2024-09-22 05:58:40.526716992,13.011929506322165,25.551597522293232,67.04384141063423,9,1.352332243138942,0.9748125248222504,32.04025252167204,77.25217963249213,80,79.57570940340507,1,266,1,34.86763092108031
2024-09-22 14:44:27.042222160,12.365404809043207,22.58273830561835,75.96108453576764,9,0.6757046320950935,-0.6766276110438485,30.528517121775764,85.5464623846639,40,90.45142371500259,0,266,0,
2024-09-22 23:30:13.557727328,12.33722839651026,21.425917993859557,37.70624515543957,9,1.10467005650765,0.4289654244125565,30.890391568926653,86.17136881616855,20,79.74876164661457,2,266,1,24.908603682291908
2024-09-23 08:16:00.073232496,13.875721990611176,16.654275046372263,96.81477426577605,9,0.9238176648124399,-0.18085239169521006,29.336430039041993,72.7203441196861,10,100.0,2,267,1,29.463663752108204
2024-09-23 17:01:46.588737664,16.92685586735631,19.13646184079887,51.360408836885235,9,1.4100680987682637,0.4862504339558238,28.585110489877845,84.72072393329951,40,75.83272849094476,2,267,0,
2024-09-24 01:47:33.104242832,24.520489651739894,24.04031137745877,43.7174852080683,9,1.29898582665903,-0.11108227210923372,32.76352314991805,83.77361650809924,10,89.16959726176765,4,268,1,18.304455518341243
2024-09-24 10:33:19.619748008,4.71697779189374,10.836116929417512,43.10257576692419,9,0.6307196176954003,-0.6682662089636296,29.340755346024107,87.43643386651127,80,57.25435722810834,1,268,1,40.536982028361585
2024-09-24 19:19:06.135253176,26.148775332168466,33.47080769901797,78.45649580208554,9,1.3081421439466494,0.6774225262512491,29.00696729526048,81.58321505744831,10,100.0,4,268,1,23.269235417285913
2024-09-25 04:04:52.650758344,10.344969243894143,14.769255522577847,30.94953450615801,9,0.8625732790076136,-0.4455688649390358,29.663086070932092,79.42541981199054,10,89.3952452349415,5,269,1,23.456963122642826
2024-09-25 12:50:39.166263512,1.202837811950537,6.1906678924630105,39.07919128838133,9,0.3574052961643606,-0.5051679828432529,30.203842543584898,85.36167998915631,40,69.23756498310999,2,269,1,40.05728654441261
2024-09-25 21:36:25.681768680,0.9050253911258641,4.236224951286443,11.441319616199259,9,0.40708885231179937,0.049683556147438745,27.750501506995555,83.11882247837774,20,67.2932285271131,2,269,1,30.05626689320471
2024-09-26 06:22:12.197273848,6.102352625403823,13.623877622333968,34.3537600100164,9,0.4012970348930446,-0.0057918174187547855,28.676677764273744,90.83733357611877,10,87.93524593401521,5,270,1,29.380069443257288
2024-09-26 15:07:58.712779016,23.049572840955122,43.62685148276667,80.48238483387121,9,1.2126645919719505,0.811367557078906,28.564541207719216,84.3947499358718,80,82.4457865559774,1,270,1,16.757565575973434
2024-09-26 23:53:45.228284184,18.44864076031176,18.78227427907472,37.7364577208685,9,1.0755768543290725,-0.13708773764287807,31.485266280284094,80.35715122426036,80,57.594634910504794,2,270,0,
2024-09-27 08:39:31.743789352,23.311109947103965,29.654221586231934,58.64024456960559,9,1.3227994246613028,0.24722257033223038,28.016796666889523,73.70692170389776,40,76.91183502952993,0,271,1,23.378865251688612
2024-09-27 17:25:18.259294520,10.924437498227821,13.99022525974503,67.94950005603528,9,0.4625250635627263,-0.8602743610985766,26.271118140534558,76.66072182613074,80,69.89834838106202,0,271,0,
2024-09-28 02:11:04.774799688,8.702608678468549,16.486604233294088,26.908270616875065,9,0.8114758752934718,0.34895081173074544,25.84231281128099,72.37322898404652,10,76.38428964140196,3,272,1,36.17194528241897
2024-09-28 10:56:51.290304856,2.3928957634032426,12.4128619343323,38.5162003013247,9,0.7846685247758143,-0.02680735051765748,26.829505884678973,78.4652221277565,20,73.64793429754778,5,272,1,27.475543318903906
2024-09-28 19:42:37.805810024,5.966757229985479,26.847171760222807,57.64690696239903,9,0.8552244235266907,0.07055589875087642,32.48702302204385,84.15823119885948,10,96.99636487569842,4,272,1,31.324280897208162
2024-09-29 04:28:24.321315192,8.537931258288497,12.168340109695476,64.76087821723723,9,0.6656842971071647,-0.189540126419526,29.789956633969222,79.49673142759966,40,74.36524168644122,1,273,1,31.14040687734117
2024-09-29 13:14:10.836820360,1.391608074038426,23.832930257459587,130.93533547018362,9,0.6837292350457216,0.018044937938556882,30.753554896030053,84.61073978863166,80,98.55623821441165,1,273,0,
2024-09-29 21:59:57.352325528,3.7386933297091947,3.557760771147764,29.080711280115096,9,0.5021988033102172,-0.18153043173550443,30.81746204672524,81.17684185216022,10,89.75105510323344,2,273,1,27.8866632887122
2024-09-30 06:45:43.867830696,13.677956706881414,20.070008255443497,87.58807513138326,9,0.8469131048704517,0.3447143015602345,29.85020099734255,77.46020487234576,10,100.0,5,274,1,24.431533343633383
2024-09-30 15:31:30.383335864,19.957963603645513,21.78631491663891,57.64489665552331,9,1.151787126288269,0.3048740214178174,29.581533950157574,79.9003188627702,80,66.56326468674406,0,274,1,29.609566968464275
2024-10-01 00:17:16.898841032,96.08209320951215,110.9903287646558,313.1295684924677,10,3.9930827973838916,2.8412956710956223,31.813329719104814,81.80903717421255,20,100.0,2,275,1,1.0
2024-10-01 09:03:03.414346200,40.571334066064736,50.271263970744926,137.005013338558,10,1.6653993376477074,-2.327683459736184,30.00936605694578,80.13086544895909,20,100.0,3,275,1,14.562269341476735
2024-10-01 17:48:49.929851376,15.432034647043086,22.8493878831878,44.74228569623264,10,0.9735060452404545,-0.691893292407253,32.508583729736834,80.17419868667959,20,87.24919923042543,2,275,1,26.56557172111144
2024-10-02 02:34:36.445356544,8.203219649228966,22.00479162533714,56.17373420359757,10,0.8737727213629044,-0.09973332387755007,30.94498050136493,75.56139068363686,80,67.52953668790171,2,276,1,32.14340206017889
2024-10-02 11:20:22.960861712,15.166331936697816,14.48562066412687,45.40008228032879,10,0.8107119585035663,-0.06306076285933815,28.460577324184246,77.22745841608153,10,96.62527625472845,3,276,1,23.02920814092592
2024-10-02 20:06:09.476366880,23.10228952114639,25.701861090729572,66.95368508608206,10,1.438711562034909,0.6279996035313427,28.694668630103568,90.6701773364601,40,84.02161112939507,0,276,1,22.37684962828713
2024-10-03 04:51:55.991872048,1.8891669672905103,17.75607002053689,37.01861627801539,10,0.24116696488989153,-1.1975445971450174,28.226691544965853,85.50557476786653,10,79.1480828277814,5,277,1,29.099600354045002
2024-10-03 13:37:42.507377216,7.912073267545933,9.812279826241237,32.77675145966985,10,0.6501524295375958,0.40898546464770424,32.109319483583924,71.9792423953164,80,56.86567806762907,2,277,1,34.150407587957396
2024-10-03 22:23:29.022882384,27.47019767757046,26.21936934688207,92.71393478382413,10,1.4752603942842224,0.8251079647466266,28.856641747263065,67.49864251877653,80,88.03474666511005,1,277,1,28.290476261592246
2024-10-04 07:09:15.538387552,7.263557554273698,12.725714664811552,24.12640246885372,10,0.7137094360558627,-0.7615509582283597,28.06223633601758,79.69932596647729,10,71.10327474180478,5,278,1,30.666281443332366
2024-10-04 15:55:02.053892720,12.725005443150675,19.476932164963095,68.57329233004332,10,0.7851016387425861,0.07139220268672342,30.29109448409018,83.77044127580302,80,84.00688763403116,0,278,1,34.74251344980043
2024-10-05 00:40:48.569397888,13.292584237976085,12.018666317118276,39.262936421918425,10,0.9741896988184573,0.1890880600758712,29.449478991270563,76.68791722092011,10,91.18750618182307,3,279,1,30.313406182598403
2024-10-05 09:26:35.084903056,3.0588710692552636,6.041397860824617,59.80948952828086,10,0.8028600470727818,-0.1713296517456755,30.225143496940518,84.38030658457006,10,100.0,4,279,1,37.39313067723013
2024-10-05 18:12:21.600408224,6.746791418233956,7.577476745964871,55.779818572184794,10,0.7528376848673395,-0.05002236220544232,33.40774615001588,79.55450950949181,20,82.06226233821084,2,279,1,15.837188949067482
2024-10-06 02:58:08.115913392,6.1085040613295245,11.315260053265982,45.95954179290881,10,0.5750786097966736,-0.1777590750706659,31.44629056568425,78.4249915090182,80,66.4328585071825,2,280,0,
2024-10-06 11:43:54.631418560,0.3981893282200442,17.297189236001525,40.33446688972883,10,0.7721763427547648,0.1970977329580912,29.66611955511268,83.00477277389363,80,65.61475574267969,2,280,0,
2024-10-06 20:29:41.146923728,0.36733786905795474,30.770942533190922,61.6065418390007,10,0.7346463226581103,-0.037530020096654515,26.787120193211084,76.54855495873485,20,92.07111206018958,3,280,1,33.31133461792331
2024-10-07 05:15:27.662428896,26.729844182087092,38.58588246026274,106.22246572459368,10,1.5694930846231347,0.8348467619650245,28.595829647521672,77.75797767485963,20,100.0,3,281,1,20.9697435945786
2024-10-07 14:01:14.177934064,4.783893096450526,6.154113384916425,32.49391267227936,10,0.953870772749493,-0.6156223118736418,31.00955383673595,82.52575957394299,20,71.77901571164759,4,281,1,36.12434440377505
2024-10-07 22:47:00.693439232,10.949618905777807,29.578915529329507,98.04058974036744,10,0.49366618227114467,-0.4602045904783483,27.237005997024365,79.00119646736589,40,97.9392602812671,0,281,1,35.78781545309691
2024-10-08 07:32:47.208944400,5.322839851198395,10.241551228674298,46.33176432107017,10,0.7310858039498375,0.2374196216786928,33.85257471572749,88.68514961302225,80,60.60573458923868,0,282,0,
2024-10-08 16:18:33.724449568,42.37194054237784,42.72106669622522,86.48480589864877,10,1.4275026904202837,0.6964168864704462,29.590933045504276,82.59332690474645,10,100.0,4,282,1,17.358024882472957
2024-10-09 01:04:20.239954736,4.5023282730089145,22.93079989707617,69.62702301800371,10,1.3077122814968942,-0.11979040892338944,29.651182404106617,82.2510403770391,10,100.0,5,283,1,27.895881049351992
2024-10-09 09:50:06.755459912,8.422755246278856,18.056866599627476,46.44291443384442,10,0.7553988641626138,-0.5523134173342804,28.21150098076107,78.84205950302871,10,96.04471082443999,4,283,1,24.453101155701876
2024-10-09 18:35:53.270965080,30.921696496733894,34.61654480325427,67.91530846111863,10,1.613874026332295,0.8584751621696812,30.529492833403285,83.44580802325171,80,69.76272641691104,2,283,1,10.535834448819424
2024-10-10 03:21:39.786470248,27.671098064731922,31.834380139166228,69.22729983657733,10,1.3647023907673215,-0.24917163556497357,27.211160018219203,77.4412883985191,40,83.30188714748859,2,284,1,27.657402588965063
2024-10-10 12:07:26.301975416,3.0887926903584297,5.3552481385190305,13.544375372515418,10,0.45471141904854695,-0.9099909717187745,33.8480156345653,80.44834966872236,80,49.852409671321794,0,284,0,
2024-10-10 20:53:12.817480584,24.341138658731907,23.610057681776357,77.14256159097097,10,1.0385127405569163,0.5838013215083694,32.14392056129749,74.43697066896414,80,75.05229719555525,1,284,1,21.93701211330722
2024-10-11 05:38:59.332985752,9.192512197236823,18.535693697290643,48.577138050235874,10,1.1863430155377948,0.14783027498087842,31.468719166789327,84.19745951394343,80,67.54125147000595,0,285,1,28.08412296580853
2024-10-11 14:24:45.848490920,9.894782963306888,13.097704936417083,29.346735863524934,10,1.0200603206659706,-0.16628269487182412,26.71009757761644,80.43493466470107,80,57.43833872011931,1,285,0,
2024-10-11 23:10:32.363996088,2.1490508534685397,6.523469619272472,60.00087057956138,10,0.9969325307376081,-0.023127789928362508,29.892532592327065,88.87597742131251,80,68.64568192289596,0,285,0,
2024-10-12 07:56:18.879501256,1.2605346310998504,12.510159712089056,28.588856090019966,10,0.6614029567744274,-0.3355295739631807,31.89055062146984,90.90624756923243,40,70.10334405178892,0,286,0,
2024-10-12 16:42:05.395006424,19.52595152177159,32.79955575922871,50.58307637828387,10,1.2760985122769188,0.6146955555024914,30.649181873783963,82.7425394073027,20,85.6804598990275,3,286,1,28.341247104807927
2024-10-13 01:27:51.910511592,10.291416218952751,15.23249645022441,28.511858612455228,10,0.8047149757502415,-0.4713835365266773,27.449267756184327,79.24909848694327,10,89.76731193915437,3,287,1,29.011032460871007
2024-10-13 10:13:38.426016760,8.61315756211697,21.193357526479065,52.13499341946528,10,0.8267802858841281,0.022065310133886573,28.143735152510846,74.15752276562847,80,75.03482133411853,2,287,0,
2024-10-13 18:59:24.941521928,19.61270401972557,35.40892261596663,78.76184463488796,10,1.037965920058704,0.2111856341745758,28.530409059994362,83.3923116883068,80,78.17441720893741,1,287,1,20.32885971480149
2024-10-14 03:45:11.457027096,21.75532048451078,33.869110524987235,74.38512305421212,10,1.2905995531249583,0.2526336330662544,28.21768648438819,79.90054712620694,80,80.41733644724303,0,288,0,
2024-10-14 12:30:57.972532264,2.595816461405992,4.617117945590369,23.25725254331088,10,0.4402381897067841,-0.8503613634181743,32.47232295727187,81.51970476747483,10,78.44078664504106,4,288,1,26.57758555504421
2024-10-14 21:16:44.488037432,14.132790193752705,15.639230202254002,39.88872013806173,10,1.0274298903304346,0.5871917006236506,25.56286462782727,87.45871874822878,40,64.78028802148987,0,288,1,27.746795599280773
2024-10-15 06:02:31.003542600,2.181527992918121,5.146864160311496,16.915627710304534,10,0.6291012452575193,-0.3983286450729153,30.706777464921476,74.66776192789088,10,77.48051556822013,5,289,1,34.70921868894234
2024-10-15 14:48:17.519047768,20.877148317410242,18.204819297328562,72.86235049163182,10,1.1571275680566349,0.5280263227991155,26.80030355111313,74.14829975953339,40,79.61817384706859,0,289,1,28.803469648014257
2024-10-15 23:34:04.034552936,16.04841150923916,20.992312682321245,47.317573989064044,10,1.365917344946041,0.20878977688940603,27.452301452753915,77.56747916345869,20,78.97074809629547,2,289,1,24.56797010360063
2024-10-16 08:19:50.550058104,47.06449178940487,41.66239064626835,138.2014981818611,10,1.8503701522976628,0.4844528073516219,25.345155009359694,82.83524923495338,80,100.0,1,290,1,9.937152966359486
2024-10-16 17:05:37.065563280,1.0717636126279841,5.554755477187243,22.548478411959742,10,0.7283282275951178,-1.122041924702545,28.256253563759465,81.48306105322683,40,58.705994128735675,0,290,1,29.643014292001688
2024-10-17 01:51:23.581068448,0.881205402372562,18.923005036004657,40.884399682418206,10,1.1171560512246141,0.3888278236294963,32.36548995980407,74.20961075497243,10,93.99477027681841,5,291,1,34.94230011863911
2024-10-17 10:37:10.096573616,4.97319440392296,5.994408835676753,33.19073810495958,10,0.9207313902942362,-0.19642466093037791,29.863263101443774,82.44999373654085,40,68.09242874256722,0,291,1,47.77853642021121
2024-10-17 19:22:56.612078784,4.551190970345748,13.911979485077612,29.423338746225276,10,0.96077755394866,0.040046163654423816,26.926403394255573,72.64018888204122,40,73.96743968320821,0,291,0,
2024-10-18 04:08:43.127583952,4.254928444435909,12.928141683787874,22.581052603693124,10,0.6530423426224969,-0.3077352113261631,31.34685780484971,74.43641654043789,20,73.9122127297268,5,292,1,40.35666175011918
2024-10-18 12:54:29.643089120,35.50758711324464,41.29814147882274,102.1966043986152,10,1.6690617681666795,1.0160194255441826,31.764531232643023,78.02655882506536,80,96.66939255070417,0,292,1,21.076400474799158
2024-10-18 21:40:16.158594288,4.306157828454099,23.218661553473048,52.14735126551019,10,0.5546545136978241,-1.1144072544688552,29.499300385384554,75.81525861673666,80,68.08309894839283,0,292,0,
2024-10-19 06:26:02.674099456,4.760777634812921,11.767880734025052,41.707261470509216,10,0.8126772402293919,0.25802272653156777,33.34991511393355,83.01013103851142,10,92.41059824064497,3,293,1,32.23676648719693
2024-10-19 15:11:49.189604624,21.369183803957416,21.239630671668323,89.21107158162943,10,1.1946720183185997,0.3819947780892078,30.912679267178756,79.97099445086454,10,100.0,5,293,1,16.768320566236437
2024-10-19 23:57:35.705109792,8.960461482975855,20.548534197994037,51.37882782657199,10,0.8893715966706938,-0.30530042164790594,30.623915289572494,87.34502643811093,20,89.03340124261231,2,293,1,24.80354517030584
2024-10-20 08:43:22.220614960,22.489295973876896,27.847370787149366,79.8012803321076,10,1.4336985849976036,0.5443269883269098,27.6408373465628,77.25926269501869,40,90.95095823084093,2,294,1,24.580351338899273
2024-10-20 17:29:08.736120128,1.0140065814288775,9.754223125447048,31.643856920872036,10,0.3762673983981687,-1.0574311865994348,30.49130164030283,77.86199858291658,40,66.8502017900846,2,294,0,
2024-10-21 02:14:55.251625296,10.028902381556051,10.053392357957481,78.608744056191,10,1.1280845414427652,0.7518171430445965,29.658922749406468,84.50259343370377,10,100.0,4,295,1,30.476220269467923
2024-10-21 11:00:41.767130464,0.5128728740692474,14.160914383057435,55.17684558166179,10,0.8322195389000161,-0.29586500254274906,30.253759537671264,77.97359904903944,80,64.23155519353146,1,295,0,
2024-10-21 19:46:28.282635632,0.9705292726594787,5.509611310314577,48.39915360756222,10,0.5603799026259405,-0.2718396362740756,27.833617642497067,85.87560400009718,40,70.63057947308762,2,295,1,31.155819422523756
2024-10-22 04:32:14.798140800,35.536876772182254,43.63313775620918,111.75081358347697,10,1.617322995442258,1.0569430928163177,29.447600206890478,81.08694592826747,20,100.0,4,296,1,17.197105576507173
2024-10-22 13:18:01.313645968,2.2491869856966753,4.246305752095919,29.657434608136697,10,0.6835690402846115,-0.9337539551576466,27.54621940399669,66.59595245942641,10,94.15078562336834,3,296,1,32.446374274251546
2024-10-22 22:03:47.829151136,11.402794215933149,18.495919510638217,48.555316975820574,10,1.217185325837801,0.5336162855531894,24.87414478082114,84.22467003225371,40,69.63324619585946,2,296,1,31.167764937919134
2024-10-23 06:49:34.344656304,7.942371328778421,18.12258312362183,47.44252956171505,10,0.8603948015497889,-0.35679052428801206,31.15341150680876,82.87723880490303,80,60.376292618659,1,297,0,
2024-10-23 15:35:20.860161472,6.400560833918049,10.033886190761777,65.08521881002599,10,0.757156258981824,-0.10323854256796483,26.140344811528657,83.04690858036811,80,78.25522350253372,1,297,1,33.807016951313955
2024-10-24 00:21:07.375666640,34.5137990551324,39.26949942553831,95.76702113154857,10,1.5865946708832055,0.8294384119013815,29.347743331151257,68.71184891044656,20,100.0,5,298,1,17.482480390243502
2024-10-24 09:06:53.891171816,0.33097574032502297,4.90942537633087,59.77112079585785,10,0.9121185911101037,-0.6744760797731018,29.787549714930226,74.92814110570905,20,93.26770092453354,4,298,1,21.502177588469557
2024-10-24 17:52:40.406676984,16.350275712490344,35.53004850523855,89.58054796611258,10,1.1085293787147876,0.1964107876046839,29.762774177589108,75.27577212394215,10,100.0,5,298,1,33.236107480113546
2024-10-25 02:38:26.922182152,49.6133246920255,58.09276442724776,153.6409696107268,10,2.0672926183891733,0.9587632396743857,28.531520532771186,73.9897505221334,10,100.0,3,299,1,14.796707826242608
2024-10-25 11:24:13.437687320,12.32044290421278,25.83169160999304,44.67547126604825,10,1.297412905036385,-0.7698797133527884,29.628060219061737,86.88088719647328,80,63.987585257975056,2,299,1,28.519692935430914
2024-10-25 20:09:59.953192488,41.42709679378679,61.05733581456255,153.43520281527853,10,1.968517460743934,0.671104555707549,30.01545826245441,78.08820905664999,80,100.0,0,299,1,5.031728648238888
2024-10-26 04:55:46.468697656,0.8050925744373608,4.839363180719271,13.26828256247134,10,0.7919072553050444,-1.1766102054388896,30.531269087296803,77.93987419843981,40,52.34168328000837,0,300,0,
2024-10-26 13:41:32.984202824,8.139732784459442,11.501363455050388,35.75717588919514,10,0.595552278859101,-0.19635497644594335,32.51596615993058,80.858208513903,40,69.4540426606761,0,300,0,
2024-10-26 22:27:19.499707992,4.519775198260331,8.477258569324325,23.935830839539886,10,0.6341095853327472,0.03855730647364619,29.505144717174137,80.92002116780237,40,68.15646890051829,0,300,1,37.386334504869666
2024-10-27 07:13:06.015213160,19.685678446097107,30.911850628940243,67.05309938828049,10,1.4997188828993904,0.8656092975666432,29.152456161309487,61.374253389419025,20,91.85588349992344,2,301,1,14.36991390517878
2024-10-27 15:58:52.530718328,59.68614268262523,50.94733399452636,100.56032580834903,10,2.067928250445059,0.5682093675456688,27.198431939429554,74.79199205451266,20,100.0,3,301,1,12.87762231395003
2024-10-28 00:44:39.046223496,4.4464042137547715,10.422919104394893,25.29525639153171,10,0.6628974673651029,-1.4050307830799562,29.87124347746261,70.93475877037147,40,63.68117277582014,0,302,1,34.150948828625665
2024-10-28 09:30:25.561728664,15.927318897450473,25.817637319490913,40.70093783730876,10,1.1280597973222144,0.4651623299571115,30.321507776313762,79.97501360583934,80,58.927146166478025,0,302,1,26.081548020830976
2024-10-28 18:16:12.077233832,3.3115262270141947,6.321384393788635,19.35219567173754,10,0.43161346487957286,-0.6964463324426415,28.58945594406141,76.50366255357909,10,83.06060402434056,3,302,1,37.3015678635401
2024-10-29 03:01:58.592739000,12.497531132219374,20.368413922481167,55.89709128142967,10,0.8708727381448197,0.43925927326524683,30.050538288425972,77.99956438262214,20,84.54821748443989,5,303,1,26.282005791625114
2024-10-29 11:47:45.108244168,9.35242752258483,11.707466122958095,55.290817596076096,10,0.8266505480464056,-0.044222190098414105,28.363462309076578,67.5043906478979,20,94.30863639151772,2,303,1,27.330182862785072
2024-10-29 20:33:31.623749336,53.636116963621724,56.66200779991027,130.47263412222082,10,2.1486787641039298,1.3220282160575243,30.2775920902187,76.3219524486292,40,100.0,2,303,1,1.9764104047509758
2024-10-30 05:19:18.139254504,14.067591420566,24.05269312606091,68.10441647495303,10,1.277949163839356,-0.8707296002645737,30.747854403995454,83.42095081103601,10,99.36836523411205,4,304,1,27.031900967267866
2024-10-30 14:05:04.654759672,6.450356651293659,6.921675982467994,38.863697100103124,10,1.006515331817004,-0.27143383202235216,30.706879626816104,84.8664952022211,20,87.92189697448283,5,304,1,30.883681947558188
2024-10-30 22:50:51.170264840,1.8171966536343025,4.276919083344636,14.130548260892652,10,0.4078961495059501,-0.5986191823110538,29.132218019284718,81.38737583170773,10,77.90578143675431,4,304,1,40.87415970114016
2024-10-31 07:36:37.685770008,2.4598029558215444,17.410391107891687,38.43802528563211,10,0.7455536740288456,0.33765752452289555,26.803430123551802,71.08940638633122,20,75.6042750566408,4,305,1,25.541467157560398
2024-10-31 16:22:24.201275184,3.8295191271132345,7.368449366196662,28.99645987209605,10,0.7851245378891845,0.03957086386033881,27.646309198533043,84.037279622594,10,90.02100256100398,2,305,1,25.17537445281563
2024-11-01 01:08:10.716780352,2.889717855613698,21.446197288415576,50.24568151398686,11,1.0755258231562692,0.29040128526708475,30.04715087817122,81.3336837358036,10,97.59619835423355,3,306,1,26.322544961708235
2024-11-01 09:53:57.232285520,19.012354942631106,40.500598397208236,84.27885285962559,11,1.4289511422881302,0.35342531913186104,33.741094051521934,77.10099370976027,20,93.27962790864261,2,306,1,27.704991454470367
2024-11-01 18:39:43.747790688,8.237634851167945,10.101606777197683,23.837747501379955,11,0.823951445113802,-0.6049996971743282,28.148593624360984,67.53488876230158,10,79.29057216447072,4,306,1,23.780047640429757
2024-11-02 03:25:30.263295856,7.410586447854435,6.706878946806626,26.117441321835386,11,0.8485890248216811,0.024637579707879054,29.728209005203183,82.4010420501664,80,54.45420734702541,1,307,0,
2024-11-02 12:11:16.778801024,1.219065063412979,7.405317667259272,17.148169433202874,11,0.7331882448081042,-0.1154007800135769,27.690860005142763,74.64509859028624,20,57.77625132838814,5,307,0,
2024-11-02 20:57:03.294306192,19.671111641550873,23.64007819023838,46.27198188142844,11,0.9442801562765277,0.21109191146842354,26.84139573218229,79.30948874663488,20,83.5613413676512,2,307,1,21.76433605957116
2024-11-03 05:42:49.809811360,12.830676118738607,13.887562409065719,34.856257581583094,11,0.9340489049666831,-0.010231251309844591,27.422996262412624,77.89322528231803,80,58.21802565431785,0,308,0,
2024-11-03 14:28:36.325316528,0.7006669271951631,6.8446473901668625,11.353352279405497,11,0.8742920112833101,-0.059756893683373,24.59691591392864,85.21569465685936,10,69.75921672782364,5,308,1,41.261095430354615
2024-11-03 23:14:22.840821696,12.304369006024542,12.603765518720866,25.904150417677247,11,0.8306536815688985,-0.04363832971441162,31.45489582153164,76.86921646144474,80,54.305299640138436,0,308,1,35.210476658919
2024-11-04 08:00:09.356326864,7.842503006173839,17.531823904960945,57.64286819980005,11,0.8580576276825751,0.02740394611367658,24.27386521178,77.39268348478872,20,88.85875329552519,2,309,0,
2024-11-04 16:45:55.871832032,0.8525874546966827,1.605460205053527,2.870920370960546,11,0.48460306123926455,-0.37345456644331054,28.192503716262816,85.3333973065213,80,35.4789896560552,0,309,0,
2024-11-05 01:31:42.387337200,6.130441206067024,6.06968009269703,19.841401746981376,11,0.2205337259269357,-0.26406933531232885,26.349873528582528,74.12114741981432,10,84.51850360780482,2,310,1,39.9745350653296
2024-11-05 10:17:28.902842368,6.62998818414935,8.405244901055758,18.580693158550982,11,0.7207702481404804,0.5002365222135448,26.92327295988924,81.45568103826619,80,53.47961555311452,1,310,0,
2024-11-05 19:03:15.418347536,1.8125157762181645,17.712487370358826,49.3309209649815,11,0.7737335753585262,0.05296332721804575,31.430917958025727,76.36266666270446,20,83.21677504822894,4,310,1,32.33615601846039
2024-11-06 03:49:01.933852704,29.13196927399496,30.202966286155522,78.42007423703431,11,1.2821703701652742,0.5084367948067481,29.065781291779032,72.31458481340785,10,100.0,2,311,1,27.826288105603002
2024-11-06 12:34:48.449357872,18.96955808234685,26.567400258335965,68.63466843761923,11,0.9141377744533511,-0.36803259571192315,26.718565341517003,77.30452025336517,20,97.94865390678633,4,311,1,17.43567050422429
2024-11-06 21:20:34.964863040,11.05704390260218,14.291667233236044,45.17448773428207,11,0.6879362584280743,-0.22620151602527683,27.455969668940412,80.7285334359068,20,81.58392815158201,4,311,0,
2024-11-07 06:06:21.480368208,6.204462396688857,8.099610027667387,23.775717812715197,11,0.857922871437564,0.1699866130094897,27.08962394500872,84.00972197166834,40,52.23331790375683,2,312,1,33.52698386294592
2024-11-07 14:52:07.995873376,5.306296717568441,6.168479048793889,32.32335380781852,11,1.0623156794486888,0.2043928080111248,28.519013924739163,84.58568046452227,20,78.5963596909089,3,312,1,29.013690807590123
2024-11-07 23:37:54.511378544,10.526073343140585,14.046866266691081,28.625683608805215,11,1.127476797710809,0.06516111826212034,28.937344206775165,75.7093013032719,20,70.24654520071007,5,312,1,28.0161842478455
2024-11-08 08:23:41.026883720,7.8840747430379245,11.414475875806978,67.10284912142811,11,0.5029570526527178,-0.6245197450580913,32.36810289262448,72.21766053217365,10,100.0,5,313,1,24.18179970230463
2024-11-08 17:09:27.542388888,0.6429653002712655,5.749596312063174,27.683276231599674,11,0.7412807312361976,0.2383236785834798,24.729681520277325,75.53087160665808,10,91.13099095555722,4,313,1,35.183243760868166
2024-11-09 01:55:14.057894056,7.184704219340354,9.885430051090767,49.50701921541965,11,0.6099159097358567,-0.1313648215003409,28.477925583575786,71.1874466595326,10,94.08361723766583,3,314,1,24.62825760527607
2024-11-09 10:41:00.573399224,16.419797883681323,31.281224895870494,81.08495953437375,11,1.0247547941305761,0.4148388843947194,27.901619702229056,75.97857917751368,80,80.55115444655624,0,314,0,
2024-11-09 19:26:47.088904392,6.1477949513223,6.654734658767758,21.811770702491216,11,0.5971081260198667,-0.4276466681107094,30.410994990093034,75.32746945122015,80,53.454221728563596,0,314,0,
2024-11-10 04:12:33.604409560,0.5335497350844933,17.440386952961738,40.82665247949579,11,0.8262882542023934,0.22918012818252664,29.212615252389142,80.64340905284854,10,92.93999595911806,2,315,1,25.05695608645748
2024-11-10 12:58:20.119914728,15.43080106811237,12.646082805278292,41.3479220445983,11,1.126927524704838,0.30063927050244466,29.66872300958766,65.94632128714363,80,56.07797218541024,2,315,1,16.606703769180818
2024-11-10 21:44:06.635419896,2.2484973368587404,5.506272637328783,41.81285951432946,11,0.580426458854505,-0.5465010658503331,29.16312930168676,73.27787412887999,40,70.60493717949286,0,315,1,31.614539436991244
2024-11-11 06:29:53.150925064,2.9924309074837026,4.824098867068998,12.774773847525802,11,0.591875458618759,0.011448999764254064,26.593872038457878,73.28811705584035,80,46.56814956339204,2,316,0,
2024-11-11 15:15:39.666430232,1.7997194341740164,5.083680459456014,26.244399860497857,11,0.6796839419251992,0.0878084833064402,30.86522192961563,82.82101813529934,40,64.48233441339306,0,316,0,
2024-11-12 00:01:26.181935400,4.007986104717142,7.453216062260018,17.51292552826781,11,0.7682907906217914,0.08860684869659219,30.024476947934563,71.28571239040136,10,80.202572468717,5,317,1,33.216923304559344
2024-11-12 08:47:12.697440568,14.136717478165162,17.29523331598606,38.459418614555986,11,1.1909318240748696,0.42264103345307824,30.243242745989278,77.95765312332455,10,100.0,5,317,1,25.772921450375822
2024-11-12 17:32:59.212945736,7.326905335240429,10.711641403967457,27.814818769774135,11,0.4967801256426434,-0.6941516984322262,30.924939617504208,76.15303648088084,80,48.028110531950844,1,317,1,35.79115327752955
2024-11-13 02:18:45.728450904,2.2926383478708843,8.87625531046281,20.851046031502193,11,0.6386207880228518,0.14184066238020843,29.21678595125984,81.97808413409375,10,85.32598111674088,5,318,0,
2024-11-13 11:04:32.243956072,21.02342401265488,23.32676656763262,62.84124806977867,11,0.9401312707511882,0.30151048272833636,31.32795766162249,79.71110502932774,10,100.0,5,318,1,20.283444667149144
2024-11-13 19:50:18.759461240,21.167850510798342,34.125183494954626,63.01238348051287,11,1.2544203893528325,0.3142891186016443,29.105730001849903,77.30712037565513,20,93.97011160987408,4,318,0,
2024-11-14 04:36:05.274966408,20.446801801024364,22.032241000636795,54.75751553198701,11,1.084023388490703,-0.1703970008621296,27.896752861103653,73.8964057013654,10,94.12718079162812,2,319,1,21.629888588299202
2024-11-14 13:21:51.790471576,2.728541664069208,7.55516803760793,23.405234005892368,11,0.6207726228769229,-0.46325076561378,28.306022842612002,67.37674881160808,20,80.02595715428431,3,319,1,30.426040691725078
2024-11-14 22:07:38.305976744,6.00092896432293,9.76842572741932,18.614376508638372,11,0.5577542589385455,-0.06301836393837745,28.25584547587247,77.84249430272642,10,68.3472739306182,3,319,1,44.80124025498111
2024-11-15 06:53:24.821481912,41.99015724929951,44.02108691356085,75.75756332420802,11,1.482556055480113,0.9248017965415675,27.24899471428342,79.22800370957837,40,84.46244817601489,0,320,1,9.390776168034591
2024-11-15 15:39:11.336987088,14.784643721827786,17.693863759368902,49.312778310452366,11,0.5537440066872641,-0.9288120487928488,31.535741675910685,68.66958989596722,40,80.51480014134023,0,320,1,26.407893321598348
2024-11-16 00:24:57.852492256,0.27543278636881524,2.111398368857825,7.342795840880642,11,0.5003866085629864,-0.053357398124277644,28.848683882914905,70.3437154821724,10,71.82083990332774,4,321,1,36.28858122581322
2024-11-16 09:10:44.367997424,0.6742758781911051,1.3329024546908155,18.56421186543877,11,0.4406143209441425,-0.059772287618843956,28.42964210699657,77.74198017751989,40,67.26442855672032,1,321,0,
2024-11-16 17:56:30.883502592,6.234930977710629,8.279306153825031,51.390077444896505,11,0.5723041481316974,0.1316898271875549,29.00072877895072,78.14406896923505,40,68.13601499905626,1,321,1,28.91387587510066
2024-11-17 02:42:17.399007760,23.99318549653681,22.05369439709591,49.12820340377914,11,1.4649103464680275,0.8926061983363301,34.16784780734004,71.46304099727118,40,69.00359223214953,1,322,1,23.482753205765903
2024-11-17 11:28:03.914512928,7.737105860039205,12.538414848427262,29.88489843625321,11,0.6082386283259945,-0.856671718142033,25.928592574085922,73.51375833473028,80,52.28425836749173,0,322,0,
2024-11-17 20:13:50.430018096,6.88781739048892,12.30610578540555,29.352019175386708,11,1.0441842220915944,0.43594559376559994,26.485810060563587,67.16932997514014,40,66.763005975376,1,322,0,
2024-11-18 04:59:36.945523264,1.1146097451660442,16.274098226089194,52.91201103689521,11,1.0098019260180644,-0.03438229607353005,25.398535420728237,83.20567443031062,20,85.34590476654748,3,323,0,
2024-11-18 13:45:23.461028432,10.693839431309623,15.360764835092157,34.950532952208185,11,0.47730434361923785,-0.5324975823988265,27.678213873895384,69.78745266469045,80,55.023270213291994,0,323,0,
2024-11-18 22:31:09.976533600,17.265514506301997,18.063211461659506,35.4311101096382,11,1.0444186965424291,0.5671143529231912,28.618128941660107,78.96548106625352,20,84.81753721031173,5,323,0,
2024-11-19 07:16:56.492038768,4.787134619671843,14.839382735750075,39.647157148312225,11,0.6641972215837394,-0.38022147495868974,27.18007181820304,76.04663022900348,20,87.39080345110187,5,324,1,23.80544216864615
2024-11-19 16:02:43.007543936,14.943779183383716,22.100000135260647,85.58005457964835,11,0.43751479607682786,-0.22668242550691153,27.014833441612144,82.63654217395516,20,100.0,4,324,1,29.21219330029802
2024-11-20 00:48:29.523049104,33.37565162052098,30.333493238675175,74.5657037207943,11,1.1819197141834885,0.7444049181066607,28.36261262582194,72.19433532125755,80,68.73401282374884,2,325,1,19.758948397060912
2024-11-20 09:34:16.038554272,2.278627431134131,6.990994452676936,16.2158151758844,11,0.7704697145711468,-0.41144999961234174,27.057049058598473,76.42879296821766,10,67.32048844200531,5,325,1,30.842919494897522
2024-11-20 18:20:02.554059440,7.4093007770213575,24.941931265673016,80.40737459100008,11,1.3014451787394101,0.5309754641682634,28.665024429729446,67.59721100454078,40,91.40013786940182,0,325,1,25.393022895222416
2024-11-21 03:05:49.069564608,3.384673668890539,6.568555712492598,24.805210646807218,11,0.8139146590425864,-0.4875305196968237,30.256496078683767,66.36342058569835,40,65.6823834344976,0,326,1,31.446749086005585
2024-11-21 11:51:35.585069776,15.743334432174741,27.138628322355146,61.94364419607176,11,1.1509794663696418,0.33706480732705535,29.36538976961766,79.00432557935946,10,100.0,5,326,1,22.041920317922173
2024-11-21 20:37:22.100574944,8.617868409396449,10.237114966836387,30.794977072579115,11,0.7704620415300755,-0.3805174248395663,29.756604097333856,67.06402561065838,10,85.04294800088577,3,326,1,34.24741308943956
2024-11-22 05:23:08.616080112,10.067145178332758,10.170499824396144,60.3930080115332,11,1.1395804847402393,0.36911844321016385,30.149610221289752,74.81445912437997,20,86.17379093229619,3,327,1,36.59526194803321
2024-11-22 14:08:55.131585280,15.990627194510662,18.395719045956035,52.72252894961571,11,1.4334175747413016,0.2938370900010623,28.526573431110723,80.97831146161124,80,69.63616344437705,1,327,0,
2024-11-22 22:54:41.647090448,5.041321959217804,8.508017135297951,43.720359235112774,11,0.5685380746324984,-0.8648795001088032,27.62672678466489,79.62144195397558,20,90.25110651205094,5,327,0,
2024-11-23 07:40:28.162595624,24.661642126129657,32.62961221211928,69.85658735018002,11,0.9195316525817278,0.35099357794922936,26.382542731012663,72.53117030581514,40,73.84390528841223,0,328,1,12.207475172324344
2024-11-23 16:26:14.678100792,7.614878374553812,30.07595227394637,84.71469693758245,11,0.5334195975762996,-0.3861120550054281,27.127681189462713,67.87755935142745,10,100.0,3,328,1,29.202084488741242
2024-11-24 01:12:01.193605960,1.7192161158931838,4.230054432619005,13.018629652653,11,0.8410610650760142,0.30764146749971455,26.845604001941894,78.333424442869,40,51.6575730792585,1,329,0,
2024-11-24 09:57:47.709111128,11.90395784496388,11.34892663265448,24.750299115409927,11,0.842156715070945,0.0010956499949308363,29.3392064772818,82.46300756238087,10,74.9228195874357,4,329,1,23.733173058131147
2024-11-24 18:43:34.224616296,15.762998459239547,22.67646164088186,65.93991140181606,11,1.0786729676853533,0.23651625261440823,28.552263196623628,72.40620578154235,80,67.32007634698596,1,329,0,
2024-11-25 03:29:20.740121464,3.809115447957103,7.846263737997613,16.105809790635146,11,0.29651474774777553,-0.7821582199375777,29.23499988426478,71.66640402563677,20,69.95126917373959,5,330,1,34.901877208354406
2024-11-25 12:15:07.255626632,19.46164980513362,19.531338938743662,52.98670887225436,11,0.9339086029324157,0.6373938551846402,25.50354662827847,73.02393086661256,40,78.51816542408301,1,330,1,28.760301828555363
2024-11-25 21:00:53.771131800,23.659856460311666,23.28378308953827,50.188533513563,11,1.1469387973214595,0.2130301943890438,30.670405903957107,78.47185742498547,80,72.39570556265551,0,330,0,
2024-11-26 05:46:40.286636968,3.2421395957046437,10.36787070164156,35.564015920604206,11,0.7100891756033226,-0.4368496217181369,26.93558350479372,81.72167652768906,40,67.82591569602941,0,331,0,
2024-11-26 14:32:26.802142136,41.05697122281739,56.07183515895966,122.0493624147112,11,1.8021393682631928,1.0920501926598702,25.57209929817418,69.3462311077444,10,100.0,2,331,1,23.984843335175803
2024-11-26 23:18:13.317647304,1.5165059038050552,5.263575657451221,28.95964957221048,11,0.3755006349903448,-1.4266387332728478,26.87623671508787,68.01793544283973,40,63.28897707422538,1,331,1,36.055132930782946
2024-11-27 08:03:59.833152472,2.256663163146758,4.406960951463365,16.765025296038832,11,0.4322894742570643,0.056788839266719515,32.70469552676857,87.17430869284935,80,41.4506172869405,2,332,0,
2024-11-27 16:49:46.348657640,2.036165002675717,20.317290485765067,33.16265785888278,11,0.9855608621006116,0.5532713878435472,26.94417304733806,74.5525996211922,80,50.54734949733137,2,332,1,36.01869381617511
2024-11-28 01:35:32.864162808,22.442191141841327,29.689082314563734,65.21711373565466,11,1.2946915699031638,0.30913070780255225,27.05180932622788,76.66846851679101,20,95.51135215985981,5,333,1,17.019444281539347
2024-11-28 10:21:19.379667976,10.621623885347034,12.332288313265774,28.841624142790867,11,0.9581867222307087,-0.33650484767245514,27.3001409559735,71.9090464313775,40,65.39171659936753,2,333,0,
2024-11-28 19:07:05.895173144,1.6499762625030379,3.3820217030133346,11.94547609941229,11,0.3870449801047282,-0.5711417421259805,27.369410467574276,77.78311401613794,10,78.9105660268828,3,333,1,30.849610518176775
2024-11-29 03:52:52.410678312,5.803961948898719,12.268132663538468,34.1210509534876,11,0.1479958685332341,-0.2390491115714941,26.085953199934362,80.09811503658136,40,65.27306124038516,1,334,0,
2024-11-29 12:38:38.926183480,9.552863355479618,10.870718673559223,22.708698436190666,11,0.6951435924682853,0.5471477239350512,27.91753908652036,76.76120669808084,20,75.30699703522211,5,334,1,26.666461487031977
2024-11-29 21:24:25.441688648,0.8715402533365735,1.9033649681254976,46.94945918796992,11,0.36315034386288714,-0.33199324860539814,29.76446412894029,83.93083901015943,10,91.40771510253441,2,334,1,30.985465520229617
2024-11-30 06:10:11.957193816,21.406054403422733,23.312093480526627,45.529644683290904,11,1.231044476599337,0.8678941327364498,28.22396845300476,73.55705669438923,10,98.3482365053567,2,335,1,19.588393122246025
2024-11-30 14:55:58.472698992,16.27619884453608,16.803912221106433,48.60477244117727,11,1.6507078418381544,0.41966336523881753,25.355129164828725,73.84050716008052,20,86.02558091794634,3,335,1,29.672036228070496
2024-11-30 23:41:44.988204160,7.036153280818361,13.187779048514336,27.122405911604957,11,0.9116340596251618,-0.7390737822129927,26.870792639229812,76.27600065458154,10,82.5262186033794,5,335,1,28.644294705490616
2024-12-01 08:27:31.503709328,34.150919230500875,28.716248404156506,64.1148340722936,12,2.0173729005282803,1.1057388409031186,26.438409396853775,77.40773662164455,80,73.11788225702729,2,336,1,18.968694790912856
2024-12-01 17:13:18.019214496,5.408742270293948,10.697862944934482,27.23609975812502,12,0.8289074139231135,-1.1884654866051667,27.629278259370842,76.18653495611552,80,53.528746374187925,0,336,0,
2024-12-02 01:59:04.534719664,41.42085376451174,49.925743857363464,86.99609873808764,12,1.7016972663493264,0.8727898524262129,30.166193486931046,68.58850515283737,10,100.0,2,337,1,14.005531573772021
2024-12-02 10:44:51.050224832,11.02379371634689,11.511656148927381,38.649269154557224,12,0.9051756514403884,-0.796521614908938,27.18937138568525,76.53684978643183,40,70.55182269017256,1,337,1,35.33628584167262
2024-12-02 19:30:37.565730000,10.069577094935209,10.93522934687346,37.26928918803033,12,1.1668715552629805,0.2616959038225921,27.292630405649035,73.06701236276244,10,88.62658123204261,5,337,1,17.630837211846817
2024-12-03 04:16:24.081235168,1.8146779570663476,15.19447368455322,30.066412181397762,12,1.054150815251107,-0.11272074001187349,31.005989597927144,71.99651485020335,40,63.84075180544489,1,338,0,
2024-12-03 13:02:10.596740336,21.364586240880556,30.125625366952093,69.38011960649524,12,1.1134805048785161,0.05932968962740914,29.184828732020353,75.02724377112028,20,98.90598089947268,2,338,1,24.328856885871872
2024-12-03 21:47:57.112245504,5.577245313502253,7.692943651425782,21.373149314148364,12,0.7391110819241627,-0.3743694229543534,28.562253393779176,70.02056822248615,80,54.226141352341706,0,338,0,
2024-12-04 06:33:43.627750672,1.770157444826844,9.345860349571723,21.560193124514125,12,0.343008376458025,-0.39610270546613774,31.31198575531896,69.11448843006467,80,49.41088841069392,0,339,1,40.594290183918964
2024-12-04 15:19:30.143255840,0.12687669122935624,4.817388113399862,13.972750332154511,12,0.7156451398968716,0.3726367634388466,28.35693466621708,61.67727951323886,20,61.20816759296321,5,339,1,35.821387422546756
2024-12-05 00:05:16.658761008,8.204254417138756,24.576089572611256,50.509743048743786,12,1.2205169238800666,0.504871783983195,23.385805764594604,83.45390673964874,20,80.74503083248013,3,340,1,33.74358173492775
2024-12-05 08:51:03.174266176,7.495051146585031,8.382969505046763,24.5610759015578,12,0.7416906088053715,-0.4788263150746951,29.005698040213424,77.45938964442043,80,51.35972525306792,2,340,1,34.38399777826528
2024-12-05 17:36:49.689771344,12.70659844747094,20.78338877719386,55.08208858657771,12,0.8284890458493317,0.08679843704396017,24.137814994803563,74.05984321155019,20,94.28568182388426,5,340,0,
2024-12-06 02:22:36.205276512,22.096236057354282,21.33719849513407,39.16121675080215,12,1.2273228963539389,0.3988338505046072,28.207267264903145,71.27039687104326,10,88.3297252291665,5,341,1,27.360327352243807
2024-12-06 11:08:22.720781680,0.827368001805495,3.3844794733754044,9.913130953756262,12,0.6338839610424971,-0.5934389353114418,23.857153558426255,60.18912000313738,10,71.9859474270503,4,341,1,36.14397078484335
2024-12-06 19:54:09.236286848,13.148912937605925,27.53431775958754,66.7065329933468,12,1.054550202717918,0.420666241675421,26.33227395193037,70.889325164353,40,74.54966993043017,1,341,0,
2024-12-07 04:39:55.751792016,2.0753099415526917,6.098896249358436,24.95525943105654,12,0.6382381861918288,-0.4163120165260893,26.519719994209137,78.07390979267814,40,70.04533689353975,0,342,1,36.337792542619695
2024-12-07 13:25:42.267297184,19.531758525685582,24.60881465096297,69.56615326639103,12,1.1019603469294672,0.4637221607376384,25.688315662569956,79.16797927203626,40,87.62821736310282,2,342,0,
2024-12-07 22:11:28.782802352,17.096092146110045,18.254230858965396,45.68155873214887,12,1.223655137157136,0.12169479022766883,26.51207557810706,77.63101911299543,10,96.82082921610372,2,342,1,25.149713004249342
2024-12-08 06:57:15.298307528,7.782558342991005,12.69766485368756,43.221580264811706,12,0.9298733044297212,-0.29378183272741487,29.256089910150457,75.17389271762106,80,66.41923039205273,1,343,0,
2024-12-08 15:43:01.813812696,12.387119433120626,17.96819746274261,38.54482717940928,12,0.7308037338610087,-0.19906957056871244,25.74420907384776,80.86360052599063,40,68.44876244590982,0,343,0,
2024-12-09 00:28:48.329317864,3.773881506113965,6.517481690223583,21.13890763950105,12,0.4385343263927961,-0.2922694074682126,28.2435069487122,72.66376426893953,10,80.9924069884882,3,344,1,33.44520714741901
2024-12-09 09:14:34.844823032,6.370842867894616,21.206054631130776,39.398382766601486,12,0.7886025202638877,0.35006819387109156,25.202998396446212,79.69453993199343,80,67.14220109306072,0,344,0,
2024-12-09 18:00:21.360328200,17.239339059589625,19.97086477782588,53.46753742943748,12,1.1918628537910874,0.4032603335271997,26.736333535614197,72.30775315819584,20,87.63167316131442,3,344,1,32.63630021936046
2024-12-10 02:46:07.875833368,6.148263184240825,8.323964617747803,27.180409224578675,12,0.7358163926404575,-0.45604646115062986,27.74400909353936,69.78695457738011,10,86.52783106260931,3,345,1,36.61225117313908
2024-12-10 11:31:54.391338536,4.428527961865562,17.831698896116933,36.34110478420541,12,0.6382574661739495,-0.09755892646650799,25.084234793514266,69.12601835139016,20,82.52330597810527,4,345,1,32.55285311030971
2024-12-10 20:17:40.906843704,6.816385540848643,9.088324830305709,22.987174529759415,12,0.7795146784651961,0.14125721229124655,24.434775354456605,68.7939503346912,40,64.70824392699292,1,345,0,
2024-12-11 05:03:27.422348872,17.61710995267424,16.47230567406019,40.48376173545045,12,0.9509031518896323,0.1713884734244362,28.02286097754117,77.37354949677922,80,59.60103501639276,0,346,1,30.35990375150702
2024-12-11 13:49:13.937854040,4.082811404643337,7.592227960890003,21.757268506051027,12,0.8336757997465931,-0.11722735214303914,29.266118129302523,70.3261868057571,10,80.70921503895592,3,346,1,34.41128650962027
2024-12-11 22:35:00.453359208,1.908719189412956,10.361770792422647,42.48391796506199,12,0.708403778725895,-0.12527202102069812,26.842644480198995,68.83640481317276,40,75.13016117241071,1,346,1,38.17350352118359
2024-12-12 07:20:46.968864376,12.448434817352837,15.028450037370668,33.33841666956669,12,0.8361975592303347,0.12779378050443968,26.066930765732405,77.53178925599842,40,70.54922263445698,1,347,0,
2024-12-12 16:06:33.484369544,17.485747732848978,33.63240070875658,66.2857946761365,12,1.2323427161538376,0.39614515692350294,27.27365462243592,75.56445964647946,80,78.98406033316556,1,347,1,33.59592480879542
2024-12-13 00:52:19.999874712,1.0606907609808842,9.06103681410345,35.26130061635373,12,0.8748337952654925,-0.35750892088834507,27.053976499377054,78.6989932379216,20,80.38613522472606,2,348,1,37.29912499167757
2024-12-13 09:38:06.515379880,2.742712183081353,3.5242393638691896,24.245399469158333,12,0.47617062199104343,-0.3986631732744491,27.40950044326723,76.41038828005345,40,65.10572780253943,1,348,1,35.58050023331653
2024-12-13 18:23:53.030885048,1.5311853406083515,7.561783146665454,39.72509578571425,12,0.6867729346082538,0.2106023126172104,21.847850085663453,70.0431226715952,80,57.63138105893489,1,348,0,
2024-12-14 03:09:39.546390216,4.276208615560561,7.145193435158786,21.33647683983531,12,0.6428840385695999,-0.04388889603865398,24.746743192682317,74.15041563237142,80,47.762490864558146,2,349,0,
2024-12-14 11:55:26.061895384,5.984753479202122,8.4961772458119,38.08817744191629,12,0.7900535788145813,0.1471695402449814,25.17506995755761,74.35672529071101,10,92.94724209271561,4,349,1,26.10316510021482
2024-12-14 20:41:12.577400552,13.816106944838227,19.946676852254665,43.4816279027184,12,0.844875919100165,0.05482234028558375,27.147811064562823,69.09635832270939,40,68.86988861127733,1,349,0,
2024-12-15 05:26:59.092905720,10.531063255355015,27.47751569424345,49.28029793458746,12,1.0074635086814099,0.16258758958124486,27.19834480115659,68.13005319735416,20,84.53664395170942,3,350,1,33.40173812212848
2024-12-15 14:12:45.608410896,9.70030615348931,8.5938732666095,16.653130844626087,12,1.0015095122192414,-0.005953996462168432,28.07943116705826,70.21053233379185,20,75.22168162716949,3,350,1,31.305412273012678
2024-12-15 22:58:32.123916064,4.34443371406971,6.771428898402414,28.27888802659323,12,0.46720156701619686,-0.5343079452030446,27.302683115999805,83.75795101851827,40,70.24229547502206,2,350,0,
2024-12-16 07:44:18.639421232,18.416698450343084,21.4637623789319,49.268061527802075,12,0.8170905721311643,0.34988900511496746,24.16646752006555,71.47215485057271,20,86.14297491788696,3,351,1,21.95417760881128
2024-12-16 16:30:05.154926400,6.373098440439261,7.836183674528171,21.19215361262871,12,0.4475326926566741,-0.3695578794744902,29.642333898457135,79.6609832835076,80,49.115378907145804,0,351,0,
2024-12-17 01:15:51.670431568,38.68242416594891,48.437881021419315,104.92053237792258,12,1.5238947874931335,1.0763620948364594,29.272517576122002,71.11405939115555,80,91.84337163724378,2,352,1,19.72380819756562
2024-12-17 10:01:38.185936736,10.055103770097727,9.153502403152336,18.015682353664545,12,0.9117017570120107,-0.6121930304811227,24.19261234365408,77.86220794511583,40,63.346141882110345,0,352,1,39.29272125483592
2024-12-17 18:47:24.701441904,1.3497785718102526,6.934672053445118,32.28301619099118,12,0.3151703547975631,-0.5965314022144477,27.354713460757182,77.89106402180687,20,75.95901170826477,5,352,0,
2024-12-18 03:33:11.216947072,11.275599445107554,12.80387700034225,27.294718624601998,12,0.7939716899568674,0.4788013351593043,25.478720389650555,78.10209086003339,80,50.85594734724968,0,353,0,
2024-12-18 12:18:57.732452240,3.931966969196102,5.438427207404317,12.970992824459383,12,0.7566814721201068,-0.037290217836760564,26.92753411296976,75.23874897918212,40,62.564370194269564,1,353,0,
2024-12-18 21:04:44.247957408,11.594048640248865,19.713580314718385,61.07526475665014,12,1.0123485880618799,0.25566711594177305,28.736634701580893,80.14686117850006,80,71.44563307397148,2,353,1,29.67781484962729
2024-12-19 05:50:30.763462576,0.7218490506954433,8.852358861964579,19.943533709452804,12,0.5258487736410576,-0.48649981442082224,30.870402063464674,75.11215690840915,40,57.08548774976767,2,354,0,
2024-12-19 14:36:17.278967744,1.9222819045912152,4.885450864041529,23.11468661150615,12,0.6254848930832608,0.09963611944220319,28.092900058433866,81.74833794299869,10,83.95204425041624,5,354,1,41.3907380767026
2024-12-19 23:22:03.794472912,19.361190510181302,17.527925100829215,55.39675781109354,12,1.0839321271594318,0.45844723407617094,27.160337312994645,65.04133666960658,10,100.0,5,354,1,27.131771534321995
2024-12-20 08:07:50.309978080,2.577085433067849,7.603076801398789,45.47650063732107,12,0.5827242855657077,-0.5012078415937241,25.870921127073156,74.8425581657136,40,67.69988499472173,0,355,1,29.76206262121377
2024-12-20 16:53:36.825483248,18.14257412112832,22.140005930611753,66.38560858187213,12,1.042084597997768,0.4593603124320603,26.894901602391062,74.47788168341576,10,100.0,3,355,1,26.054651833317283
2024-12-21 01:39:23.340988416,3.274991393787473,5.125642348087057,14.612541254915705,12,1.063841738308012,0.021757140310244116,29.230217169419824,68.33874753649894,10,76.07285378951579,5,356,1,22.58441028412407
2024-12-21 10:25:09.856493584,10.29688767750235,15.150839581861648,46.35588370372735,12,1.0193083301549237,-0.04453340815308837,26.40127086777782,75.87929787141267,20,85.43937768078106,4,356,1,30.106612560740864
2024-12-21 19:10:56.371998752,11.846623684296386,12.234217194372654,27.011713965692994,12,1.3554048291320828,0.3360964989771591,24.698451904164262,65.49094103583603,10,86.66589859714578,5,356,1,20.55356517275687
2024-12-22 03:56:42.887503920,7.187824812885495,8.873736524323983,16.566105224897925,12,0.6331012349168494,-0.7223035942152334,23.211260479766665,69.63035879279819,20,65.52568305605153,5,357,1,34.999765174282935
2024-12-22 12:42:29.403009088,3.642905501889821,3.5137202265205487,8.803435338273347,12,0.5910019929253724,-0.04209924199147708,27.456673479740964,62.865716425351884,10,66.93796178960655,4,357,1,38.64345422607644
2024-12-22 21:28:15.918514256,2.390752601646858,3.5358543012046435,12.291485765388362,12,0.3167484419896541,-0.2742535509357183,26.905066412726224,80.61411290775557,10,81.30473665569119,2,357,1,32.6366402781252
2024-12-23 06:14:02.434019432,0.3375261921056072,0.6454976176372876,22.29119530268654,12,0.3512921396005706,0.034543697610916524,25.098561466616765,71.62300815655624,80,45.5458712984572,2,358,0,
2024-12-23 14:59:48.949524600,3.623286119012093,31.620482992230603,70.15615135124442,12,1.2690531820350481,0.9177610424344775,28.422269304472273,83.57490228019691,40,86.4339967008416,0,358,1,37.306566451664175
2024-12-23 23:45:35.465029768,10.5889974609222,13.358003876186084,37.2573182854125,12,0.7409531300119536,-0.5281000520230945,25.506526505998437,76.71491010214487,10,87.96875464905284,2,358,1,25.00217243510796
2024-12-24 08:31:21.980534936,27.85549445909374,33.58122024484227,89.3043578341194,12,1.7767783516591895,1.035825221647236,26.06060752861626,74.90028249128683,40,95.46439844308007,0,359,1,6.276379571251859
2024-12-24 17:17:08.496040104,20.495292660963994,23.321964274325396,43.239181532190855,12,0.8944530438265558,-0.8823253078326337,26.276359573330826,69.68823720844844,40,79.87576062462972,1,359,1,26.345273173404863
2024-12-25 02:02:55.011545272,14.52711024747378,27.48755268323277,94.49619385881383,12,0.8547239249671481,-0.039729118859407664,25.587551488282685,67.34716376668062,80,100.0,1,360,0,
2024-12-25 10:48:41.527050440,15.532813434137013,21.926803139261345,42.616173788328396,12,0.9616780558706695,0.10695413090352135,26.74093359686773,75.1532648002219,40,63.14089983717116,1,360,1,36.508518096297564
2024-12-25 19:34:28.042555608,10.935796839216732,12.223273676938826,36.02938190482643,12,0.8281986892178874,-0.13347936665278204,28.551957965825697,72.14028530155448,40,72.93422172907783,2,360,0,
2024-12-26 04:20:14.558060776,3.0149281329727016,13.145809511470574,33.15477037324119,12,0.8763741162641856,0.04817542704629818,23.943666158090423,65.76090833122802,10,85.79614632323238,4,361,1,31.376456043099218
2024-12-26 13:06:01.073565944,23.772550921950906,28.194595955669357,47.249502204029966,12,1.3475510614329649,0.4711769451687793,27.185350939799378,64.83232924316113,80,68.86402367057775,0,361,1,21.0787214028264
2024-12-26 21:51:47.589071112,11.108842174200689,14.32769056108764,31.174070990875975,12,0.7821906976260846,-0.5653603638068803,26.53228749550368,67.58242166686367,40,70.3733508763338,2,361,0,
2024-12-27 06:37:34.104576280,8.219824878863804,10.793115411615641,39.68383623462539,12,0.7456644903898112,-0.03652620723627342,26.475136450866305,81.44005370988494,10,96.89064215330352,4,362,1,21.025414112531248
2024-12-27 15:23:20.620081448,1.1764619788426465,3.4099894316362125,6.592005756066135,12,0.4938165499362751,-0.2518479404535361,27.890916066555338,83.36084344367083,80,44.72082745384655,1,362,0,
2024-12-28 00:09:07.135586616,5.924977233839371,8.535221777134984,15.787529399438018,12,0.5209210153829913,0.027104465446716186,26.22541976967339,73.2785955750227,10,73.4458822749439,5,363,1,31.30765327205168
2024-12-28 08:54:53.651091784,6.168498248029955,12.412308859431862,30.65379359225519,12,0.5699004662345935,0.04897945085160216,27.066861651095167,72.95752023577397,80,59.9651442396757,1,363,1,29.70015933872226
2024-12-28 17:40:40.166596952,19.992531918569643,18.213705124197336,47.73430892518688,12,1.2875644679000482,0.7176640016654547,27.517691168641996,70.4903219598518,80,64.45714234331376,1,363,0,
2024-12-29 02:26:26.682102120,7.910868989857644,11.858280934012207,36.448352739677524,12,0.411167203551847,-0.8763972643482012,25.056771224025244,67.4585765080254,20,77.0549602941681,4,364,1,34.97321720189595
2024-12-29 11:12:13.197607288,4.786820564475785,4.711692415591207,19.82640337037825,12,0.9663250749344388,0.5551578713825918,26.643389554005946,78.96594055279292,20,67.53208228166432,2,364,0,
2024-12-29 19:57:59.713112456,37.63617160352339,35.75444808114743,68.06863694346649,12,1.5416690677614957,0.575343992827057,25.522950077416926,81.41693255316206,20,99.0659963172589,5,364,1,16.460562453666324
2024-12-30 04:43:46.228617624,1.1734379962675852,4.016343981802895,29.51108515337918,12,0.4091304784649486,-1.1325385892965472,25.738646403611124,67.5409244969054,40,72.77239003672648,0,365,0,
2024-12-30 13:29:32.744122800,5.49130698651335,19.623997746344962,55.89133036241523,12,0.9540179753331706,0.544887496868222,25.339354213260634,71.55276212031158,10,91.96890238770945,4,365,1,24.73765612982464
2024-12-30 22:15:19.259627968,0.4293325830688141,2.834781337253458,23.103454600477765,12,0.8339777818633343,-0.1200401934698363,26.905087590041386,69.67652206014439,80,54.66148851263353,0,365,0,
2024-12-31 07:01:05.775133136,13.467049496631457,21.488826532524257,68.38921629656886,12,1.2077557435786632,0.37377796171532895,26.10564906879184,69.78352392718578,10,100.0,5,366,1,22.81273945696039
2024-12-31 15:46:52.290638304,25.01970031163878,25.263191193615132,71.31483118075852,12,1.3533963280409051,0.14564058446224193,26.710864042684108,77.77309322525083,40,78.32105359941869,1,366,0,
2025-01-01 00:32:38.806143472,3.2855591491401936,4.361535561618418,16.05480924577436,1,0.8266992365433553,-0.5266970914975498,25.866141387343188,65.24254449943876,20,68.76593372670222,3,1,1,40.96752236712827
2025-01-01 09:18:25.321648640,19.543372955128294,19.33317766397996,53.41509039660659,1,0.7408997203135923,-0.085799516229763,22.672318404751426,74.09346931406569,20,82.5418562973555,2,1,1,25.265961850409177
2025-01-01 18:04:11.837153808,3.4561946791829934,5.789259665352571,34.865421438607555,1,0.522650381939556,-0.21824933837403626,25.922666117885097,75.36104910790068,10,79.54394458030278,2,1,1,31.95619635014611
2025-01-02 02:49:58.352658976,24.165397846139708,21.936446644551502,41.56424617507065,1,1.0204384113633402,0.4977880294237842,25.966358953663377,70.96781021869039,10,86.87342072641265,4,2,1,24.65219630853022
2025-01-02 11:35:44.868164144,14.022688916121695,17.489660285685208,29.239445185732226,1,1.200278127422321,0.17983971605898086,26.303813939490478,76.10258326530098,80,49.48085300329684,2,2,0,
2025-01-02 20:21:31.383669312,16.342777671764384,21.65578287365633,79.74709176167192,1,0.9667177783870736,-0.23356034903524747,24.610488326573673,72.33415263057756,10,100.0,5,2,1,17.920509653003563
2025-01-03 05:07:17.899174480,0.18170646414164462,0.24889988835911597,3.783587468432867,1,0.6752044395228352,-0.29151333886423847,23.386317919313914,77.64016431107044,80,35.26237334944799,2,3,0,
2025-01-03 13:53:04.414679648,32.91724972436397,40.37058677019487,82.99585518307998,1,1.6692222506869558,0.9940178111641207,27.005767634327817,63.902082164449254,80,79.52222704840892,0,3,1,22.657539604966423
2025-01-03 22:38:50.930184816,12.970790521646832,14.805395786052749,39.5174262429549,1,0.7350083810607281,-0.9342138696262278,25.188624940055792,69.72779980121392,20,76.19246748105759,5,3,1,28.230667009997624
2025-01-04 07:24:37.445689984,3.6348536139772296,7.323855330436356,14.075655015038173,1,0.5285439835886513,-0.2064643974720768,26.05759693749873,71.0711519700023,10,78.91589689324736,2,4,1,28.405288541138802
2025-01-04 16:10:23.961195152,17.684023716049076,21.429126738062727,42.24457353112091,1,1.326735279864554,0.7981912962759027,25.131446915732532,58.02769722866151,20,84.08998169755203,4,4,1,26.976344024064492
2025-01-05 00:56:10.476700320,3.3061907760731915,5.506501014186915,13.639776729855138,1,0.4660922959264503,-0.8606429839381037,25.661489465894594,65.91746256699089,80,48.120631248819784,0,5,0,
2025-01-05 09:41:56.992205488,20.616317974144167,20.12455375872909,41.70408885658162,1,1.13854541910927,0.6724531231828198,24.754276636445628,67.23769839284056,20,79.67482213892326,5,5,1,22.571937977610077
2025-01-05 18:27:43.507710656,1.194373424810942,7.593491046426567,21.445587317068078,1,0.44331412169519546,-0.6952312974140746,23.695902906426067,76.00517014358418,20,69.41065568007247,5,5,1,32.24950620983234
2025-01-06 03:13:30.023215824,12.163355000441866,21.44040498439642,45.65748140384454,1,0.8948807124696294,0.45156659077443395,26.558745061027974,67.68834674740833,80,58.64336576486544,2,6,1,32.06448148303307
2025-01-06 11:59:16.538720992,7.780483709672553,8.770093913001427,59.651646712472385,1,0.734078224529471,-0.1608024879401584,24.38424248513012,67.09057038663482,40,75.7608500591865,0,6,1,37.27332540360197
2025-01-06 20:45:03.054226160,1.0151732152650952,1.3939572951303068,8.982228587859082,1,0.3776697351971068,-0.35640848933236424,25.89757617798117,75.22677533566406,40,58.00913363432322,0,6,1,36.394547817110634
2025-01-07 05:30:49.569731336,2.7693183488830138,14.012386180399432,41.14433289411777,1,0.5034208379848782,0.12575110278777146,26.36977421248717,63.00815430841575,10,81.77365345380657,2,7,1,29.45457074942511
2025-01-07 14:16:36.085236504,0.1248160847502802,2.2729331128521517,11.7268415925879,1,0.5824803201790155,0.07905948219413728,24.354399253390966,60.69982903197639,20,65.45979610472924,3,7,1,25.380952308682822
2025-01-07 23:02:22.600741672,6.325563766602819,9.21286294323495,25.474731411899604,1,0.5496924230061706,-0.032787897172844915,23.0994150608975,69.2064111589402,10,81.1197203981438,3,7,1,25.693066984619556
2025-01-08 07:48:09.116246840,3.5848409483719443,5.932165845212461,20.359081828190185,1,0.46888696627982895,-0.08080545672634165,30.338510297400497,63.734144298997016,20,73.17520142096956,3,8,0,
2025-01-08 16:33:55.631752008,9.12192850415572,11.196553658102927,27.43876258414343,1,0.6065934779237495,0.13770651164392056,24.409939518887736,63.882570068258936,10,76.59432137495996,2,8,1,29.838235577833693
2025-01-09 01:19:42.147257176,3.527367199452367,7.48584151030512,13.245201250964266,1,0.6298241498258349,0.023230671902085387,26.69145361627702,73.75640755658931,10,76.68500415291183,4,9,1,27.3529101637516
2025-01-09 10:05:28.662762344,3.565593956246741,7.428776665642253,15.440606927211823,1,0.8343399726613256,0.20451582283549075,29.3026746200451,75.22736423137259,80,49.435225170401445,2,9,1,32.42678699299911
2025-01-09 18:51:15.178267512,13.594312228270262,15.624581297931465,36.9445363261404,1,1.2294377848071731,0.3950978121458475,26.982683796436,74.75005768471706,40,58.94861206995022,2,9,0,
2025-01-10 03:37:01.693772680,0.49340293239955363,3.483687985160824,19.553819365194062,1,0.3995213213008436,-0.8299164635063295,24.781096393479505,76.30784732380538,40,54.405269818288346,1,10,0,
2025-01-10 12:22:48.209277848,23.319623621911788,33.16688530367377,55.71120804619996,1,1.7281234841412159,1.3286021628403724,25.226856237767805,76.92784962575007,40,77.39665478903602,2,10,1,30.521451288765775
2025-01-10 21:08:34.724783016,19.123275316140763,22.903622885685053,71.24354634795017,1,0.9105607630383067,-0.8175627211029092,23.67497523519256,60.03742830520586,80,78.19250771214661,1,10,0,
2025-01-11 05:54:21.240288184,11.02032179513412,11.550469438042661,45.87817204101633,1,1.052620834948683,0.14206007191037628,27.082677217489838,72.89062852679604,40,73.85158257607166,1,11,0,
2025-01-11 14:40:07.755793352,8.994866400763401,11.19295228458499,59.75292144017256,1,0.6474875600580294,-0.40513327489065354,26.430914862715646,67.94870589534875,80,72.67873198483531,2,11,0,
2025-01-11 23:25:54.271298520,22.284288904430557,30.058939374240694,88.9748438153434,1,1.0720905178570161,0.4246029577989867,24.248605654364884,66.81779335182456,20,99.09055934446843,2,11,1,28.70134687554198
2025-01-12 08:11:40.786803688,2.0497237608398877,10.050030374468037,27.053924352199818,1,0.4925435476046004,-0.5795469702524157,23.172186649486108,73.31514568840952,80,45.583210427459775,1,12,0,
2025-01-12 16:57:27.302308856,0.8226176032410242,5.630080728400634,18.177946917481883,1,0.5622636194190029,0.06972007181440254,22.593143256978667,61.81974406513334,10,79.51150248752488,4,12,1,30.731332665816957
2025-01-13 01:43:13.817814024,2.737925400343189,3.421892259216024,8.018295488315015,1,0.704971864805746,0.1427082453867431,27.187709071768882,61.673819098959356,10,67.86238155308693,5,13,1,35.44102186375351
2025-01-13 10:29:00.333319192,15.82690235862734,25.051898454776108,59.77377719472,1,1.2010306393012722,0.49605877449552616,25.434493884633017,73.55535897385238,20,85.56027696712098,3,13,1,20.059248357934926
2025-01-13 19:14:46.848824360,0.35285543495326505,5.997477337105627,36.17070547970661,1,0.37823487900054387,-0.8227957603007283,25.602779860197554,72.7845516626186,20,82.74674451398518,5,13,1,43.49864235768974
2025-01-14 04:00:33.364329528,8.74205939219567,8.872512972626087,33.883559214936994,1,0.5656344600679206,0.18739958106737675,23.50597366246776,70.98740510774249,10,87.88727739130276,4,14,1,31.61794096427673
2025-01-14 12:46:19.879834704,53.89888108860084,65.38978826023896,131.6125710191521,1,2.048547765701697,1.4829133056337762,22.20392216774912,65.86228972510017,40,100.0,0,14,1,11.71216784221249
2025-01-14 21:32:06.395339872,19.35833743835769,23.065122138497983,53.1309148109295,1,1.0955470896750312,-0.9530006760266656,27.035210685153277,73.93911524437065,40,73.07529988225993,0,14,1,22.52974016094964
2025-01-15 06:17:52.910845040,7.369855720088178,13.146206661495645,30.912067867207853,1,0.7368280601785451,-0.35871902949648615,25.173114840045137,73.57958799240373,40,68.56064171804974,0,15,1,40.999653636725206
2025-01-15 15:03:39.426350208,0.6575623215253151,1.9534898947057917,4.267686964829318,1,0.3426510529636053,-0.39417700721493976,26.882557753211007,70.5626994414288,20,63.19369816066458,5,15,1,35.95069488661998
2025-01-15 23:49:25.941855376,17.800691543267394,24.86371527643602,60.01955509435976,1,1.1585717224423568,0.8159206694787515,24.275272651637486,64.20767260298837,10,93.93699433556642,2,15,1,15.250972194311045
2025-01-16 08:35:12.457360544,9.137402575437054,21.20091687855004,44.99705175903946,1,1.3472709819613051,0.18869925951894828,24.55255286251979,67.92613536853948,80,52.759407214015,2,16,0,
2025-01-16 17:20:58.972865712,1.2209192730281728,9.201311524510022,75.79031538233004,1,0.5154884083386334,-0.8317825736226717,26.431834085950527,74.19964385304074,20,100.0,4,16,1,31.648836426295574
2025-01-17 02:06:45.488370880,0.985584630744615,13.661254086784487,29.080270714935537,1,0.5696218692420305,0.0541334609033971,26.44898298416384,76.60452976373452,10,78.42773923087998,5,17,1,31.421182421348636
2025-01-17 10:52:32.003876048,24.038077307843388,47.72546418796999,125.20237041564292,1,1.5699485021014414,1.000326632859411,26.55846743827451,68.29398936892355,40,100.0,1,17,1,23.913558804181758
2025-01-17 19:38:18.519381216,11.06242110688051,11.988512865175121,35.27586610685695,1,0.7293702924420024,-0.8405782096594391,24.351983698466974,68.63640757030342,40,75.19139771511934,0,17,0,
2025-01-18 04:24:05.034886384,17.677703195224048,19.604759908316524,64.63889135733497,1,1.1833945593312827,0.4540242668892803,26.150531703306203,69.03442891588362,40,83.05743352283325,1,18,1,22.17378389923414
2025-01-18 13:09:51.550391552,21.117903707549416,26.846166748534607,66.07810796514966,1,1.0471112002805263,-0.1362833590507564,27.11868856166694,71.17544430598187,10,100.0,2,18,1,25.648712298935024
2025-01-18 21:55:38.065896720,8.481003370649201,18.240425094626328,69.50218619156445,1,1.2184482398747076,0.17133703959418134,24.669999757226787,66.85375106087959,40,77.62084788730367,1,18,0,
2025-01-19 06:41:24.581401888,7.286631763115787,7.480222205341217,14.942492819450756,1,0.7894898518341867,-0.4289583880405209,23.83162331784514,55.246274802928575,10,70.27119372812523,3,19,1,29.087577175187583
2025-01-19 15:27:11.096907056,5.628690420945743,25.564975457076606,77.89852878559111,1,0.7442189731743385,-0.045270878659848246,27.523153999479792,75.639162593928,20,100.0,5,19,0,
2025-01-20 00:12:57.612412224,3.8118222011338316,8.44132838483026,21.86854474886601,1,0.5429113879771243,-0.20130758519721415,23.50782892352527,78.60688551706852,80,58.18915398918293,2,20,0,
2025-01-20 08:58:44.127917392,5.702146898831338,14.451919975725023,26.5021489491249,1,0.65580218719227,0.11289079921514567,26.05473820059602,66.52957111470558,40,61.273778991039805,2,20,1,30.658485619863917
2025-01-20 17:44:30.643422560,14.86687924666726,13.554042040180256,29.681992350558378,1,1.2074279385849225,0.5516257513926525,24.658008986596524,64.21644037067863,20,72.06239386453237,2,20,1,27.35461532159758
2025-01-21 02:30:17.158927728,9.211109078171102,11.427333467910287,38.22056888797202,1,0.5447453147222683,-0.6626826238626542,21.070794728975805,68.82234931193875,20,82.59768989804195,2,21,1,34.53101830450418
2025-01-21 11:16:03.674432896,22.30481105629336,29.921940279049824,69.61805654462957,1,1.1117272898244646,0.5669819751021963,26.990190771690354,68.52848585482252,10,100.0,5,21,1,14.38991935960842
2025-01-21 20:01:50.189938064,5.85872523921944,4.926118035560788,27.22615210613163,1,0.5541035737549115,-0.5576237160695531,19.196376740270534,74.40176088454534,20,74.98549059120792,3,21,0,
2025-01-22 04:47:36.705443240,9.341736287652889,19.592891059902,56.709913204954155,1,0.8796260430006902,0.32552246924577877,20.72291428360786,69.65553804247135,10,98.56396385290464,3,22,1,32.51987495855433
2025-01-22 13:33:23.220948408,9.977924596909265,10.098510281360355,26.53502008004152,1,0.74632165622243,-0.1333043867782603,25.724922416161125,65.37741036254364,10,81.22016974713048,5,22,1,35.268072513157584
2025-01-22 22:19:09.736453576,8.957461306595128,13.560033119066702,59.21832808569226,1,0.5165039910444771,-0.22981766517795288,25.703502284049588,62.70667252059646,20,89.53147324916353,4,22,0,
2025-01-23 07:04:56.251958744,12.127908125529778,14.250886706207432,24.917229920757965,1,0.8051024928535764,0.2885985018090993,23.35330395684504,73.58509826929858,10,91.27437553362887,4,23,1,26.812748514322724
2025-01-23 15:50:42.767463912,2.7106551971661275,7.825911122202206,41.893236989685036,1,0.6125620785283509,-0.1925404143252255,24.90321816241475,72.21270416943777,10,93.96928321534729,2,23,1,31.229544818051
2025-01-24 00:36:29.282969080,7.181855969024139,12.575547381640929,25.819893343961336,1,0.6437730261809355,0.031210947652584586,19.523831089535484,74.47618175264209,10,88.37245069326056,5,24,1,17.99134754720394
2025-01-24 09:22:15.798474248,1.1006579347833083,3.061718800631858,11.985946290607997,1,0.6899854445115177,0.046212418330582206,25.97976656604373,64.2906975205996,20,61.39950134070369,5,24,0,
2025-01-24 18:08:02.313979416,4.8533873749905965,4.704518247912894,12.967933796867193,1,0.8279946157296703,0.1380091712181526,25.044398690473873,78.282079930375,80,51.963647636471464,2,24,1,44.25655695091389
2025-01-25 02:53:48.829484584,6.687806086687532,6.508005118104929,15.313935285565078,1,0.6831588329689213,-0.14483578276074893,24.4328020786078,60.3297030352646,10,80.85207002012746,4,25,1,30.450228886675756
2025-01-25 11:39:35.344989752,10.561974309192884,16.190150658131415,30.56101504728076,1,0.9192493101353177,0.23609047716639642,24.54491917435539,72.5544775271671,40,57.78252704084354,0,25,1,37.59050362340193
2025-01-25 20:25:21.860494920,30.06410131231943,33.39956732106489,56.87790916816845,1,1.0030664999871832,0.08381718985186548,25.468901709270575,59.41687287778452,20,91.13790825093973,3,25,1,18.399201395327207
2025-01-26 05:11:08.376000088,9.179197243331002,14.95647271268428,29.202241610413093,1,0.7489281175610965,-0.2541383824260868,24.40375654464499,64.97146227478908,20,72.03475012123316,5,26,1,31.939382767422334
2025-01-26 13:56:54.891505256,13.60992826356592,15.356700270128957,29.431252063993607,1,1.1267299063241905,0.377801788763094,20.692624274677787,76.68658521252026,10,76.98660765036873,4,26,1,30.261330530179464
2025-01-26 22:42:41.407010424,7.0575848885567725,9.330139375580783,26.347044928770927,1,0.6497657748910878,-0.4769641314331027,28.812585257053883,72.99666284839762,20,73.82240112602355,2,26,1,30.68970391222154
2025-01-27 07:28:27.922515592,10.054062247174016,14.361486351319902,49.26338445555625,1,0.6972437731782871,0.04747799828719934,26.800718119556816,66.06713088396393,40,77.32690518309118,2,27,1,23.494036483930856
2025-01-27 16:14:14.438020760,0.7357357849613004,0.8235540033846889,10.27812020301044,1,0.9784880409392591,0.281244267760972,21.80843339957835,66.16246023286759,80,45.89710044472804,1,27,0,
2025-01-28 01:00:00.953525928,2.935547238851391,5.552744186438764,32.15521575871498,1,0.9780538246805764,-0.00043421625868267366,23.667265420509278,69.21819031710213,20,75.53191495512871,2,28,1,31.499097947929414
2025-01-28 09:45:47.469031096,4.491867607094905,23.118038964162746,50.46913988681031,1,0.914532724279957,-0.06352110040061942,23.864699939208847,71.24424159284547,20,83.58164325111349,4,28,1,23.973567700269747
2025-01-28 18:31:33.984536264,6.395938165672087,15.914881095275106,50.933344853772724,1,1.0148496965622023,0.10031697228224523,26.473707535380974,74.88991371813958,20,97.79961247359414,5,28,1,23.81427055937292
2025-01-29 03:17:20.500041432,0.4672348400234121,2.5380852463318417,14.842411815953714,1,0.08953846567217111,-0.9253112308900311,19.976722623844445,66.30935096592547,10,71.50835896533363,4,29,1,35.58222681691971
2025-01-29 12:03:07.015546608,1.508509105379972,5.915764709376349,20.04640873508891,1,0.43181754107562165,0.34227907540345054,23.276508431308454,60.49012460290007,40,64.38781427933047,1,29,0,
2025-01-29 20:48:53.531051776,3.2408925410334115,12.90899522925141,33.632311555841234,1,0.5999162284785521,0.16809868740293044,20.732529276807288,69.2924474622084,80,56.893270632365535,1,29,0,
2025-01-30 05:34:40.046556944,35.58998899231591,45.38658840960245,111.79645120427514,1,1.6184696441689537,1.0185534156904015,23.662901436613495,66.17903074899837,40,100.0,0,30,1,15.29520302349236
2025-01-30 14:20:26.562062112,4.02490048644112,3.391306020634407,25.89835282546614,1,0.516422265740374,-1.1020473784285798,23.26739445197525,61.92162395254787,40,62.70718115959017,0,30,0,
2025-01-30 23:06:13.077567280,6.5785930262875105,5.90448233869153,26.49909332212899,1,0.18061142560939614,-0.33581084013097784,24.35110197124935,69.87177224953183,20,66.28488347312141,5,30,1,33.64201184278643
2025-01-31 07:51:59.593072448,2.18277550445643,5.946016941320265,15.93699812771512,1,0.6803206032440432,0.49970917763464706,22.96129682840258,67.27652248237796,80,44.99104702982329,2,31,1,31.724082753568887
2025-01-31 16:37:46.108577616,9.436107251399159,26.052832611199392,69.00127040688852,1,1.0579812967960986,0.37766069355205545,22.648345188060105,69.83334497403128,40,84.26596357426624,1,31,0,
2025-02-01 01:23:32.624082784,3.294534279114121,8.786453893172736,16.100472092209458,2,0.9741349828320061,-0.08384631396409259,25.36906661590029,63.7872854638121,80,40.29465075310908,1,32,0,
2025-02-01 10:09:19.139587952,2.319226985492502,2.2596788944479234,7.090373773031818,2,0.4113194756993366,-0.5628155071326695,25.0184752552722,70.65181219840157,10,76.0770995789562,3,32,1,36.599557884022914
2025-02-01 18:55:05.655093120,7.268541893244206,6.928012512183675,16.12792060381785,2,0.5406183314307405,0.12929885573140387,25.191318641536046,61.59155292818424,20,63.24515509735126,2,32,1,38.102190484222284
2025-02-02 03:40:52.170598288,0.05521011937309772,7.438498761167139,26.62425362541509,2,0.03949229280623967,-0.5011260386245008,23.714129960994534,63.99720333546952,10,76.05352202263978,4,33,1,31.687073120451707
2025-02-02 12:26:38.686103456,0.07693552270400301,9.273788973079869,28.11525758116116,2,0.5355632328667015,0.4960709400604618,22.90387752847032,66.88013823040501,80,48.655540111438725,1,33,0,
2025-02-02 21:12:25.201608624,2.472682368674306,7.248433089271346,30.993453753657647,2,0.8021603344786339,0.2665971016119324,23.7890910060278,76.76268401493725,20,86.37649768600626,4,33,1,32.12596886761593
2025-02-03 05:58:11.717113792,0.37412565838195827,5.560042814184112,9.11799912294171,2,0.44072936887093633,-0.36143096560769755,25.008578474521713,71.9366355115121,10,64.66867885212666,5,34,1,41.23789544321562
2025-02-03 14:43:58.232618960,1.1431801916276623,1.2541510005648888,9.670571340222683,2,0.9640940775469318,0.5233647086759954,19.632170744586077,73.3574228143985,20,67.0159011139603,3,34,0,
2025-02-03 23:29:44.748124128,4.137906434050309,12.171933406944012,33.065580494114,2,0.6531584955925416,-0.3109355819543902,24.753447627602263,75.01583270043682,10,82.77460889196055,3,34,1,33.331312556296005
2025-02-04 08:15:31.263629296,16.224506094256462,25.82671483378496,51.60812908039371,2,1.1121557270806899,0.4589972314881483,24.56301193009038,85.90363178989594,40,74.05342368260905,0,35,0,
2025-02-04 17:01:17.779134464,8.487457425913128,8.324668572765692,24.624791712994416,2,0.48037521812960066,-0.6317805089510893,24.0485676841066,68.05647708166246,20,75.33205049989887,4,35,1,27.309796080883068
2025-02-05 01:47:04.294639632,7.188091009880626,14.10769487042637,29.77797254767581,2,0.842282837936932,0.3619076198073314,23.60518823205963,74.90963476725524,80,57.6630798480325,1,36,0,
2025-02-05 10:32:50.810144800,3.4741625703664742,5.230155888819908,10.452902967266517,2,0.2259208513249895,-0.6163619866119425,18.75114475422718,72.8299433241937,20,61.8229693878243,3,36,1,39.311125034853845
2025-02-05 19:18:37.325649968,26.84632343586216,26.330952812528906,46.56361379094426,2,1.4389755878451613,1.2130547365201718,22.98326505533125,72.70610567960175,80,56.49268686230566,1,36,0,
2025-02-06 04:04:23.841155136,5.058630265746683,6.253374956161119,20.300412828024417,2,0.8085919901236273,-0.6303835977215341,27.421457022663468,76.55635729121835,10,83.2609112825154,2,37,1,31.536630486019217
2025-02-06 12:50:10.356660304,0.9112101011657558,1.8867220831593727,6.2072120974684735,2,0.808949707722211,0.00035771759858371777,23.848010532193683,65.54785072719176,10,75.86549201378095,4,37,1,34.5108554098702
2025-02-06 21:35:56.872165472,9.59893976209954,11.234093473185128,20.49800917812471,2,0.6003259862203043,-0.20862372150190667,23.187277283505953,65.11028880202888,80,48.82415704512141,0,37,0,
2025-02-07 06:21:43.387670640,1.2085594487066291,4.10613698970589,11.355484376858552,2,0.5973449825306754,-0.002981003689628947,23.81533940839909,69.16188160184703,10,77.88746410747117,5,38,1,34.87153284853272
2025-02-07 15:07:29.903175808,4.234607774232656,8.453731690458694,15.982115817708483,2,0.781992784266541,0.1846478017358656,24.47076420434939,66.60893807457731,20,65.76191050397657,3,38,1,23.96871071867091
2025-02-07 23:53:16.418680976,7.0808202971974605,9.854314991575803,18.416310948927,2,0.8286158835257693,0.04662309925922836,25.05857215642805,69.0743675990891,10,75.07296764928955,5,38,1,30.886082881113218
2025-02-08 08:39:02.934186144,20.732410022989164,23.264855800882223,51.763949427398046,2,0.9742369034416353,0.14562101991586596,23.262906646958584,75.255077871814,80,65.9017856193044,1,39,0,
2025-02-08 17:24:49.449691312,6.80322924655953,8.112992211112662,26.548069983082335,2,0.23879812913108905,-0.7354387743105462,24.550263946356996,65.01011586960786,80,55.86919869699876,2,39,1,42.43732869628148
2025-02-09 02:10:35.965196480,12.115305120925102,19.000131093618844,52.34344710896932,2,1.0016994727315867,0.7629013436004977,27.033506932863144,65.8370158417122,40,77.71797490224682,1,40,1,35.97217775883606
2025-02-09 10:56:22.480701648,49.3601574197811,52.055838793612565,142.22788777050707,2,1.9772616006697639,0.9755621279381772,25.672510684457517,68.19157318881706,80,100.0,1,40,1,13.313087185254375
2025-02-09 19:42:08.996206832,1.4097516591598156,3.1570486495408523,19.900401422907898,2,0.44643140108631674,-1.530830199583447,28.320436802636927,66.1380806117201,10,76.14730634500832,3,40,0,
2025-02-10 04:27:55.511712000,3.212133830469017,13.012603250568613,28.70659672390199,2,0.8471577818581597,0.40072638077184297,22.306146820814917,57.66934593496926,80,62.262703985742256,2,41,0,
2025-02-10 13:13:42.027217168,5.01826364836475,12.806118219178881,25.53619987144472,2,0.7194425475281971,-0.12771523432996257,26.951941954148232,64.29848766479371,10,81.05619565902924,2,41,1,32.47993712629373
2025-02-10 21:59:28.542722336,5.47884185521464,14.447448855195361,47.84959809397262,2,0.49021231510268654,-0.2292302324255106,21.998115649295812,70.59579206946952,10,93.33022078960335,3,41,1,35.564637727878534
2025-02-11 06:45:15.058227504,5.293648774062828,8.878498571068564,22.55844331404736,2,0.3083675033726979,-0.18184481172998862,24.26652015389844,74.30650947549825,40,54.68594211093434,0,42,0,
2025-02-11 15:31:01.573732672,23.817473827119144,22.44749772912973,48.810710077539746,2,0.9750318008070472,0.6666642974343493,25.00429114392077,61.30558333320052,10,93.43607925728345,4,42,1,26.03084947102512
2025-02-12 00:16:48.089237840,12.518776161694253,17.369439119442788,36.336142612650065,2,1.4026723733816704,0.4276405725746232,22.497759572439993,61.24221591634366,80,60.82925999058262,1,43,0,
2025-02-12 09:02:34.604743008,9.362516676317526,10.160447121570424,27.494550182956836,2,0.9334101595286093,-0.4692622138530611,23.67524437935561,67.1498006624008,80,57.55982815494174,2,43,0,
2025-02-12 17:48:21.120248176,3.7015498982939885,7.350156411145733,20.1000784260019,2,0.6852550304723395,-0.2481551290562698,25.300266245942655,56.58071275768877,80,57.85974289893486,0,43,0,
2025-02-13 02:34:07.635753344,17.360809938777113,14.606399760901796,79.06963157178728,2,0.9569480109473992,0.27169298047505974,22.03885716017826,64.69394689866851,10,100.0,2,44,1,23.54247508441653
2025-02-13 11:19:54.151258512,31.02438393798156,40.722734343710954,95.65795288052942,2,1.4782364342072538,0.5212884232598546,26.778247840980285,58.198751546013,80,89.21354241926322,2,44,1,24.243724297320718
2025-02-13 20:05:40.666763680,17.214778108650663,15.013441984388392,34.455576387338596,2,1.2278691786887161,-0.25036725551853767,20.650397036546714,73.68448707121516,20,74.9963126360977,2,44,1,22.891083403311693
2025-02-14 04:51:27.182268848,0.015663312480417482,11.683748940057503,23.51060613832864,2,0.519031607269497,-0.7088375714192191,27.279110283840755,62.95279902501595,20,68.44660102799928,3,45,1,36.12876714556191
2025-02-14 13:37:13.697774016,10.117046850671212,19.856456217208432,49.92491495742702,2,1.0162895813223671,0.4972579740528701,25.382544877377352,75.02395614725147,80,69.81370005205429,1,45,1,34.79785960161696
2025-02-14 22:23:00.213279184,0.5248914749504456,3.650632430865487,7.230368480390577,2,0.47731856374934495,-0.5389710175730222,23.18063510978053,72.28777929216386,10,78.37053599888984,2,45,1,30.979558733642303
2025-02-15 07:08:46.728784352,2.9787682322247564,9.51145346723353,23.685615151161763,2,1.042721225683843,0.5654026619344981,22.534972287636965,63.44903093173377,80,46.45774407133702,1,46,0,
2025-02-15 15:54:33.244289520,0.6136989358196631,5.399266707696411,10.27524096363296,2,0.7147243473090181,-0.32799687837482483,22.306503772466314,61.28132241186634,20,68.7530999175839,5,46,0,
2025-02-16 00:40:19.759794688,9.25824668128792,15.853340171884613,39.04669131505391,2,1.0928096982813296,0.37808535097231144,23.02925009247138,65.63395400013287,10,92.77526411450617,2,47,1,20.66842663330884
2025-02-16 09:26:06.275299856,11.602427654447604,13.515630299229556,32.88789074531195,2,0.7503229011435999,-0.34248679713772967,23.184160558041732,66.03907144098775,80,50.874900947585004,2,47,0,
2025-02-16 18:11:52.790805024,1.21588861456813,9.147225506041714,18.88958655576871,2,0.8274172498652641,0.07709434872166421,25.771945861473444,68.25372145617058,10,82.14707730183024,3,47,1,27.9371680677979
2025-02-17 02:57:39.306310192,4.842467961493605,8.80759137000669,50.786384126790615,2,0.622409787851001,-0.20500746201426312,27.179173180113406,62.60101351103759,80,60.14545976598627,0,48,0,
2025-02-17 11:43:25.821815360,6.092408857707893,19.838203950915535,44.59856607820451,2,0.842237181449883,0.21982739359888204,23.621027300495474,70.17650928598593,40,60.15281820073481,0,48,0,
2025-02-17 20:29:12.337320528,4.605334481187394,8.067137947828353,57.43571891113505,2,0.9997876032259231,0.15755042177604006,21.511444175841334,67.73204257863978,10,97.91734738710727,5,48,1,30.99830419940961
2025-02-18 05:14:58.852825696,1.289988236641173,4.6065797555479175,15.527350325212113,2,0.3633105509370187,-0.6364770522889044,22.091714319508128,64.66435701798171,20,69.05274868888101,2,49,1,48.0
2025-02-18 14:00:45.368330864,5.429146641838808,12.044004198217607,29.04404264064763,2,0.7696725210800324,0.4063619701430137,22.797481979830142,62.767123821015296,20,73.94666729590826,4,49,1,38.76008855327646
2025-02-18 22:46:31.883836032,13.910176897280738,24.256852368621637,49.97688033676323,2,1.1083731133355763,0.33870059225554394,21.083948728467238,65.36396096262814,20,99.32397425432148,4,49,1,28.89343964326107
2025-02-19 07:32:18.399341200,0.7365479050723611,4.911314155119074,10.22112485716087,2,0.6678449758127999,-0.4405281375227764,20.76687210844797,62.1650035661876,20,67.0048185747553,3,50,0,
2025-02-19 16:18:04.914846368,0.8357729556475979,1.690171397124891,4.727799444239106,2,0.4434602744655078,-0.2243847013472921,27.299604235890477,66.50289309670679,80,43.099608818613056,1,50,0,
2025-02-20 01:03:51.430351536,4.381504387364304,6.941444206693493,45.481076934756004,2,1.0742973499758373,0.6308370755103294,23.69120502710618,66.59914937652688,80,64.88849498394846,1,51,0,
2025-02-20 09:49:37.945856704,28.42594305527841,50.886240635120785,138.09109593787127,2,1.3183948903887241,0.2440975404128869,21.400373477633515,67.44181590737011,10,100.0,3,51,1,26.823210256715708
2025-02-20 18:35:24.461361872,11.043466388409175,18.200850940660708,45.08076275603072,2,1.1946549149012844,-0.12373997548743976,24.680542600735166,74.92588296839875,40,77.18777668848304,1,51,1,29.48269748985866
2025-02-21 03:21:10.976867040,11.352865116996828,17.48110594515883,44.39344427922511,2,1.1448814829098526,-0.049773431991431805,20.67137320961427,65.39390731995806,40,74.00173187049805,2,52,1,25.52840935592197
2025-02-21 12:06:57.492372208,4.492915972898056,4.224222065130892,12.456634519362122,2,1.0122782980300071,-0.13260318487984546,20.816805985212525,71.04064949753167,10,77.80417577914352,5,52,1,30.845289648613278
2025-02-21 20:52:44.007877376,9.005669785734462,11.979591772374775,22.15555082259706,2,0.4822638936968729,-0.5300144043331343,21.38354486079913,67.12719631073375,20,67.95717429696384,5,52,1,32.732068596357855
2025-02-22 05:38:30.523382544,0.10182853752543086,5.310758599638814,17.071278367039255,2,0.3813778591689547,-0.10088603452791817,26.279491103991028,64.74970757502965,40,50.71398755127416,1,53,0,
2025-02-22 14:24:17.038887712,10.108653099260426,19.91217363614777,39.071223349987015,2,1.1996834101790144,0.8183055510100596,22.44557492389221,65.30687376114174,40,67.02868122960705,0,53,1,24.708231342183314
2025-02-22 23:10:03.554392880,24.451508595398124,29.549675004806005,50.55123430372542,2,0.9091190910299607,-0.2905643191490537,18.0488275645553,65.57035103088029,10,96.68878643316218,3,53,1,22.076386072391074
2025-02-23 07:55:50.069898048,9.482290438928432,18.24390250186225,35.532692884105586,2,0.5507930535891084,-0.35832603744085234,25.333316192583215,67.22520719110514,20,75.54284904332806,4,54,1,24.796239011869197
2025-02-23 16:41:36.585403216,20.690841132375436,24.981966159616363,56.74007726815913,2,1.065974926901374,0.5151818733122657,22.28140102533919,60.991723681232955,80,69.82867446941641,2,54,0,
2025-02-24 01:27:23.100908384,12.872567929071607,14.143109974835884,33.50938264208026,2,0.9372812160542446,-0.12869371084712944,19.176364142855473,58.42365839199974,80,55.5928819367586,2,55,0,
2025-02-24 10:13:09.616413552,1.2846813702599704,3.144365854349384,10.72437316988792,2,0.8755823006784482,-0.061698915375796415,22.222866886457563,68.98395469214014,40,57.51508400807658,1,55,0,
2025-02-24 18:58:56.131918736,23.27424115981774,21.85017679983741,76.08872865336623,2,1.1469334082086573,0.2713511075302091,23.87933300284219,70.16526958217106,80,73.16024369730654,0,55,1,23.278311725709703
2025-02-25 03:44:42.647423904,0.687541617901371,4.603110066812199,15.136532682025637,2,0.43813410341324155,-0.7087993047954158,23.62655286141358,69.3650882207093,10,78.53271640043822,5,56,1,35.23858903456923
2025-02-25 12:30:29.162929072,7.634998458928469,8.979375281244554,41.123322143323115,2,0.8047717095303002,0.36663760611705865,26.396452108184427,66.37410439249193,40,67.35689033990458,1,56,0,
2025-02-25 21:16:15.678434240,1.533110102075156,2.395149018496247,23.533120527097804,2,0.6485329888853458,-0.15623872064495437,21.075292679666102,69.39777994687836,40,54.07514555289572,1,56,0,
2025-02-26 06:02:02.193939408,0.11775672614482025,8.497652506372097,49.660481384805294,2,0.6755796240206716,0.02704663513532579,22.855513863704928,69.09129237643567,20,84.00447007726076,3,57,1,32.96364950684589
2025-02-26 14:47:48.709444576,5.482406856437376,5.595598750476154,26.404788766702524,2,0.63000688304324,-0.04557274097743158,21.344219577094744,69.42486306327794,80,60.8839822524415,2,57,0,
2025-02-26 23:33:35.224949744,3.4961521919037764,4.886312995255538,21.811767278411523,2,0.227768951007001,-0.40223793203623903,19.64029647826115,61.151660426560625,20,63.61300159997586,4,57,1,46.295511168246975
2025-02-27 08:19:21.740454912,6.655329742231592,10.194287103253906,38.50178587887487,2,0.5515262680559044,0.3237573170489034,24.4771010928431,59.927333710689226,40,69.84785419140843,0,58,0,
2025-02-27 17:05:08.255960080,8.608557570924074,12.300728778768612,22.24022166591094,2,1.0792326562596601,0.5277063882037557,23.61398984453617,63.43205517872091,80,55.10799614927659,1,58,0,
2025-02-28 01:50:54.771465248,0.4472446625591256,7.746327255039172,23.48108626183638,2,0.6238219533968943,-0.45541070286276586,23.236252566558715,65.25087078660874,20,83.24069655664044,5,59,1,35.126658586317774
2025-02-28 10:36:41.286970416,1.3125204388468148,4.335968675778522,53.65793921808677,2,0.5051056717133102,-0.11871628168358406,23.503961943290854,64.09115747788567,80,64.36430469680994,2,59,0,
2025-02-28 19:22:27.802475584,8.178998397282466,15.556892549287353,53.28190705448222,2,1.0427826031133178,0.5376769314000076,21.260962994766032,55.88036574359637,40,73.48095050421955,2,59,0,
2025-03-01 04:08:14.317980752,4.203260161910579,9.4770386946674,50.24918985613712,3,0.452812263711096,-0.5899703394022218,20.602087246972346,73.83541790389316,40,69.29113394837223,2,60,0,
2025-03-01 12:54:00.833485920,13.062768385614582,11.941013375351039,44.04255046679046,3,0.8355958747232005,0.3827836110121045,22.67038278911962,63.81994614513312,40,77.72385690762633,0,60,1,38.302765959163935
2025-03-01 21:39:47.348991088,10.563912212517101,10.925904095292758,47.367292740587516,3,0.8480889662380771,0.012493091514876542,24.899163697356677,66.01700386795167,10,89.34657472409839,5,60,1,21.947341704424694
2025-03-02 06:25:33.864496256,18.682368994973682,20.411379029527325,47.813406782854855,3,0.9894856695358211,0.141396703297744,25.774590557906198,71.3396175278135,20,82.05372123255067,3,61,1,30.620075372537272
2025-03-02 15:11:20.380001424,11.792568641026975,13.99917419313156,46.465300968799916,3,0.8959956793321748,-0.09348999020364623,24.13103996317841,53.35548775152107,20,73.98796109754367,5,61,0,
2025-03-02 23:57:06.895506592,5.619980086040062,13.057414992414076,32.64707646484251,3,0.7054349653605889,-0.19056071397158592,22.58030485439599,62.48544264216105,40,70.74339744581388,2,61,1,34.54965350687991
2025-03-03 08:42:53.411011760,11.17693041105615,15.452457666023129,63.15824332691621,3,0.5981945753241793,-0.10724039003640962,23.043348819562475,63.07197555362619,20,97.37041306734822,3,62,1,28.66249051003159
2025-03-03 17:28:39.926516928,3.221095199801293,6.056116977241426,29.24209747724148,3,0.6612786501442512,0.06308407482007194,22.508837467033516,63.28974926951231,40,68.84992405654256,1,62,1,28.111414864465978
2025-03-04 02:14:26.442022096,3.657351478809945,4.705480210698219,29.1321481677155,3,0.3545314733806076,-0.30674717676364366,20.415676002662785,64.06769241055352,20,66.53944767708917,5,63,1,38.4189385148609
2025-03-04 11:00:12.957527264,15.558268158503171,15.861745315182883,42.37776548905612,3,1.0029058413412368,0.6483743679606293,22.498814835786504,72.13471415095505,80,64.22463794842459,0,63,0,
2025-03-04 19:45:59.473032432,5.913481289156753,10.930931051750221,22.518863164947398,3,1.002406101130659,-0.0004997402105777482,19.761868621902646,68.23033889279539,20,62.896079658853694,4,63,1,43.91712379544443
2025-03-05 04:31:45.988537600,16.013722302693466,17.090708664672704,29.40589825720599,3,0.9349768932453855,-0.06742920788527362,22.165415078997512,69.61731540555134,40,64.99315063892419,1,64,1,31.669715638573102
2025-03-05 13:17:32.504042768,17.283474342218728,18.99531112818996,64.00914518303298,3,0.8013259721320771,-0.13365092111330834,25.66787243813744,65.02692579294421,20,93.02996049143547,4,64,1,26.266661669795297
2025-03-05 22:03:19.019547936,19.488508322579456,20.459340924570235,54.96773459155422,3,1.0689660130562955,0.26764004092421834,24.02351907428017,57.758736026699424,80,69.03478338631844,0,64,0,
2025-03-06 06:49:05.535053104,24.84529550993177,27.905558069542153,62.28345015327482,3,1.1095672692783505,0.040601256222055015,20.513746711643872,54.321484984503826,80,73.81490773982476,1,65,1,25.277715204748716
2025-03-06 15:34:52.050558272,5.638488706998093,14.102234761038204,32.47958331747351,3,0.8726939222766378,-0.2368733470017127,22.197357744669635,57.03739315175024,80,56.199623640940395,2,65,1,37.16377568271885
2025-03-07 00:20:38.566063440,3.839974241431472,5.55938027487236,27.600188552935204,3,0.6027955380727823,-0.2698983842038555,20.655740728700952,66.44781522525095,40,53.987946712824844,2,66,0,
2025-03-07 09:06:25.081568608,8.727494298500833,12.147813003736987,42.18076415882881,3,1.1379806663403012,0.5351851282675189,22.18179025969706,64.77248415559114,10,93.76598712341207,2,66,1,34.94045816330417
2025-03-07 17:52:11.597073776,4.6389818297259,23.088876353643464,52.50578484141728,3,1.0562663192664203,-0.08171434707388081,24.371405158867542,63.527560813856795,40,76.74093312634737,2,66,0,
2025-03-08 02:37:58.112578944,9.189797610752633,12.932974708583494,40.33129263948905,3,0.782509598404607,-0.27375672086181335,23.577624727641872,62.70033316834345,80,55.652547362888356,1,67,0,
2025-03-08 11:23:44.628084112,12.227678723694611,17.095832274119456,47.12408474118847,3,1.058633710809705,0.27612411240509804,27.222364241828284,74.56676003788895,20,75.7150552649112,5,67,1,26.800937256633016
2025-03-08 20:09:31.143589280,11.660510706740872,13.828258617153326,29.993882905874983,3,0.7928455184737816,-0.26578819233592343,24.62154632661428,60.3586650883159,80,62.697052382559285,0,67,1,32.912790720419096
2025-03-09 04:55:17.659094448,4.692885042407799,8.673289843825998,13.190941429128964,3,0.6873819763194498,-0.10546354215433185,22.62715624394964,69.07740824416882,10,82.7519734060179,5,68,1,32.46788802714746
2025-03-09 13:41:04.174599616,1.8255382580481638,2.3456044594951395,21.850734826121894,3,0.48767997048585227,-0.19970200583359748,23.556068215325276,64.41310121422235,10,84.45515444959821,4,68,1,32.07706099870455
2025-03-09 22:26:50.690104784,5.63048013597861,22.458951366412837,49.258430863033055,3,0.9904903083536424,0.5028103378677902,21.77954383430423,64.06416280641182,80,61.24771587534301,0,68,1,33.886446365954825
2025-03-10 07:12:37.205609952,1.5384389498610052,7.877549708116858,26.600958749813323,3,0.8961419314203043,-0.09434837693333809,19.91213303887377,70.21747080917724,40,50.71550161384907,2,69,0,
2025-03-10 15:58:23.721115120,22.081574405370667,31.76682795426209,79.69150959144527,3,1.419029409088263,0.5228874776679586,24.761455778309195,71.61245715692553,10,100.0,4,69,1,28.072926515485438
2025-03-11 00:44:10.236620288,4.2446057617394,10.116098203013042,25.222496487555222,3,0.8704404175219896,-0.5485889915662733,24.150696705271006,63.067680218391224,80,54.444682113052984,2,70,0,
2025-03-11 09:29:56.752125456,1.677795035251999,5.858967814257383,39.396245820417164,3,0.7767522662947597,-0.09368815122722995,21.633466794675506,68.22716404393759,40,67.8248113648477,1,70,1,31.403462064124128
2025-03-11 18:15:43.267630640,0.2577715439667666,3.241822869014206,7.414312189458853,3,0.6478248440364194,-0.1289274222583403,22.64635881387612,66.01643149077715,20,69.33118762821881,4,70,1,37.55297768005823
2025-03-12 03:01:29.783135808,10.379567580206073,19.714269859418355,50.78080308935523,3,0.6768768183562515,0.029051974319832086,24.563328774650266,64.20008649381087,40,79.63038921449187,1,71,0,
2025-03-12 11:47:16.298640976,10.1308338299682,27.331987926926764,56.44181787530519,3,1.3161308597519317,0.6392540413956802,23.757167555005584,65.1502041184722,10,99.10138637880684,5,71,1,26.9818140547867
2025-03-12 20:33:02.814146144,4.164312671107416,7.1939861381431225,12.23947009001423,3,1.0161082801432646,-0.3000225796086671,19.121328043881498,60.655017018537606,40,56.29502713436269,0,71,1,33.76630905025153
2025-03-13 05:18:49.329651312,0.7441312977627452,14.290222572141666,33.520572755211944,3,0.6110089310139979,-0.4050993491292667,22.517888271546187,62.53079949047766,40,67.01512496560439,0,72,0,
2025-03-13 14:04:35.845156480,5.270039481117462,10.613140479421599,25.923504161096126,3,0.6373926113733288,0.02638368035933092,21.678554994587415,61.12445969236475,20,76.3614514447218,4,72,1,35.4778219957547
2025-03-13 22:50:22.360661648,3.728297255282833,7.217047090391217,29.43112477734374,3,0.7692187465926438,0.13182613521931497,24.22304169114937,68.50096416788861,80,50.42818065595693,2,72,0,
2025-03-14 07:36:08.876166816,11.304765231587016,13.64777454629229,39.470813226939185,3,0.9727356171313642,0.20351687053872047,24.04240074263323,63.4846249524305,40,71.86532222239478,1,73,1,31.855937899873165
2025-03-14 16:21:55.391671984,9.308442460058355,11.95535146155505,25.284401149735025,3,0.7653331500661138,-0.20740246706525045,24.60085891215996,57.43871638853255,20,68.03924585251956,3,73,1,27.692905376719075
2025-03-15 01:07:41.907177152,4.534906865588917,5.399975170656576,9.549529032490844,3,0.3946927579008233,-0.3706403921652905,19.711235880360622,60.27686299978663,10,81.4575403750066,5,74,1,34.1051818683372
2025-03-15 09:53:28.422682320,2.457631492242483,3.784132603711325,17.359926394834687,3,0.6481341940319183,0.253441436131095,20.36223639473207,47.8645956996282,80,51.34060605529352,1,74,0,
2025-03-15 18:39:14.938187488,44.2585030936453,44.65346742740513,105.97884790615197,3,1.9419920437820664,1.293857849750148,24.14211313404925,61.355433514146,10,100.0,5,74,1,10.109127145596867
2025-03-16 03:25:01.453692656,6.0513927246529375,8.504410822929962,21.90579378766736,3,0.8512361923301178,-1.0907558514519486,20.71419961381538,63.98320781448629,80,51.35587601398243,0,75,1,29.548340241720354
2025-03-16 12:10:47.969197824,11.656314385193248,15.507226423299198,33.20336724120772,3,0.9580571064076985,0.10682091407758065,18.838222738128028,63.081498155578416,40,62.33275172046366,1,75,0,
2025-03-16 20:56:34.484702992,1.5146608209468253,21.10227136807076,56.532761818547236,3,0.6870929004272621,-0.27096420598043636,22.929933891365586,73.63025358993187,40,85.7869450977776,0,75,1,33.393094623621444
2025-03-17 05:42:21.000208160,6.647340822689206,9.432118116084604,24.2635531511808,3,0.9260684055158859,0.23897550508862375,20.7540112995393,66.57142656471767,80,60.246156497946444,1,76,0,
2025-03-17 14:28:07.515713328,0.2792296242292531,3.2382227987356162,7.722999659264783,3,0.5511365199851249,-0.37493188553076096,25.4117923184368,66.31668082108575,10,77.34261824244663,5,76,1,35.184811063276236
2025-03-17 23:13:54.031218496,7.0411736947070205,6.488330976602196,21.925750876818093,3,0.6127221807872183,0.06158566080209338,22.40839810245114,55.415712816097034,10,88.74615827668192,2,76,0,
2025-03-18 07:59:40.546723664,33.24719988512149,31.980682958931325,67.63346220548863,3,1.4486201508825989,0.8358979700953806,22.12042168743115,61.77659595770998,10,100.0,4,77,1,26.78568971138348
2025-03-18 16:45:27.062228832,4.8484394479474195,12.031651905448435,42.42991735862638,3,0.3680915015184363,-1.0805286493641626,21.045345636741725,61.134352803328,40,75.03252151518717,0,77,0,
2025-03-19 01:31:13.577734000,0.39776720774783136,4.596233748197015,18.320054024706486,3,0.5174693168012189,0.1493778152827826,24.949490861950327,59.60523439415273,80,55.283649621902015,1,78,0,
2025-03-19 10:17:00.093239168,0.31445044725836535,7.463607751550374,51.66786135587588,3,0.7186123904356048,0.20114307363438588,22.468972637451362,59.50432410777671,80,65.80521270035835,1,78,0,
2025-03-19 19:02:46.608744336,4.910013626300815,5.369721052109579,13.099459573359265,3,0.719854087474958,0.0012416970393532845,20.918965234544928,54.43131377200656,10,76.90524907326636,2,78,1,28.75780718075315
2025-03-20 03:48:33.124249504,1.7438307385113085,5.770331178366669,42.89617724119066,3,0.8967127611501302,0.17685867367517216,20.131954719599126,57.060978242213395,40,76.11637162773981,1,79,1,37.92948078095796
2025-03-20 12:34:19.639754672,0.2362907708120056,1.6810352193196274,10.688071813695974,3,0.4689411848062955,-0.4277715763438347,21.557391472551885,67.77914217718539,80,48.57652573482795,0,79,0,
2025-03-20 21:20:06.155259840,14.114629041429104,18.090122127132148,55.320438796838,3,1.0606564347105667,0.5917152499042713,19.73331722029811,62.662648329249535,80,63.88291579741374,2,79,1,31.819927166601467
2025-03-21 06:05:52.670765008,6.134547044538153,5.97440024157248,13.17618590107885,3,0.8409829785676421,-0.21967345614292455,23.73069723107365,60.81387260405985,10,65.65394609418207,4,80,1,38.27744883347291
2025-03-21 14:51:39.186270176,3.414271728293356,4.037034388776566,14.201287150957572,3,1.0772271801111144,0.23624420154347225,18.04064810805868,63.287607758950756,10,76.22300326249355,5,80,1,27.291159428411643
2025-03-21 23:37:25.701775344,23.03417269321543,25.589450578012386,62.39529703487267,3,1.2455310578679604,0.16830387775684597,21.362752717192823,69.12051494122369,80,60.71307762131044,0,80,1,16.457157407795343
2025-03-22 08:23:12.217280512,1.2345542349786531,2.0947023111595184,15.624756544595709,3,0.3368006720383635,-0.9087303858295969,22.846555384193724,63.27362919241464,40,52.857291591770114,2,81,0,
2025-03-22 17:08:58.732785680,31.217225481409745,49.28381563606298,107.53847610291551,3,1.7867684166598812,1.4499677446215178,22.295093888814517,65.92358075184559,20,100.0,5,81,1,14.753088342314872
2025-03-23 01:54:45.248290848,3.7682913549052626,5.886960746374747,16.785800752721883,3,1.007380905755544,-0.7793875109043371,20.160915362531068,58.957938405183526,80,45.54968882166031,1,82,0,
2025-03-23 10:40:31.763796016,21.92867135568108,24.521346746721346,49.36104772062981,3,1.1192771525355107,0.11189624677996668,22.90068475725916,60.06718493395852,80,68.78271458113261,0,82,0,
2025-03-23 19:26:18.279301184,9.236751206847723,10.743268280262424,73.04819844115603,3,0.9603840146608619,-0.15889313787464887,19.792834646551448,64.8997112719649,40,91.71249692422933,1,82,0,
2025-03-24 04:12:04.794806352,17.52773551376384,19.073278841664386,63.33512564514723,3,1.2870331097377048,0.3266490950768429,21.50495050182325,72.5627081713193,80,74.21126642160965,1,83,0,
2025-03-24 12:57:51.310311520,41.359895960002824,44.61699504778402,110.8373245059461,3,1.9767809784719275,0.6897478687342227,22.838269929051506,70.21804786775596,20,100.0,3,83,1,14.757128173881156
2025-03-24 21:43:37.825816688,3.402469648986117,12.727469958104123,44.567011133166126,3,0.7204357970554791,-1.2563451814164484,22.445340158831577,65.9531695469714,40,75.56410784842629,2,83,0,
2025-03-25 06:29:24.341321856,32.47673665959655,50.011139995173885,141.08696924076654,3,1.5099513815010406,0.7895155844455615,20.154425500873614,63.76617584822869,20,100.0,4,84,1,14.940138038706952
2025-03-25 15:15:10.856827024,4.934473296916218,6.824129449023699,18.063945934966306,3,0.6506748508258442,-0.8592765306751964,23.8845428533802,69.9844544186388,20,69.08296137751874,4,84,1,33.48984535502626
2025-03-26 00:00:57.372332192,4.869657232099602,7.296717364019376,27.27495515461505,3,0.7620804090577119,0.11140555823186771,21.64805489491472,66.92272311911292,80,44.6551839714575,1,85,0,
2025-03-26 08:46:43.887837360,4.161021376304796,4.841535436146574,17.60280405697407,3,0.8132802867059075,0.05119987764819556,22.945830402066726,51.45136904852354,20,71.34709940684473,2,85,1,43.104328592994996
2025-03-26 17:32:30.403342544,7.795934968938802,11.449532705856015,38.01284195448798,3,0.837203036037144,0.023922749331236504,24.5032775786449,57.620496891320705,80,48.54088024064551,2,85,0,
2025-03-27 02:18:16.918847712,1.674073799118866,4.575847624697134,14.619439381581833,3,0.5032583589212333,-0.3339446771159107,23.66541506404408,64.55144955977939,80,46.40752701403742,1,86,0,
2025-03-27 11:04:03.434352880,8.067896422915673,9.51382617173649,20.98359663899661,3,0.8675721214056322,0.36431376248439895,23.65599385456528,53.896632256051525,40,63.230647199596234,1,86,0,
2025-03-27 19:49:49.949858048,7.802417880895128,8.079652464903722,22.046969100955405,3,0.9088618958155039,0.04128977440987169,21.786518908247306,58.31437307331241,40,55.43469480889615,0,86,0,
2025-03-28 04:35:36.465363216,14.350721383064958,17.55541828375553,31.836917767176722,3,1.0384906217817504,0.12962872596624653,22.97451648417146,59.27421776641101,40,70.72703868615446,0,87,1,25.05206611983485
2025-03-28 13:21:22.980868384,17.936610477084535,23.88005808216712,64.20763542702564,3,0.9302953674556971,-0.10819525432605337,21.799390027248695,61.463564225010956,80,74.63692856327155,0,87,0,
2025-03-28 22:07:09.496373552,5.806069315450655,5.803793646885769,15.80378000505153,3,0.6378781158344329,-0.2924172516212642,18.939162273997145,61.278471377976906,20,69.80601348171531,5,87,1,38.56515756613548
2025-03-29 06:52:56.011878720,3.6001372482894665,9.00838111672537,26.11505122231518,3,0.8516507114155364,0.2137725955811035,21.948977074240663,61.24137684262702,20,76.54753354871025,5,88,1,27.648083153534923
2025-03-29 15:38:42.527383888,3.002067090421373,6.982205229360407,39.17787710016475,3,0.35325983235313674,-0.49839087906239965,21.841953936082422,66.78500152341255,40,67.7929381112491,0,88,0,
2025-03-30 00:24:29.042889056,2.164458271101219,12.051916784655614,29.93901670465889,3,0.24517272879034874,-0.108087103562788,22.48249762105079,61.303958468761635,40,65.72910267111348,1,89,0,
2025-03-30 09:10:15.558394224,0.5937595780838081,1.2292459099434634,9.723826414617044,3,0.825784220689915,0.5806114918995662,21.044916576205598,60.67867039290861,80,44.912171068479516,2,89,0,
2025-03-30 17:56:02.073899392,4.192313984169898,11.265658682653928,57.956450297129834,3,0.7987859175143133,-0.0269983031756017,19.763935989014374,55.82783368436657,10,98.91548042548419,4,89,1,35.74669821021931
2025-03-31 02:41:48.589404560,3.1505010670516898,8.482399912587042,35.98139130625425,3,0.7691800209709256,-0.029605896543387633,22.585861039007213,67.66742875524264,10,84.63054026989174,4,90,1,31.872037454667506
2025-03-31 11:27:35.104909728,33.937467824296604,31.001926439369687,67.63930120862723,3,1.2734052261542177,0.5042252051832921,18.63237150824783,59.16034459576722,80,67.60699003070008,2,90,1,23.828409354506558
2025-03-31 20:13:21.620414896,8.157868496541154,13.157396128016215,26.474274621872112,3,0.9422369439042929,-0.3311682822499248,24.162687249168645,57.05494631490504,10,81.55284556448868,3,90,1,26.736998070514677
2025-04-01 04:59:08.135920064,4.266024955171009,7.027327440396588,48.855721140533774,4,0.7106435110210589,-0.23159343288323397,20.76841167783057,63.52794847482597,10,92.46812103429555,3,91,1,31.745735942322494
2025-04-01 13:44:54.651425232,8.686145236225727,23.895771496944704,64.0619249310288,4,0.5958151041242822,-0.11482840689677676,21.70856913753532,58.600319274930655,10,98.34730752792994,5,91,1,30.68765448604166
2025-04-01 22:30:41.166930400,1.4988925750214477,2.09298104795847,7.995577170091346,4,0.8357643448347852,0.23994924071050305,22.32096050472045,59.77792469734314,40,58.258057494095794,1,91,0,
2025-04-02 07:16:27.682435568,5.87065673442903,10.705348289726864,22.763310767582293,4,0.7562032823095951,-0.07956106252519013,22.371618344120183,63.67278538045895,20,65.52062229451307,3,92,0,
2025-04-02 16:02:14.197940736,9.841262057820114,11.81803064821519,22.57098433240702,4,0.7357887544227004,-0.020414527886894684,18.35873860116106,60.72100128323128,20,70.42794637174731,5,92,1,24.916620483237786
2025-04-03 00:48:00.713445904,6.711857709794751,23.70229327408027,70.48857012809043,4,0.7956621377396541,0.05987338331695369,22.811412436787613,73.88452542790135,40,91.07598362185148,1,93,0,
2025-04-03 09:33:47.228951072,5.13794694855752,8.074568084848412,33.82948253195505,4,0.2804602387331592,-0.5152018990064949,21.756146371553022,61.92553471300496,40,71.46038802897529,2,93,0,
2025-04-03 18:19:33.744456240,50.91041263942461,73.3978313192723,162.28518388740235,4,2.370853885907488,2.090393647174329,19.865982984533698,65.36220260169794,40,100.0,1,93,1,3.016998145097888
2025-04-04 03:05:20.259961408,21.228900002467967,30.622956715247483,63.267138156366336,4,1.2831790086509791,-1.087674877256509,19.623906724453942,52.538011015226814,10,98.67966619131204,2,94,1,23.002080580161383
2025-04-04 11:51:06.775466576,9.765874838068079,9.654656740786969,23.325368834876762,4,0.7530480377026123,-0.5301309709483668,20.441937401675677,57.91684147200509,80,55.58412504607692,2,94,0,
2025-04-04 20:36:53.290971744,8.425231203811368,15.944708589900653,29.689798350710706,4,1.0836487514655682,0.33060071376295586,18.49943143046998,56.759261132798365,80,49.53004719046469,2,94,0,
2025-04-05 05:22:39.806476912,9.693236433199543,35.92456095356272,120.32415416067863,4,0.776338534400449,-0.3073102170651192,24.528389352534703,57.39581052460816,10,100.0,3,95,1,24.471310773244284
2025-04-05 14:08:26.321982080,2.2478503258578506,3.709373753583397,9.845190303111941,4,0.462696248779468,-0.31364228562098095,24.043165745991985,64.2194161605956,10,74.013816097655,5,95,1,36.49966276217929
2025-04-05 22:54:12.837487248,5.027545216901968,8.456460754930777,17.55202732101872,4,0.5151138609352699,0.052417612155801874,21.961341009176444,67.29370655333618,40,55.896812599519315,2,95,1,35.667241062404386
2025-04-06 07:39:59.352992416,0.40259166365760213,4.132023697399585,32.67398305885865,4,0.49361307429283735,-0.021500786642432546,20.598290499322683,63.81332718718628,40,64.5279215890067,2,96,1,40.13793381015464
2025-04-06 16:25:45.868497584,6.453976290435795,9.091573148847644,24.365318141767922,4,0.7334892623486369,0.23987618805579952,20.638087519850593,60.93138387361922,20,69.71577943339719,3,96,1,32.325528557065056
2025-04-07 01:11:32.384002752,7.831256837529745,7.46860288277144,20.026960760764837,4,0.8173138703405802,0.08382460799194336,22.535720735182068,58.884903452106165,40,55.10151132487394,2,97,1,45.882320356107805
2025-04-07 09:57:18.899507920,2.5844660545894573,4.021161730145524,28.25827108335378,4,0.522506247772221,-0.29480762256835924,24.52259883556788,67.5818888290605,10,88.41120307170584,2,97,1,23.581530059848994
2025-04-07 18:43:05.415013088,33.25037971899776,32.41703516280963,105.75856072803148,4,1.3137067989770728,0.7912005512048518,19.85357737972529,72.34501898861187,20,100.0,4,97,1,13.512529318633142
2025-04-08 03:28:51.930518256,24.01904017398643,22.731725625711288,57.70325994297936,4,1.5448994496909303,0.23119265071385753,18.746694925424766,62.63901254526129,40,79.8588126910761,0,98,1,24.851922835923702
2025-04-08 12:14:38.446023424,12.806495335237951,14.777326930674104,48.388964067065245,4,1.386231214369214,-0.15866823532171637,24.064715258550514,66.63568274307781,20,85.0133663894969,2,98,1,26.31094341355652
2025-04-08 21:00:24.961528592,7.622542630659325,16.455863527007136,41.20312316809329,4,0.8456668222596629,-0.540564392109551,17.382794004114945,63.63099410754507,20,80.87519370959676,4,98,1,32.96328978185998
2025-04-09 05:46:11.477033760,20.399836231826207,25.76116570983296,50.772257984194155,4,1.0142523083306803,0.1685854860710173,18.927718014994646,65.66708379532783,40,75.85015172237921,2,99,1,10.250061981768212
2025-04-09 14:31:57.992538928,1.4001216907623093,1.749817470739166,28.321298890519245,4,0.8405914347310967,-0.1736608735995836,20.438843498797127,56.042384677087085,80,52.63356334510451,2,99,0,
2025-04-09 23:17:44.508044096,15.63078291428235,22.090271371844416,85.43590970447649,4,0.7441669507383979,-0.09642448399269876,17.799543415190936,59.400139300891375,10,100.0,3,99,1,25.622758183761277
2025-04-10 08:03:31.023549264,1.3332662955202386,6.77687751012913,15.336821705004885,4,0.5274794360707307,-0.21668751466766722,23.132631171366246,63.79401329173402,10,81.47213466067925,4,100,1,34.66276426326663
2025-04-10 16:49:17.539054448,15.809022671741687,30.213218710185142,72.75685210718572,4,0.9790892302674249,0.4516097941966942,22.610138121734163,67.85510988185783,20,96.47033621744797,3,100,1,28.53216374853701
2025-04-11 01:35:04.054559616,3.2264289979134264,3.6437331892789433,8.503724875152628,4,0.3690588017609602,-0.6100304285064647,19.73480771207074,57.67811722481437,80,42.016590257745996,0,101,0,
2025-04-11 10:20:50.570064784,20.96307625950449,20.659666451771372,47.27940077973827,4,1.0698533431234496,0.7007945413624894,23.43176125096339,51.57857047001516,80,63.04559617622373,1,101,0,
2025-04-11 19:06:37.085569952,28.831555463501637,41.353543781182324,85.22778263108228,4,1.3173321312470632,0.24747878812361357,23.759329184105063,59.23016652238858,40,94.70199889739986,2,101,1,21.283528532890898
2025-04-12 03:52:23.601075120,1.6110342521460956,15.208422399333628,36.89281001811881,4,0.686835801865989,-0.6304963293810741,20.622687020971284,66.74871020684407,40,75.94610547174096,0,102,1,34.31512669089555
2025-04-12 12:38:10.116580288,6.211532794591166,13.066176061500215,22.524337937881686,4,0.7603278500413183,0.07349204817532928,19.936048833939378,53.755292422711534,10,74.39693124561562,3,102,1,32.012426767607764
2025-04-12 21:23:56.632085456,39.62652213142971,54.60872528452112,109.10152340163593,4,1.7143513507694095,0.9540235007280912,25.34501920178018,55.76703083193252,40,100.0,2,102,1,6.735568015001892
2025-04-13 06:09:43.147590624,6.605007924873812,6.3585906438838995,12.129134097962302,4,0.6215833936175413,-1.0927679571518683,22.256642036521875,62.40822971496269,40,61.69818523287432,1,103,0,
2025-04-13 14:55:29.663095792,19.917788752652125,24.817450336296776,65.2068329486961,4,1.1003604848352682,0.4787770912177268,21.31554443504399,61.02593399440524,20,85.16982412482189,3,103,1,26.528906561338907
2025-04-13 23:41:16.178600960,8.885090469242499,10.592017505902106,26.303642942690846,4,0.9455911966677564,-0.1547692881675118,23.518637450398167,64.55542352200402,80,52.24606708768905,1,103,0,
2025-04-14 08:27:02.694106128,4.705316212803642,6.486271318399451,16.83884635422291,4,0.6292831572272303,-0.3163080394405261,21.38413114566928,55.41690594909858,80,43.09683331169626,1,104,0,
2025-04-14 17:12:49.209611296,3.3656921906007593,11.214704455393049,47.77332544993931,4,0.8444012365231651,0.21511807929593485,19.75782711087517,59.913243594583754,40,76.03931078335482,1,104,0,
2025-04-15 01:58:35.725116464,2.271805529083864,3.225969421534959,19.50103572682154,4,0.694858401507958,-0.14954283501520715,20.918260495918517,67.49180896190231,40,57.95876320163301,0,105,0,
2025-04-15 10:44:22.240621632,14.346370292169555,17.899820141465963,36.76304198534902,4,1.080231746638199,0.385373345130241,22.824196722361574,55.529295327260286,40,67.73082565827389,0,105,1,28.18495075600265
2025-04-15 19:30:08.756126800,4.886410428023759,18.395935922955953,42.81686261415837,4,1.0592567618592295,-0.02097498477896953,16.751538862412772,68.85638147177374,10,89.3531522706868,5,105,1,27.199324719886526
2025-04-16 04:15:55.271631968,7.159562656140621,8.114291794133116,29.17837083814174,4,0.5004559951149616,-0.5588007667442678,20.148945230982704,56.112928490278854,10,88.19000258291221,3,106,1,32.05778347559134
2025-04-16 13:01:41.787137136,6.779147454089091,25.410476017087685,56.97044670098461,4,0.795051087991236,0.2945950928762744,23.48029328057114,65.67526485370392,20,89.630388153483,2,106,1,28.505944156594765
2025-04-16 21:47:28.302642304,8.610429611735501,34.70951640620724,68.44344685876054,4,1.3719635163566963,0.5769124283654603,19.679688703682615,59.54205846067367,10,100.0,3,106,1,17.77729842149974
2025-04-17 06:33:14.818147472,20.06764817913147,27.245523258136508,57.62152554575991,4,1.122344896046141,-0.24961862031055526,23.784965086906045,55.660954643891564,80,69.61387189828723,1,107,1,29.77517547057765
2025-04-17 15:19:01.333652640,39.49690791335683,41.524348793753674,77.7750812968633,4,1.1421569082235035,0.019812012177362393,23.511633690120693,58.87979686703914,10,100.0,2,107,1,25.86727688373508
2025-04-18 00:04:47.849157808,5.2354654024866685,7.411070258343723,24.523058766781972,4,0.6382263420035935,-0.50393056621991,20.540561717109874,64.06788583707052,80,50.95167010910937,2,108,0,
2025-04-18 08:50:34.364662976,17.574677418973533,20.4689903491951,50.820671012890536,4,1.0831713579040716,0.4449450159004781,19.524091231138907,61.288069707326365,10,100.0,2,108,1,25.26330551078302
2025-04-18 17:36:20.880168144,14.461623965025863,13.715697576135105,55.955414865533584,4,0.4029668315756262,-0.6802045263284454,20.07607816506842,66.89393888395209,10,91.8037336766742,4,108,1,31.41490494924054
2025-04-19 02:22:07.395673312,8.522107958446627,9.258400704323792,20.65892662713565,4,1.0298132941897602,0.626846462614134,25.96972733158467,68.459696999838,20,61.69987107271959,4,109,1,39.187875699458885
2025-04-19 11:07:53.911178480,31.246376651979347,49.065352394963526,97.75093017187162,4,1.4728385642161017,0.4430252700263415,24.379126218226702,55.34540132213118,40,89.83206224289295,2,109,0,
2025-04-19 19:53:40.426683648,2.2373687170445016,2.8999662914683824,6.260046921931025,4,0.639459660293077,-0.8333789039230247,20.870914966773462,54.95892032176825,40,42.73208286450333,2,109,1,47.835280057938114
2025-04-20 04:39:26.942188816,1.157074278197645,7.618462505418247,24.150103919774654,4,0.5541298015493229,-0.0853298587437541,19.39375851885029,54.69616237607801,40,65.44090103398858,2,110,1,35.57332333627604
2025-04-20 13:25:13.457693984,19.238881908927862,19.272738280129282,67.58688906632113,4,0.8198347371390418,0.26570493558971886,20.834157369075925,56.704170115586706,20,96.55028302957378,5,110,1,21.727437920875044
2025-04-20 22:10:59.973199152,5.7830146194747645,9.907100473800234,20.937438807042543,4,0.5006296702004136,-0.31920506693862816,21.077816079266906,66.70139705616548,80,56.50760186239924,1,110,0,
2025-04-21 06:56:46.488704320,18.771138110325932,29.336201104575697,80.91502209915507,4,0.9817682059667662,0.48113853576635257,18.093609105282493,63.96246291433608,10,100.0,5,111,1,26.284960696554908
2025-04-21 15:42:33.004209488,22.35769839287117,23.733541159916783,53.515326335457196,4,1.401623761293319,0.4198555553265527,20.730651072438118,58.41599920340304,20,90.4849704414561,2,111,1,22.365182669020836
2025-04-22 00:28:19.519714656,0.644932886875834,1.576393782514138,29.635439879697888,4,0.49915495794262765,-0.9024688033506912,23.20569690750431,61.06626356264753,80,55.10184025059547,1,112,0,
2025-04-22 09:14:06.035219824,21.49561588070323,30.4466445328616,78.0380969409218,4,1.1300056596323311,0.6308507016897035,16.95257255965082,68.12409936999723,20,99.85198096624019,5,112,1,27.190142318517488
2025-04-22 17:59:52.550724992,5.9478539866842475,13.057095352309279,31.838956672019464,4,0.5626062507387315,-0.5673994088935996,22.194929625485205,70.62357764531701,20,79.04759281275777,4,112,1,33.25400435384938
2025-04-23 02:45:39.066230160,7.142329082461058,13.559736467076203,28.14226449945385,4,1.0176739906252084,0.45506773988647686,23.281911684594192,62.36155315618327,80,50.28972349441471,2,113,1,33.9573899820369
2025-04-23 11:31:25.581735328,9.85084992085302,10.222490511065534,27.91031229874203,4,1.0920821580324331,0.07440816740722478,19.401833545565413,47.74949055127131,40,76.89140182639345,0,113,1,24.266605075072494
2025-04-23 20:17:12.097240496,26.088739595647755,30.420770180267297,66.59086889452817,4,1.5629312734569643,0.4708491154245311,23.902010849872724,62.51375414078109,10,100.0,4,113,1,23.380707342152736
2025-04-24 05:02:58.612745664,0.19301169365585844,15.825396891927134,36.51310391880081,4,0.7606016706232219,-0.8023296028337423,19.123775075888542,65.6826390492772,40,65.5980221894236,2,114,1,32.32605140365735
2025-04-24 13:48:45.128250832,6.478745639378233,20.01189297686895,39.215343435208645,4,0.8876598509303966,0.12705818030717464,21.37748332306702,62.1137975779728,20,74.15398142898758,2,114,1,25.735364453594812
2025-04-24 22:34:31.643756000,11.638615981336585,12.897600885189435,59.78971656831374,4,0.6185607648834457,-0.2690990860469509,19.872720520168635,64.60510637266572,80,69.4553374751334,2,114,1,18.96705462443692
2025-04-25 07:20:18.159261168,12.826804175451045,22.9254675530135,59.66631282246138,4,0.9366269336969444,0.3180661688134987,19.86330031584279,62.739912932637914,20,90.7444486291409,4,115,0,
2025-04-25 16:06:04.674766352,11.793856657111078,16.381400414187084,51.207726463189815,4,0.7629190966148052,-0.17370783708213922,19.23380143938865,54.76357207040016,40,80.93193953013648,1,115,1,29.430707059784247
2025-04-26 00:51:51.190271520,1.4437295559530932,4.250016637866925,34.90872007599237,4,0.20627233570078918,-0.556646760914016,21.856736653578203,56.48797921689101,40,61.61075548015455,1,116,0,
2025-04-26 09:37:37.705776688,3.5581187130977403,4.619028439511725,28.882129774444543,4,0.8287613424901452,0.622489006789356,22.14846243923021,59.29594211188384,40,65.8684996032181,2,116,0,
2025-04-26 18:23:24.221281856,4.442821224093347,7.147995519623561,13.559007929090292,4,0.5211703903996475,-0.3075909520904977,20.31335282884121,66.21146834718293,10,69.1344288424712,4,116,1,31.603248662370696
2025-04-27 03:09:10.736787024,16.318737627865215,20.360770246028913,49.007038960693905,4,1.2691708365046548,0.7480004461050073,17.713686529143455,57.037825571372906,40,76.68530744740255,0,117,1,24.79223641746608
2025-04-27 11:54:57.252292192,3.26783149176632,2.773007376384134,10.530346145764337,4,0.7694359837511702,-0.4997348527534846,21.231469193057315,63.12977088541531,10,74.72765197059191,3,117,1,30.926689842418337
2025-04-27 20:40:43.767797360,2.3661509123624853,5.433625165389804,13.857185035599624,4,0.7130028652278315,-0.056433118523338655,21.260743805854876,62.35189314367296,10,86.61199132922863,4,117,1,30.744860589184697
2025-04-28 05:26:30.283302528,31.57028868950008,33.88631296856288,83.71313285430752,4,1.5928457178282671,0.8798428526004356,19.974951763176,68.74774989729336,40,84.12655370605536,1,118,1,14.127856895540909
2025-04-28 14:12:16.798807696,0.08902797672285237,5.784604867631507,29.397972641146836,4,0.43656383179603053,-1.1562818860322366,24.134591677209368,60.591859315048424,80,61.55202822802394,2,118,0,
2025-04-28 22:58:03.314312864,61.28822993904087,61.24654974069422,140.14538377729315,4,2.709800126445893,2.2732362946498625,17.264098652826505,52.01012227387433,20,100.0,4,118,1,1.0
2025-04-29 07:43:49.829818032,11.295498544367533,23.51584150672017,65.53404888826479,4,0.9696934721451622,-1.7401066543007306,15.949298748261555,64.00208466202128,20,86.13097307209988,5,119,1,23.485957232787378
2025-04-29 16:29:36.345323200,17.6299301643837,15.135775241343419,64.39574694010938,4,1.064342692724849,0.09464922057968672,18.914186403934156,71.44198846482902,10,93.81240067769386,2,119,1,23.73140376141566
2025-04-30 01:15:22.860828368,3.490177585049206,7.829190051144611,19.4181727622783,4,0.5182801854991024,-0.5460625072257466,21.78877649512922,64.29777157822492,10,80.96084942339442,4,120,1,28.33221479009465
2025-04-30 10:01:09.376333536,0.1441872973801152,7.901713273219254,19.542476482314015,4,0.3956678265244029,-0.12261235897469946,18.248390703962098,56.78185199860753,10,73.90274418738834,5,120,1,43.000599453526036
2025-04-30 18:46:55.891838704,13.389128784347005,15.483352619848676,44.18428226376899,4,1.0180753036473116,0.6224074771229087,18.390372159710395,55.29489859763027,20,75.3504836054818,5,120,1,28.519693882879967
2025-05-01 03:32:42.407343872,17.96638936493401,17.079801843521707,41.800975723934876,5,1.0736285049216545,0.055553201274342934,22.246672289453254,55.92441506665686,10,91.91432587008434,4,121,1,17.102166674738136
2025-05-01 12:18:28.922849040,13.489066035480942,12.308762801643262,39.07344701146771,5,0.734998475545536,-0.3386300293761185,21.26212282034805,70.69061335141534,80,61.7956004351073,1,121,0,
2025-05-01 21:04:15.438354208,1.541426817102217,12.700766896655008,28.21978749480796,5,0.3701508615535136,-0.36484761399202237,21.083628022470627,59.022375203820474,80,54.30914026815561,2,121,0,
2025-05-02 05:50:01.953859376,14.001009236042542,17.34046940292138,56.51724962157692,5,0.6994402612845552,0.32928939973104154,21.884925273458844,57.33091789991544,10,97.4475290656807,5,122,1,28.728224957477483
2025-05-02 14:35:48.469364544,14.650033477280164,24.981577065027654,59.12458332558327,5,1.2820431836141013,0.5826029223295461,19.46432489275589,59.83723837796715,20,98.70683982497752,5,122,1,19.284251290694506
2025-05-02 23:21:34.984869712,10.74526247331881,13.462529464480852,35.395629939914556,5,0.7268797811811705,-0.5551634024329308,19.549468278584207,59.03033761037267,40,68.42699630116714,0,122,0,
2025-05-03 08:07:21.500374880,14.529297256924131,21.005711658914166,43.17885199471942,5,0.9328613525924575,0.20598157141128703,21.91980298956826,68.43874068782834,20,85.61788336697096,4,123,1,32.70402063375949
2025-05-03 16:53:08.015880048,18.702926746788048,29.610864153368,70.4312026269846,5,1.4602352282212534,0.5273738756287959,17.603361417247967,55.51388250253922,40,85.93021194194209,1,123,1,19.876051622082706
2025-05-04 01:38:54.531385216,9.508928243129304,16.138851837279873,35.32869222814259,5,0.627136970938102,-0.8330982572831515,16.0006684618238,66.47543246754401,40,62.17496467279787,2,124,0,
2025-05-04 10:24:41.046890384,0.9277857239491574,3.5125111042020447,12.240954610851228,5,0.4082818603775923,-0.21885511056050966,19.41259574799574,61.168788672758325,10,78.86991571493569,5,124,1,42.75582722568081
2025-05-04 19:10:27.562395552,6.687039837876222,9.154951508215468,21.977162425132843,5,0.5715369461275406,0.1632550857499483,22.13404950075472,66.5797384123851,80,47.70959465521746,2,124,0,
2025-05-05 03:56:14.077900720,0.8082979657432533,8.806891821337247,25.136729276845102,5,0.9278485737614455,0.3563116276339049,20.77664415517616,68.44414473307536,10,82.11343394822637,4,125,1,37.31920605977226
2025-05-05 12:42:00.593405888,5.2347703482533525,6.630296927386476,25.365326136276202,5,1.0696750763554146,0.14182650259396912,21.973412726243737,60.94164760556089,40,64.20967647760523,2,125,1,48.0
2025-05-05 21:27:47.108911056,5.227404730506311,7.176410388812031,23.061249238957615,5,0.8266248435786807,-0.24305023277673388,16.219629301711553,58.929117797119936,10,71.82353428504558,4,125,1,33.23595837601133
2025-05-06 06:13:33.624416224,0.6828938057355076,1.0862879216210684,13.282887860644792,5,0.6811977001617688,-0.14542714341691187,20.87668310361759,60.822273133266734,40,48.59393331086375,0,126,0,
2025-05-06 14:59:20.139921392,4.289699972993807,16.179105894083644,30.863666142413788,5,0.6315140578301665,-0.049683642331602385,21.54697353514457,60.00463569169397,10,89.97912893369471,4,126,1,35.488263869140674
2025-05-06 23:45:06.655426560,1.1765590487807251,1.5997153351180404,4.909611396413403,5,0.9289940317076515,0.29747997387748504,17.53128830716244,52.18093402607398,80,39.13607346521198,0,126,0,
2025-05-07 08:30:53.170931728,16.514857100754803,24.664768722257605,71.33572130149003,5,1.1304840801094045,0.201490048401753,21.950720659326404,68.21561282539199,80,72.58625070520071,0,127,0,
2025-05-07 17:16:39.686436896,29.505299850619984,33.47328046551743,91.96595170323842,5,1.595460854557522,0.46497677444811747,19.99737382061788,61.669748314164885,20,100.0,3,127,1,17.048539978412105
2025-05-08 02:02:26.201942064,0.7506463373245577,3.4524021138085326,10.244619156051332,5,0.5284319601303856,-1.0670288944271364,26.356975070533927,54.613107409388576,40,53.19394659241632,2,128,1,38.63118945636108
2025-05-08 10:48:12.717447232,31.036562340686856,39.33817108820509,86.45311806163436,5,1.4605064402302659,0.9320744800998803,15.853803608793452,50.078934892181806,40,95.31450093903113,0,128,1,24.0324216037185
2025-05-08 19:33:59.232952400,7.3935154938876115,6.594782584970033,22.47272024056761,5,1.046426587646676,-0.4140798525835898,22.940562692574918,48.76667174979909,10,80.98075117661858,5,128,0,
2025-05-09 04:19:45.748457568,3.5605467627860206,8.399937564938728,27.122947901604782,5,0.7631550468527691,-0.28327154079390693,19.408160210509067,64.24535499055995,20,74.55448870170464,4,129,1,37.197907600332684
2025-05-09 13:05:32.263962736,0.7997662473957208,8.120564277513125,23.94701271396791,5,0.8874760599371221,0.12432101308435295,16.956399759559048,57.28651853484279,80,48.464214405772694,1,129,1,36.14303608230897
2025-05-09 21:51:18.779467904,6.943964967713936,16.137841635708238,38.32606993002274,5,0.85132335006037,-0.03615270987675212,19.13110412609323,58.09552548592076,10,90.13100908141601,2,129,1,36.458558644335874
2025-05-10 06:37:05.294973072,15.823848901976179,15.75205545157915,42.933064379474295,5,0.8043242252706969,-0.04699912478967305,20.73436866046986,62.799591678283974,20,86.99197762391437,3,130,1,32.67777282133814
2025-05-10 15:22:51.810478256,12.278778577836498,26.108616771626654,46.42634267847696,5,0.8899931526972988,0.08566892742660193,22.248823919681517,57.767540380593964,80,60.374430258667495,2,130,1,39.26868950072651
2025-05-11 00:08:38.325983424,0.5153122949604646,5.8042663501454514,20.071311529369588,5,0.5889419578935858,-0.301051194803713,23.61238429466818,63.06953351707522,10,84.61224726604554,3,131,1,40.24954465525857
2025-05-11 08:54:24.841488592,0.7569582405825248,11.369287183702896,39.54925104521393,5,0.503531993440014,-0.08540996445357185,23.00689186418415,60.80253169543451,80,59.51682393099372,1,131,1,35.82735856328217
2025-05-11 17:40:11.356993760,5.156259312160877,9.365190486938298,27.618766098466573,5,0.4752848093870624,-0.02824718405295157,18.22707653819131,59.895033243454414,40,67.48179132912298,0,131,0,
2025-05-12 02:25:57.872498928,3.49969609380049,6.739050562733887,13.498152290305406,5,0.8776678338607536,0.40238302447369123,22.4129898738534,52.44156895018489,20,67.39293273691825,2,132,1,31.224399957051382
2025-05-12 11:11:44.388004096,2.644660917325595,15.421625148508976,65.21267385449538,5,0.5981354556668993,-0.27953237819385435,20.930135421129997,56.1964742315822,80,72.43928232675806,0,132,1,32.74477324214375
2025-05-12 19:57:30.903509264,3.299001784555116,15.104747327685363,52.1489081179838,5,0.74466605852622,0.14653060285932074,18.833349679899435,63.29778827144915,20,87.82310246937374,5,132,1,35.841930920054594
2025-05-13 04:43:17.419014432,16.27005031156716,21.43170242506649,49.04965372413363,5,1.098944748459129,0.354278689932909,19.7138100349337,56.865153369457076,10,100.0,4,133,1,30.914411989117944
2025-05-13 13:29:03.934519600,26.48292594543428,33.11261134148814,79.9502555182183,5,1.2431540072594534,0.1442092588003243,18.713106774855156,66.29243196641167,20,100.0,5,133,1,25.358189574154252
2025-05-13 22:14:50.450024768,5.193664841775336,8.679248174099499,17.446515698823653,5,0.9808256718382495,-0.2623283354212038,20.20222310616182,71.98808346454481,10,81.11591200395381,3,133,1,23.57879772577337
2025-05-14 07:00:36.965529936,23.6564206824289,21.99601225352374,71.1245675571482,5,0.9696601839428929,-0.011165487895356652,18.66405452639659,63.52866708617627,20,93.71985921069059,4,134,1,19.792997725763552
2025-05-14 15:46:23.481035104,3.8786446405724955,6.068400610761477,17.231130805639573,5,0.6905819516352188,-0.27907823230767403,18.06279963535887,67.70173502041328,10,86.46999777279491,4,134,1,35.655195044292235
2025-05-15 00:32:09.996540272,6.470978859895242,8.413520694297812,34.16157109490399,5,0.7627783254161997,0.07219637378098087,21.072529230739253,63.83221814182776,10,90.28247110210036,5,135,1,36.66364734028825
2025-05-15 09:17:56.512045440,2.5622087097278863,12.5818883738136,32.89240300396474,5,0.6662121373598642,-0.09656618805633554,21.3673410465973,57.54844978679511,10,86.8347438021074,5,135,1,34.30319173828535
2025-05-15 18:03:43.027550608,10.229744619715447,9.071101641631799,19.06574073754023,5,0.5359233861562304,-0.1302887512036338,19.730360783770667,61.211867891944905,80,48.91960200749675,0,135,0,
2025-05-16 02:49:29.543055776,38.62333967976322,46.60361642224641,142.42942362850795,5,1.9126664681904213,1.3767430820341908,22.836618160612975,70.26923583596927,40,100.0,1,136,1,19.80450402890704
2025-05-16 11:35:16.058560944,9.25061825810096,11.984588204216466,36.34980672549173,5,0.9535603812711032,-0.9591060869193181,19.576301157880106,57.57655594860341,20,75.14388297751957,3,136,0,
2025-05-16 20:21:02.574066112,4.428774286066842,7.270144715106639,17.364047191251114,5,0.5261632271541601,-0.4273971541169431,19.4875461010115,54.989553888134786,40,49.76764851426889,1,136,1,28.000584316682747
2025-05-17 05:06:49.089571280,10.436056184754838,10.49955323811183,26.745138928734974,5,0.9552140975172874,0.4290508703631273,21.410092170018537,54.50725629507794,40,63.73456746148976,2,137,1,30.234288071731317
2025-05-17 13:52:35.605076448,1.3115784425231067,2.6435938722281174,10.830192277495069,5,0.6276490448328985,-0.32756505268438885,19.820368273074077,59.08279196675375,40,61.365119004319254,0,137,1,43.53628334637533
2025-05-17 22:38:22.120581616,21.951584356663062,28.056606518707607,49.55358573889677,5,0.9634753232481157,0.33582627841521717,20.25100643059852,55.14546150187716,40,82.73333692537176,1,137,1,26.96234062774804
2025-05-18 07:24:08.636086784,6.993341822032346,18.7211475107566,51.03741256893514,5,0.6562925286339415,-0.3071827946141742,15.036811919713225,68.5254748590889,20,84.98223656729817,2,138,1,27.601286594075724
2025-05-18 16:09:55.151591952,5.966554119061018,7.699562064190107,22.48437021532091,5,0.9239829920010374,0.2676904633670959,20.107467943003563,61.22988902001166,20,71.46012342736938,4,138,0,
2025-05-19 00:55:41.667097120,8.815627605399603,11.786152578846036,40.328260835815115,5,0.8560573149248624,-0.06792567707617503,16.41611209916658,64.99963949702071,40,72.76178258048733,2,139,1,35.26044646850918
2025-05-19 09:41:28.182602288,9.80253053151827,11.235527570637286,28.695210707103623,5,0.695545297174613,-0.16051201775024937,17.625140183013634,58.64075569712426,20,73.02585825923299,2,139,1,32.61388881304089
2025-05-19 18:27:14.698107456,0.7448198725566497,11.063582021383853,61.66136144702145,5,0.4538370394304432,-0.24170825774416982,17.393020209519396,54.42634458528022,20,93.41271046546647,3,139,1,31.519262484224846
2025-05-20 03:13:01.213612624,11.4764672952438,18.52851168338286,30.61223865225069,5,0.8117357031156203,0.3578986636851771,17.975209612373792,53.573782111716504,10,84.87911057078401,3,140,1,21.413523345609192
2025-05-20 11:58:47.729117792,2.7698176589151045,6.842874570793025,24.572222620490056,5,0.5349291929106914,-0.27680651020492886,18.95946556073352,55.57438784910545,20,77.34295259619593,5,140,1,38.10416591994894
2025-05-20 20:44:34.244622960,12.515978612695335,18.77695805294651,41.84940995788888,5,0.7688965462575215,0.23396735334683005,19.08107219383997,61.84574231999543,80,64.53960754443357,2,140,0,
2025-05-21 05:30:20.760128128,17.289807139817192,25.385416582129636,63.31794078179517,5,0.7512974861409798,-0.017599060116541665,21.379578817461507,62.701471476734255,40,85.71010955240976,2,141,1,22.24067543193049
2025-05-21 14:16:07.275633296,16.294289459954793,16.50723041806324,92.11568429118151,5,1.2189607506598854,0.4676632645189056,20.492861913498743,63.11215293575212,20,100.0,5,141,1,34.182975990970824
2025-05-21 23:01:53.791138464,8.040809030749026,9.223372370647937,34.035829278503634,5,0.9471766388437485,-0.27178411181613693,16.243082247798,52.647098791958655,40,76.64755124176313,1,141,0,
2025-05-22 07:47:40.306643632,7.343231800466302,20.620172599013163,45.111856447037425,5,0.5984152716380858,-0.34876136720566264,20.209052194784952,60.082879909891325,20,84.97548793541608,3,142,1,22.950301075919807
2025-05-22 16:33:26.822148800,1.541726349642509,8.19681830551099,26.080243210126383,5,0.6400649691606936,0.04164969752260772,20.67629226977112,54.94925439874657,40,64.27659187249735,2,142,0,
2025-05-23 01:19:13.337653968,14.931945076374282,18.71337593104307,61.00430754252247,5,0.805325020294963,0.16526005113426945,19.38005469074138,62.08170528441724,80,66.69743886842637,1,143,1,30.66017416109905
2025-05-23 10:04:59.853159136,3.166432691086065,6.754471992580145,41.09479820851969,5,0.5785599291022157,-0.22676509119274735,19.912908851352494,62.464746887819054,20,80.06204000351708,5,143,1,37.665684143886175
2025-05-23 18:50:46.368664304,6.865597708997226,9.503609396317621,60.786001673243476,5,0.6633947321683895,0.08483480306617386,20.412881317169745,54.20365689761907,20,90.96489964013492,4,143,1,25.821693123337333
2025-05-24 03:36:32.884169472,3.344579966637421,7.236890380328413,17.462526640061128,5,0.553693659992458,-0.1097010721759315,21.55912774463256,64.90000513470453,80,44.79287683790906,0,144,0,
2025-05-24 12:22:19.399674640,1.436721949072962,6.887076276654301,61.864136826823355,5,0.9981946185632595,0.4445009585708015,16.877923320151226,71.74948129779462,20,89.47048268456625,3,144,1,27.266969056732044
2025-05-24 21:08:05.915179808,9.930575734759223,11.719131263826043,23.786199796602304,5,0.7277376903982068,-0.27045692816505273,19.5368912656636,64.2252293738091,40,61.0640998077861,1,144,0,
2025-05-25 05:53:52.430684992,0.5586375972591637,6.7789432329312636,18.763082564612194,5,0.417309419261111,-0.3104282711370958,23.040126926964003,59.23273926394157,80,49.661144586922184,2,145,0,
2025-05-25 14:39:38.946190160,13.808899279180803,21.61371929097307,53.884940666379904,5,0.8397988925939371,0.42248947333282616,22.854794111744617,58.4602144742487,10,88.12893538298194,2,145,1,32.21794306125673
2025-05-25 23:25:25.461695328,3.8211993255389656,4.899121967499908,14.46654765591525,5,0.8341705974661294,-0.005628295127807714,21.721449526215878,58.99383143296609,40,56.5569211244363,0,145,1,30.231801389051316
2025-05-26 08:11:11.977200496,0.001347020764026737,3.004367723544975,20.24832456310113,5,0.19965015131214325,-0.6345204461539862,21.09141665859294,56.23186534747813,20,68.23743136615091,5,146,1,48.0
2025-05-26 16:56:58.492705664,7.1565691280444526,10.057610196027408,42.1867985094938,5,0.5911829012340591,0.3915327499219159,23.325315883755582,61.294083807163055,40,70.9889785066224,2,146,0,
2025-05-27 01:42:45.008210832,0.47984992361252177,6.366000285988689,26.877347489257673,5,0.8626215693544442,0.2714386681203851,23.850108992902108,54.33651302360603,80,58.61505657553012,1,147,0,
2025-05-27 10:28:31.523716000,3.231981099097797,5.174772820945823,18.59823333845585,5,0.6651845877909436,-0.19743698156350065,19.7547071514786,50.57724532215511,20,79.56109412983396,3,147,1,33.70550848780601
2025-05-27 19:14:18.039221168,12.275024255933232,17.136541547485947,33.49183389562681,5,0.9552503016007468,0.29006571380980317,18.072543941167034,61.1208260645551,20,80.13780294603654,2,147,1,26.626429797689653
2025-05-28 04:00:04.554726336,0.6474080465882679,11.13465134996852,33.33096153651438,5,1.0507239664601908,0.09547366485944409,19.469453480558215,60.12624156049352,80,50.49336990792551,2,148,1,43.53994448827755
2025-05-28 12:45:51.070231504,18.284555642147865,17.898138304008462,47.975874144466346,5,1.0939420864727418,0.04321812001255099,26.202146043373457,57.16165994947273,10,92.26090231307049,5,148,1,19.22107190333821
2025-05-28 21:31:37.585736672,0.03827237196396057,12.13736325035263,39.51463467589441,5,0.480501847670889,-0.6134402388018528,16.868846864887942,53.60163598762483,20,82.73713388210265,4,148,1,43.825089406580105
2025-05-29 06:17:24.101241840,2.834561730914955,28.126385216911824,59.30496320707594,5,0.7815396754121475,0.30103782774125853,19.065373461264855,61.461623615217555,20,92.0689340856831,4,149,0,
2025-05-29 15:03:10.616747008,13.505568463111041,12.686899372699843,43.30118553991983,5,0.6698939011831055,-0.11164577422904198,17.180049300250705,55.05998801761968,20,86.58722144722529,4,149,1,24.356494555826522
2025-05-29 23:48:57.132252176,3.801923951197497,5.008929853483025,15.315966531811885,5,0.8773151855619195,0.2074212843788139,20.25402688874109,59.31427657164597,10,77.17122829445296,3,149,1,38.55638642826469
2025-05-30 08:34:43.647757344,1.0746538274379351,16.237089285038866,58.76261188890259,5,0.7987763129064904,-0.07853887265542903,17.5982723721565,68.83216813052469,40,77.56380472262377,0,150,1,42.87784402768249
2025-05-30 17:20:30.163262512,4.46652667564808,21.029885702565856,41.20692197765339,5,1.024512220532798,0.22573590762630746,19.785395375280007,63.26174368977141,10,99.36558100840689,5,150,1,27.97985635179338
2025-05-31 02:06:16.678767680,3.1524963848875602,3.34272812723109,9.938289939390632,5,0.8390739946799362,-0.18543822585286174,16.102037829243105,53.15879298665276,40,55.2624979865435,1,151,1,34.78940691190323
2025-05-31 10:52:03.194272848,18.49676137137029,18.94647913193168,60.84353682669515,5,0.976557862561216,0.13748386788127986,21.23688795686651,53.6290353983329,20,85.338396533242,5,151,1,24.55568382785303
2025-05-31 19:37:49.709778016,3.7592754529383976,4.175193257030378,13.633314841952252,5,0.42798687122729373,-0.5485709913339223,22.44584337634312,60.761401190533135,40,64.19232570614074,0,151,0,
2025-06-01 04:23:36.225283184,23.33365736597026,61.05277167073464,158.26913694227568,6,1.5668582417651424,1.1388713705378488,19.232859623952905,53.12489032586454,40,100.0,1,152,1,15.222576298395996
2025-06-01 13:09:22.740788352,33.366613615560425,40.342071717132825,77.94790248643969,6,1.3962007753248291,-0.17065746644031332,19.73016863369208,49.992229889515535,40,71.49872513077682,2,152,0,
2025-06-01 21:55:09.256293520,8.532580088149444,14.863398109128413,30.178675741260978,6,0.8522769579360779,-0.5439238173887512,19.673383746822733,62.662256473054335,40,68.93627166081835,2,152,1,32.30754262559646
2025-06-02 06:40:55.771798688,36.10971109741794,54.01532573094925,116.65728237447132,6,1.9887668554247893,1.1364898974887114,20.361876903901464,61.60478987850717,20,100.0,2,153,1,17.04600567240373
2025-06-02 15:26:42.287303856,7.105791158392741,5.97783672355399,19.022217951565793,6,0.6682662611935611,-1.3205005942312282,19.92366151191348,62.25299302808833,80,51.58117368550635,2,153,1,38.4667800661608
2025-06-03 00:12:28.802809024,49.896254282530734,63.71339073871658,111.00603771151927,6,2.1650580110193283,1.4967917498257672,21.536267511294852,61.31524312195645,10,100.0,4,154,1,9.586053058069716
2025-06-03 08:58:15.318314192,1.4029536271854228,3.8010445350567803,14.661647760074844,6,0.547300394649603,-1.6177576163697251,22.46623258153669,59.673755070907625,40,57.036474603825816,2,154,1,33.755370079984125
2025-06-03 17:44:01.833819360,17.424204669899826,31.19773487581454,66.80351269947894,6,1.3210069566436815,0.7737065619940785,18.37222036334662,56.68978287827867,20,92.01091348197012,5,154,1,18.068658802647867
2025-06-04 02:29:48.349324528,10.212767523467297,12.902549508498435,39.78247449228762,6,0.6997243666966724,-0.6212825899470091,19.382002098312775,62.581992998162455,20,77.20479219168188,5,155,1,40.10818302815325
2025-06-04 11:15:34.864829696,7.356739706437697,14.860006174734313,30.421758672029696,6,0.35644560354747723,-0.34327876314919514,21.804282033873534,67.65150371407384,20,82.27122649006124,3,155,1,26.959722320791286
2025-06-04 20:01:21.380334864,15.024130011079915,24.977975289550837,92.38347917053332,6,1.1444361249921828,0.7879905214447056,17.1581768619579,57.49688487893466,20,100.0,4,155,1,23.566318637800318
2025-06-05 04:47:07.895840032,18.253697139526864,20.733430118757575,72.64083680873183,6,1.2699751282397118,0.12553900324752898,16.06063197804191,54.90044803242461,40,87.9009406698979,0,156,1,27.752398451274384
2025-06-05 13:32:54.411345200,0.06559224737619619,0.3230127153036124,3.8903702853543347,6,0.5938168210522672,-0.6761583071874446,20.455353782967286,54.32984665728446,10,77.91542006099003,3,156,1,42.67191454811734
2025-06-05 22:18:40.926850368,2.739979835568135,6.34599715192487,32.89671799917511,6,0.4902134691370086,-0.1036033519152586,20.996149775163108,55.67326273937566,20,78.35556662618275,5,156,1,34.88647874427395
2025-06-06 07:04:27.442355536,18.726502969029994,18.92149465714816,48.27388234160476,6,0.8367425863148676,0.34652911717785906,18.559679380475043,61.02155213514482,10,100.0,3,157,1,26.358837125569075
2025-06-06 15:50:13.957860704,16.466533277512085,25.9639195332535,51.90092375145801,6,1.187869367238841,0.3511267809239733,18.847888164563248,49.31224272784051,10,98.76903548787365,4,157,1,21.3885140633281
2025-06-07 00:36:00.473365872,50.74189411560812,64.60837182403327,141.35013407062252,6,2.1892173911394295,1.0013480239005885,18.4858038428196,62.20822909476443,10,100.0,3,158,1,15.281434285882739
2025-06-07 09:21:46.988871040,21.47174786635111,28.975071500280336,69.42096004551401,6,1.1940271467981596,-0.9951902443412699,18.273423900658802,63.23411381017612,80,76.54465436691773,0,158,1,31.641018594252714
2025-06-07 18:07:33.504376208,45.16960632565319,43.447129633705345,104.12094629160481,6,2.202356091448875,1.0083289446507155,21.395439574086453,51.026504066040104,20,100.0,4,158,1,3.329265245799956
2025-06-08 02:53:20.019881376,18.18715804315631,21.858703218404077,56.81758733053718,6,0.8929701742109006,-1.3093859172379745,17.648712152290045,55.12351607118265,20,86.48109817820729,2,159,1,29.72606634559724
2025-06-08 11:39:06.535386544,5.308443735048972,18.628299417831922,57.710145055698966,6,1.147459273104792,0.25448909889389126,19.480012214561594,60.42052077408365,20,82.34570326848555,2,159,1,28.955057485296614
2025-06-08 20:24:53.050891712,1.6700906731805385,6.033946153909854,35.947370835528005,6,0.6000980559768373,-0.5473612171279546,18.20182200759451,59.30764003372644,10,92.74390247508055,4,159,1,34.29757013886062
2025-06-09 05:10:39.566396896,22.836788641717213,23.670597137780266,67.0805414071923,6,0.8263276488379718,0.22622959286113453,17.103440364850783,62.62622397464938,20,99.34898220612499,4,160,1,19.80562604867719
2025-06-09 13:56:26.081902064,15.498656961780375,16.875839188122583,52.0169201461278,6,0.9428910002530052,0.11656335141503338,21.755986182251437,59.32557555793396,20,87.26835412759412,4,160,1,17.139476905675217
2025-06-09 22:42:12.597407232,0.7407848167731299,6.531472683115856,34.754092222732105,6,0.7720296384865094,-0.1708613617664958,18.977678418296765,66.3585053591625,10,84.6351680131942,2,160,1,27.431530195923578
2025-06-10 07:27:59.112912400,6.695489380616356,10.562958372987778,23.005439147009454,6,0.6665283647812107,-0.10550127370529871,20.395995537321607,58.43238375774178,20,63.71413399085653,2,161,1,31.434553904875667
2025-06-10 16:13:45.628417568,47.12865768816172,42.55478913851999,110.7907746468759,6,1.5731653369007554,0.9066369721195447,17.004837583297665,55.126813752200604,40,100.0,0,161,1,8.985958840616709
2025-06-11 00:59:32.143922736,10.409246909825256,12.10537723233927,37.35038003722131,6,0.7963358041606637,-0.7768295327400917,18.539071821487234,54.72869212669159,80,51.9304382950208,1,162,0,
2025-06-11 09:45:18.659427904,8.503775626088236,18.441110799417395,53.88686958463371,6,0.6830521457375975,-0.1132836584230662,21.53717526173429,63.727341547097005,40,69.49849727912722,0,162,1,21.123202542124403
2025-06-11 18:31:05.174933072,9.179027955749984,11.279009135567183,37.962655707121385,6,0.8947335306882641,0.21168138495066657,25.201678532650998,60.20237695170534,40,68.87767021348222,1,162,0,
2025-06-12 03:16:51.690438240,3.514635888788937,5.499479731764903,13.921513100593568,6,0.77996747830695,-0.1147660523813141,16.07692692456262,63.22729761031246,40,53.141909044356716,2,163,0,
2025-06-12 12:02:38.205943408,6.899781788387552,11.375794783198286,35.39313971981726,6,0.5404995020501127,-0.23946797625683736,19.629454167875796,63.12895201305522,10,89.42311764073249,4,163,1,33.37536755563623
2025-06-12 20:48:24.721448576,6.926086266780561,8.049878937126692,19.6272365677984,6,0.5778597036837483,0.037360201633635626,20.85862889201106,49.96888612762891,20,69.01714027108983,2,163,0,
2025-06-13 05:34:11.236953744,0.8066301110414671,7.334503117952492,30.220331685962975,6,0.7408061264217418,0.16294642273799353,18.80435251657079,54.3726926409815,40,62.07699301186844,0,164,0,
2025-06-13 14:19:57.752458912,21.887339574195746,22.09666477401307,62.492313333858135,6,0.9869445835642539,0.24613845714251203,21.738169070785816,54.97512499107604,40,72.72158126328424,1,164,1,19.300779567367073
2025-06-13 23:05:44.267964080,8.080776339956547,11.35331128647008,51.06923975119804,6,0.5587170124982327,-0.42822757106602116,18.30831913048501,56.003248001152464,20,81.27017924644723,5,164,1,32.11345892931803
2025-06-14 07:51:30.783469248,25.90474259674347,33.50841975807664,99.10658076479167,6,1.1174408231563848,0.5587238106581521,20.352226221814494,57.98728516987979,10,100.0,2,165,1,15.086402828798068
2025-06-14 16:37:17.298974416,28.491640316082858,34.28527803860976,102.97640128732618,6,1.483093309299379,0.36565248614299417,19.003220528306745,65.09047664769285,40,95.36166227608828,0,165,1,9.594231540774189
2025-06-15 01:23:03.814479584,3.5737446653109375,5.505033971341971,13.976968301961659,6,0.6883567769231314,-0.7947365323762476,22.489146895733487,66.09298122156738,20,65.3432626747689,2,166,1,34.63622397010506
2025-06-15 10:08:50.329984752,16.065838852069643,32.819032409876286,121.29847737719248,6,1.0126978950643475,0.32434111814121613,18.70056302159624,58.642129904319916,20,100.0,5,166,1,23.780205859342402
2025-06-15 18:54:36.845489920,9.58789286641115,12.641420516714367,57.45957139687701,6,0.8191891417210136,-0.19350875334333384,19.3526385854599,58.85636804944214,80,67.91107196198243,0,166,1,32.34001543775219
2025-06-16 03:40:23.360995088,31.823558089535396,30.787621012451652,100.26510610327179,6,1.7497738487462506,0.930584707025237,21.95094520158871,56.591965632902365,40,100.0,1,167,1,23.298942755615958
2025-06-16 12:26:09.876500256,3.645233204494459,4.37336209087794,15.325674987740323,6,0.42182625361502424,-1.3279475951312265,18.006757499316176,60.57160812119653,40,53.531987721924274,2,167,1,41.42745510223838
2025-06-16 21:11:56.392005424,16.989356675751672,22.692875080739096,63.58949955967734,6,0.6763673625203346,0.25454110890531034,20.203689306909652,61.1449828004347,80,73.92179292693159,1,167,0,
2025-06-17 05:57:42.907510592,14.037919467646352,20.760736765697764,49.58262760227473,6,1.0793808721539788,0.40301350963364424,16.42456150796807,64.17163816569388,20,77.98452444489885,2,168,1,37.52825710988735
2025-06-17 14:43:29.423015760,5.249777930852384,11.978445553996984,33.8224032514564,6,0.7026997813766999,-0.37668109077727896,17.897290845704184,64.13850915583743,20,71.35031463374675,5,168,1,32.00656055831834
2025-06-17 23:29:15.938520928,2.2031736372103135,11.58998356562496,26.406175702496935,6,0.5179582910374356,-0.18474149033926424,20.841034386091522,48.642953413274576,40,62.637001363124625,0,168,0,
2025-06-18 08:15:02.454026096,15.817772453781426,19.399311605387027,57.33891884852176,6,1.1407646126004805,0.6228063215630448,18.099077326856996,59.39821995367333,40,82.10466488370407,2,169,1,22.63282991321889
2025-06-18 17:00:48.969531264,20.125406306782065,18.732736020203276,56.68201470174273,6,1.257680515271432,0.11691590267095164,18.995113369201125,67.08901862014794,80,72.6780050583177,1,169,0,
2025-06-19 01:46:35.485036432,5.688790359902651,18.736401339478654,35.920400190097155,6,0.35948421661682095,-0.8981962986546111,21.074305232674735,57.98569022063313,40,76.02215320583637,0,170,1,37.19336182055796
2025-06-19 10:32:22.000541600,15.527490940207473,39.761794223573894,83.38433031271208,6,1.0776481791735908,0.7181639625567698,18.93371958282188,65.88039282204792,40,89.80922078226848,1,170,1,35.08007989083367
2025-06-19 19:18:08.516046768,7.541148308720512,7.991818422417421,44.41258644972886,6,1.1942443966379555,0.11659621746436466,21.741821619373695,58.66001594582601,10,91.5687866314729,3,170,1,21.838454007275867
2025-06-20 04:03:55.031551936,18.734912562491257,24.950849303548075,44.9629386195328,6,1.2408877274449441,0.04664333080698868,20.53159475599537,61.07515569925631,80,57.31809166467646,2,171,0,
2025-06-20 12:49:41.547057104,3.332446885591065,4.892399503643661,35.30262334843017,6,0.7507936604076879,-0.4900940670372562,20.9758531406685,54.52452037164325,20,71.38248001425997,3,171,1,40.86374930927377
2025-06-20 21:35:28.062562272,33.13847092909488,39.67370461896693,63.78283671397488,6,1.7940853204978626,1.0432916600901747,22.590721803753304,54.72133842471991,40,83.03427878862507,2,171,1,19.042570946743265
2025-06-21 06:21:14.578067440,5.082727391019281,7.087549218549233,12.750152334946815,6,0.6759438050458232,-1.1181415154520393,20.75282629905898,63.85381820897677,20,62.4957186702422,3,172,1,32.61215389962871
2025-06-21 15:07:01.093572608,6.8779097278250845,8.260833260239062,18.02763741824371,6,0.8795033591772163,0.20355955413139315,23.19535012335155,64.64440248582905,40,65.17571470920831,0,172,1,40.21738524151499
2025-06-21 23:52:47.609077776,0.8977143426555912,10.060287533287449,43.02176597117877,6,0.7621695709534269,-0.11733378822378948,21.944741199521022,60.37657779789322,10,84.19895432625243,4,172,1,27.037731225529164
2025-06-22 08:38:34.124582944,1.7735156453506702,7.646420317075379,23.34468324780556,6,0.719742815428319,-0.042426755525107884,19.07995850717747,54.11610552050081,80,54.10410765302626,2,173,0,
2025-06-22 17:24:20.640088112,10.88077631982609,10.634836787071686,49.1705131629429,6,0.7595615001437578,0.03981868471543881,22.717891811072754,60.482214105096496,80,59.55656038738631,1,173,0,
2025-06-23 02:10:07.155593280,4.671277008385869,4.2464719506405295,18.224527435674766,6,0.6703020441473745,-0.0892594559963833,20.66414547471483,66.55900166918926,20,65.01002138397696,5,174,1,38.02007117448612
2025-06-23 10:55:53.671098448,27.070867616205092,39.39299934464543,68.75520821784829,6,1.3176750329092006,0.6473729887618261,19.351957180572853,68.99696554604652,10,100.0,3,174,1,18.503515982064396
2025-06-23 19:41:40.186603616,0.2220360854166256,1.71253471716911,22.34885520049327,6,0.5241289297933226,-0.793546103115878,20.70307646053872,58.70907047816434,20,67.79502541970709,4,174,1,42.236074921845905
2025-06-24 04:27:26.702108800,7.148634834820607,13.313953169123092,25.333311278597744,6,0.5424140499677896,0.01828512017446704,22.376032410112963,52.00341827137593,10,80.08773530169937,2,175,1,34.52202697780743
2025-06-24 13:13:13.217613968,6.172524170124644,8.375618224510955,43.865653770070736,6,0.5490818673930119,0.006667817425222267,21.066627771602693,64.5148931640104,40,67.87203506727752,0,175,0,
2025-06-24 21:58:59.733119136,0.2927527750481567,6.92794210351115,16.366236094184266,6,0.5186720681510887,-0.03040979924192322,23.806567109780442,58.94374740708029,40,67.10826700515935,2,175,1,42.2267009953507
2025-06-25 06:44:46.248624304,1.9921473495688304,4.837324251192954,13.8974284843483,6,0.39947510321729085,-0.11919696493379783,22.340171369738442,65.0494237156868,10,73.8612826867741,5,176,1,36.343273314937214
2025-06-25 15:30:32.764129472,8.007388582136182,10.008466959959904,43.79796008640776,6,0.6592289870932874,0.2597538838759965,21.218843984150702,61.750408959780856,40,72.15674113036769,1,176,0,
2025-06-26 00:16:19.279634640,10.18465828850988,10.636893733977939,65.71557423766511,6,0.7772769077588737,0.11804792066558634,18.125886174360915,55.93882415087721,80,71.84821911742719,2,177,0,
2025-06-26 09:02:05.795139808,7.770013248595829,9.786010920653082,28.038778696849413,6,0.8337128431113229,0.056435935352449174,19.824140396871794,60.65843265308098,10,85.12647465704602,5,177,1,28.12172273767253
2025-06-26 17:47:52.310644976,11.35529456269984,14.33187607931887,52.031450009658286,6,1.0602761124177675,0.22656326930644466,20.332601353968684,66.9202379842056,10,92.94204026999947,5,177,1,26.44718751962575
2025-06-27 02:33:38.826150144,13.562900819452754,19.7540810826052,44.08113400797828,6,0.8760419529394854,-0.18423415947828214,21.58828819149301,59.644280433278816,20,81.03648083128088,3,178,1,29.59408136890532
2025-06-27 11:19:25.341655312,0.14960085687229074,2.4575401596865785,30.27386066911351,6,0.7945883421880364,-0.08145361075144897,21.475527750214468,55.227697518113274,10,87.10669037952643,5,178,1,34.49347131384567
2025-06-27 20:05:11.857160480,9.356980049499285,9.798697360698037,39.863316992673994,6,0.9728487903220648,0.17826044813402842,20.545863228266445,52.47034397267646,20,75.61662280632203,2,178,1,33.50659449485463
2025-06-28 04:50:58.372665648,49.65633331514457,60.20603568073936,109.24219109028792,6,2.1960057894990737,1.2231569991770088,20.453487136337014,56.56475117684209,10,100.0,5,179,1,7.0165122700776426
2025-06-28 13:36:44.888170816,10.979326823772382,17.123493686806952,36.823038065013506,6,0.9215512992028411,-1.2744544902962325,21.65979004564877,58.38707120213835,80,64.33892162771491,0,179,1,34.63488660674285
2025-06-28 22:22:31.403675984,16.97674819835845,41.32351422936632,83.28988605778383,6,1.3165942746345403,0.3950429754316992,18.507876699404186,64.55009398091461,80,84.67740615968562,1,179,1,35.60075049817401
2025-06-29 07:08:17.919181152,5.606528695348206,12.071850097097492,36.54298264812919,6,0.9702593050112154,-0.3463349696233249,23.62233752120349,54.85836542634945,80,58.62087324204702,0,180,0,
2025-06-29 15:54:04.434686320,22.307731960064963,31.405505409364373,78.83248969511162,6,1.5049256252467977,0.5346663202355824,16.143312571435096,68.24405211217226,20,84.46323760653314,4,180,1,18.0765041225745
2025-06-30 00:39:50.950191488,22.236891397345197,26.778338574517196,58.06658087557028,6,1.4795105593688045,-0.025415065877993248,23.154889380859494,53.802379778824914,20,91.15474610105746,2,181,1,26.091858150426866
2025-06-30 09:25:37.465696656,11.05009389304135,29.86600316053942,126.7982561998587,6,1.0279272758416218,-0.4515832835271827,20.160206937322037,72.15858645112891,40,100.0,2,181,1,22.89247357843351
2025-06-30 18:11:23.981201824,55.954163768037674,65.91717350614185,131.71955251001302,6,2.3892484434218946,1.3613211675802728,22.26232858901831,69.1419307047226,20,100.0,3,181,1,1.0
2025-07-01 02:57:10.496706992,2.0124061092656236,4.989796370124486,19.694658797503855,7,0.8588553872109677,-1.530393056210927,20.991524068287106,61.23351764634372,20,60.36044274613784,2,182,1,42.137436431938305
2025-07-01 11:42:57.012212160,0.256393800877008,2.262222708344152,16.96311902102883,7,0.40300689611770313,-0.45584849109326453,20.96266941649036,52.30273351548955,80,50.94950193988538,2,182,1,34.88211585230193
2025-07-01 20:28:43.527717328,22.055461259396743,28.004253559661905,82.99938291916524,7,1.157468390040893,0.75446149392319,21.385949978784875,60.27776174355156,10,100.0,2,182,1,21.87101918988113
2025-07-02 05:14:30.043222496,24.68806962098919,27.639375559465012,69.61728000030143,7,1.2733624806171295,0.11589409057623645,21.90247295396481,58.634523961645975,20,95.40076273010769,5,183,1,17.010489359037066
2025-07-02 14:00:16.558727664,1.9210333031770597,12.445966049254325,42.25545551517671,7,0.8428000741519659,-0.43056240646516364,19.633708867108865,54.21130492531207,40,75.65101516713756,0,183,1,45.34113805970926
2025-07-02 22:46:03.074232832,4.630170965220523,9.142827748142537,32.39723136688309,7,0.8670661269295604,0.024266052777594527,22.368057598255216,62.051966810642696,10,83.85197477685378,5,183,1,31.11218229620317
2025-07-03 07:31:49.589738000,0.26562349059697504,0.8087883987761922,6.214837035187756,7,0.4672275315601143,-0.3998385953694461,18.13668945492698,56.49304575489087,20,69.18767714373608,4,184,1,31.305843600405822
2025-07-03 16:17:36.105243168,5.207418237774849,15.698928498110899,33.817148928773825,7,0.459415758860664,-0.007811772699450326,20.302223342364247,57.051239742785086,10,83.17362257335101,5,184,1,29.25591230772839
2025-07-04 01:03:22.620748336,22.251456781921682,31.6012074286013,82.34130604640212,7,1.3102779987836402,0.8508622399229762,21.99216041918377,59.62204796841665,10,100.0,3,185,1,31.626088907530704
2025-07-04 09:49:09.136253504,10.94593913358105,15.559825443714805,25.977800808347837,7,0.6908538096430887,-0.6194241891405514,22.317673977380196,57.78073349276831,10,76.46497164688128,4,185,1,30.105302920463902
2025-07-04 18:34:55.651758672,6.417860146400123,14.479543043400138,43.69793221726426,7,0.4751653924339593,-0.21568841720912946,21.256716797819973,71.06106128814449,10,97.00461828203474,4,185,1,31.04630980770564
2025-07-05 03:20:42.167263840,6.97200094739048,12.386193419770358,29.150543260417,7,0.5105276409987698,0.03536224856481052,19.55593641248673,58.006869411798654,10,88.95522354310495,4,186,1,39.453196894699616
2025-07-05 12:06:28.682769008,0.02031814041521722,16.516512199843767,39.62033576639422,7,0.7308476863758541,0.22032004537708427,22.143800803063606,62.90517554962477,20,82.15195749801576,3,186,1,40.11775159346479
2025-07-05 20:52:15.198274176,5.345850358668105,18.914973866442377,38.153735136403824,7,1.0682742180243472,0.3374265316484931,19.01939836228262,61.443874142092056,10,87.11044688513286,4,186,1,25.03482781349622
2025-07-06 05:38:01.713779344,15.59632629840776,19.24191977898423,70.78782574862244,7,1.0121246270052462,-0.056149591019101,23.868776082483457,62.495666996265626,10,98.38390975717066,2,187,1,21.15299668234046
2025-07-06 14:23:48.229284512,54.85748181427769,59.37122695506009,164.0827016827273,7,2.2331380367653475,1.2210134097601013,20.204524597298075,62.89317480264947,40,100.0,2,187,1,2.28223451285337
2025-07-06 23:09:34.744789680,28.165724979370367,39.69485147166188,72.73561072948604,7,1.6968420020796111,-0.5362960346857364,17.302604685189667,65.17051958023379,40,91.91934124348363,2,187,1,16.140006734618318
2025-07-07 07:55:21.260294848,0.3581667512327475,5.441777493927439,16.16848226444475,7,0.2526901281472184,-1.4441518739323926,18.000559902585128,62.112084055329674,10,78.73405049006796,4,188,1,41.082692107051216
2025-07-07 16:41:07.775800016,34.32440623833388,31.71488322121826,65.6714747095628,7,1.6076722412989146,1.3549821131516961,20.485365819402904,61.920636065719066,20,85.07055270721915,4,188,1,16.72713843507114
2025-07-08 01:26:54.291305184,22.931590360652287,32.73278577628133,78.91056315401906,7,1.2836417081120948,-0.32403053318681985,20.68596159420546,61.1050074454474,40,83.83164337990982,1,189,1,21.3691295895232
2025-07-08 10:12:40.806810352,22.737582725234994,27.289975125048507,60.968571921570934,7,1.3408628975215984,0.0572211894095036,24.353937581705903,60.137159161907555,40,86.75004296504687,1,189,0,
2025-07-08 18:58:27.322315520,9.187221792846689,11.558530728972382,28.288466697082203,7,0.7026329614658944,-0.638229936055704,18.34601920520687,56.28704635256726,10,86.58379710918054,3,189,1,30.479345576536787
2025-07-09 03:44:13.837820704,7.612599389927935,21.54602544170215,81.65607529780523,7,0.7041247841302836,0.0014918226643891863,20.510416308683027,60.55864193304932,20,94.65803704520297,5,190,0,
2025-07-09 12:30:00.353325872,5.4127345497346955,15.389915209018081,58.11231528376864,7,0.7902556239419958,0.08613083981171221,18.321203337775163,62.086429180206224,80,60.22700016101135,1,190,0,
2025-07-09 21:15:46.868831040,1.019282859514063,4.7748020578040125,21.088031501634436,7,0.8979719424352138,0.10771631849321806,19.463370749408536,62.908183694534664,20,67.41880507781688,3,190,1,31.369040123265997
2025-07-10 06:01:33.384336208,3.8861347564954127,5.07373415623816,22.411571271261398,7,0.8006420576005825,-0.09732988483463134,23.825338730304047,61.816213205281926,40,51.9489920956811,2,191,0,
2025-07-10 14:47:19.899841376,4.247457127514,6.981494611524546,51.40452441531216,7,0.5532255346295072,-0.2474165229710753,18.193516195616322,59.76760221661394,40,74.92308975762107,1,191,0,
2025-07-10 23:33:06.415346544,9.926968268390505,14.116169884991185,63.05893046601993,7,0.5715066570214661,0.018281122391958893,21.64914706485841,60.664724917465996,40,93.78759209219149,1,191,1,37.91911991541497
2025-07-11 08:18:52.930851712,20.641858239100735,24.748862205944924,106.96569081024217,7,0.8239123301019069,0.2524056730804408,21.269829956778434,58.199798054745344,40,95.49806502662523,0,192,1,21.50747337975494
2025-07-11 17:04:39.446356880,9.631388829234822,19.26898008175607,34.93701396220605,7,1.1485374677723534,0.32462513767044654,20.444704698098672,62.552215056662995,40,66.53837866507195,1,192,1,30.176005105523096
2025-07-12 01:50:25.961862048,0.8937733509372613,3.1278237581102513,8.2765317596313,7,0.3581372469726822,-0.7904002207996712,21.541032240716433,59.89867684909531,10,80.6978987564719,2,193,1,38.96875589260575
2025-07-12 10:36:12.477367216,47.47640106595135,52.72511004071578,121.08340725513067,7,1.9116764391271974,1.5535391921545152,18.191308645441232,61.92550350964297,10,100.0,5,193,1,12.71186560647853
2025-07-12 19:21:58.992872384,42.898187435280654,49.59399735009575,108.3709053763704,7,2.118145947422086,0.20646950829488842,23.833263650044746,66.04525248578803,10,100.0,3,193,1,7.618005299160596
2025-07-13 04:07:45.508377552,23.069988535918768,54.91836409797958,121.5711304512227,7,1.1878031206023727,-0.9303428268197131,24.379657497163745,57.51313846562131,40,100.0,2,194,1,26.97307410973364
2025-07-13 12:53:32.023882720,71.21466725039915,78.60243095118418,167.86658166737683,7,3.0087705564148366,1.820967435812464,20.633602258157065,64.0622626298293,10,100.0,3,194,1,5.874251429330309
2025-07-13 21:39:18.539387888,11.794811649694346,11.316514793519918,57.11670635506118,7,0.7983332901505857,-2.210437266264251,25.395109797325382,61.26384597162341,40,77.22007432750283,2,194,1,39.18007919645007
2025-07-14 06:25:05.054893056,49.3589411967435,40.963173337220596,121.16827354851033,7,1.667093894259328,0.8687606041087423,19.76042449731671,71.22292871873688,20,100.0,2,195,1,1.0
2025-07-14 15:10:51.570398224,1.1792378017375473,7.859065038681901,20.71873977576345,7,0.5527052209917873,-1.1143886732675408,21.36900515505405,60.05478069236543,80,55.88493760425218,2,195,0,
2025-07-14 23:56:38.085903392,6.828043494694152,14.756134738510914,60.14367408917737,7,0.6396028609986967,0.08689764000690936,23.44165791480114,64.63158249025956,20,86.97095892701489,4,195,1,31.12461827985735
2025-07-15 08:42:24.601408560,3.830764940978866,8.006679428278968,29.025958651512425,7,0.74484605288351,0.10524319188481335,19.669687128715424,61.25215935710237,80,53.5638036854389,0,196,0,
2025-07-15 17:28:11.116913728,3.269226368284623,7.944081305484003,38.94978969784527,7,0.515198853642977,-0.229647199240533,17.834491662959575,54.253657019869436,10,84.72882744513922,5,196,1,30.385929237375194
2025-07-16 02:13:57.632418896,2.276354810566275,3.139810238104903,16.166565628265154,7,0.19459675640856583,-0.3206020972344112,17.384126676975463,58.611676138830624,80,49.2099087118351,1,197,0,
2025-07-16 10:59:44.147924064,14.609339585879717,18.094602773432175,43.67724245686132,7,0.9290203125701182,0.7344235561615524,24.739262084382993,65.63757344029732,20,85.75751847997549,3,197,1,30.240609985682923
2025-07-16 19:45:30.663429232,22.802314366847398,29.821539042128528,58.172751210542906,7,0.9829526673009253,0.05393235473080715,19.569684748112635,59.09199579573902,20,92.23461567242093,3,197,1,28.997962493281072
2025-07-17 04:31:17.178934400,12.9518598404374,15.069746639614433,31.856895856635763,7,0.9505986400025563,-0.032354027298369004,20.266462382040974,50.17459024355787,80,50.0775125511061,2,198,0,
2025-07-17 13:17:03.694439568,2.3842802350173775,3.66428674099089,17.662321910200042,7,0.34690240565359154,-0.6036962343489648,18.42268619927832,61.13941362721834,20,69.5654770023821,5,198,0,
2025-07-17 22:02:50.209944736,24.999950187219813,30.84520747105726,55.46974171940847,7,1.2108485178205517,0.8639461121669602,22.55524776871066,55.85545693034952,10,94.34830821845328,5,198,1,15.666903604055493
2025-07-18 06:48:36.725449904,15.157154823260953,17.08773895808923,98.9277340877017,7,1.0105380468889786,-0.20031047093157306,19.105880571017558,61.997089241917045,20,100.0,3,199,1,29.426169811132088
2025-07-18 15:34:23.240955072,7.369406921666712,13.670098673988772,31.994356154435152,7,0.741597380166368,-0.26894066672261063,19.696981355695968,69.11475022902732,80,55.19061446334989,0,199,0,
2025-07-19 00:20:09.756460240,16.818864856006023,20.468086753384867,51.58368614635737,7,1.0911442212541782,0.3495468410878102,21.289131229059993,65.22746733446986,10,88.19427638197325,3,200,1,25.355338893725314
2025-07-19 09:05:56.271965408,4.514650418980757,5.976930703618725,24.592550800175303,7,0.7861197485593537,-0.30502447269482447,18.572657186790615,69.08477722626341,80,51.19726187204898,0,200,1,34.382910724149525
2025-07-19 17:51:42.787470576,6.351203017409443,8.494134231568395,26.12978303370898,7,0.48037866271761165,-0.3057410858417421,20.354318638011655,58.61540624685775,40,65.35725436284889,0,200,1,37.88565760598734
2025-07-20 02:37:29.302975744,37.421781029440574,67.30817889210974,136.5308506262167,7,1.9086379013849675,1.4282592386673558,23.526711788043148,60.72875354989555,40,100.0,0,201,1,11.846999194430344
2025-07-20 11:23:15.818480912,5.14801699335696,19.36964791322069,61.06125467727394,7,0.1307560594977203,-1.7778818418872473,21.589685942516873,56.244173310927394,10,97.97164727037708,2,201,1,39.47590579470577
2025-07-20 20:09:02.333986080,9.522842056948413,11.985506894154629,38.594338457459784,7,0.8597785704170193,0.729022510919299,21.005221186129628,58.068055977345345,10,86.37080227937417,5,201,1,27.46043860813488
2025-07-21 04:54:48.849491248,33.12838206392626,35.17906688967217,96.40053474394324,7,1.4541954841002784,0.5944169136832591,21.18490019691146,56.87591739453656,20,100.0,3,202,1,23.340691539972447
2025-07-21 13:40:35.364996416,18.450714777655982,19.758303340317628,66.90848449747804,7,0.8699073762607017,-0.5842881078395767,19.98800929192838,54.998944121703225,80,71.48049414706249,2,202,0,
2025-07-21 22:26:21.880501584,0.9633301871110913,5.96798266025743,12.371294117846942,7,0.642090314804101,-0.22781706145660074,24.76976716343341,68.38420817450383,40,51.90725222629446,0,202,0,
2025-07-22 07:12:08.396006752,2.3902659510698365,2.7894300318591503,18.802815263488853,7,0.8102391347770017,0.16814881997290076,19.164405440693965,51.11763792839209,20,74.25183756263101,5,203,1,33.35753573475079
2025-07-22 15:57:54.911511920,0.11808746585960422,8.484815677583828,46.013473621597164,7,0.4920063565732419,-0.31823277820375984,21.221903143675505,68.45079616351806,40,68.5010498571405,2,203,1,24.903277511529364
2025-07-23 00:43:41.427017088,14.951200602022373,23.141380362163797,48.056762923527856,7,0.8414749176137415,0.3494685610404996,21.041506811618092,67.85320598246611,20,84.63980377357494,2,204,1,23.994666209656533
2025-07-23 09:29:27.942522256,8.904236805153506,24.91390329771407,51.35923829501533,7,0.9602288215679532,0.1187539039542117,22.84045909334046,64.14483153554337,20,85.95113866413934,2,204,1,28.552519401414752
2025-07-23 18:15:14.458027424,2.1628170088515524,3.8339914922190372,46.50771466121233,7,0.3144749217699493,-0.6457538997980039,23.040833696226432,56.096435296807954,40,77.98219457003073,2,204,0,
2025-07-24 03:01:00.973532608,47.527775149728335,64.26809656193291,143.6860789813783,7,1.961160194506788,1.6466852727368386,20.782073085831925,53.7813458323961,20,100.0,3,205,1,10.872081332008264
2025-07-24 11:46:47.489037776,11.31448281942694,21.97109942399331,47.81043587541296,7,1.1904810829585724,-0.7706791115482157,21.439141489695636,58.97359860062126,40,77.38506765411313,1,205,1,27.45694696408204
2025-07-24 20:32:34.004542944,4.153966954638071,4.455177480682269,66.79862764950376,7,0.6400669598620417,-0.5504141230965307,21.52664854707153,64.86476036018689,10,100.0,4,205,1,27.34431168365002
2025-07-25 05:18:20.520048112,10.415325780787732,13.261976230589594,23.363166485766758,7,0.46503288513241736,-0.1750340747296243,16.337138784324313,61.778162378134425,80,46.43835251241309,1,206,0,
2025-07-25 14:04:07.035553280,17.073727894098845,21.28775165303559,33.415579916336135,7,0.6949537449564525,0.2299208598240351,17.715358259243526,56.569177452924365,20,71.36343951947677,2,206,1,38.70778807309427
2025-07-25 22:49:53.551058448,1.1895320215507623,3.457869869319565,34.64563191781024,7,0.590786477653566,-0.1041672673028865,19.695197554794596,67.55167379575953,40,63.09436186008038,0,206,0,
2025-07-26 07:35:40.066563616,4.817627648776393,7.534872257974984,42.561093098645124,7,0.8441793907388153,0.25339291308524936,19.79418694835842,70.25668524313201,40,75.04015154746214,1,207,1,39.409170010004274
2025-07-26 16:21:26.582068784,24.673294535262777,28.370028487791657,58.93144069118323,7,0.9536418838579421,0.10946249311912681,18.530950503157683,60.726034874098914,80,69.8323699868448,2,207,1,19.966985991769434
2025-07-27 01:07:13.097573952,9.233485823360208,14.018975411833683,34.95935754913453,7,0.9148019920848427,-0.03883989177309943,22.440883003914625,62.43012024032146,80,61.822964978245075,1,208,1,27.926232796907904
2025-07-27 09:52:59.613079120,11.863951914087053,31.760011903224125,106.08132255018484,7,1.3209478588119261,0.4061458667270834,20.95822847114399,54.36373984007061,80,98.05467494669283,0,208,1,26.106958666326285
2025-07-27 18:38:46.128584288,8.506072752034669,9.095101193652521,36.54903649753883,7,1.1386442645689463,-0.18230359424297982,20.53694734063891,59.860739290279994,20,74.64475874727317,5,208,1,28.727260161069445
2025-07-28 03:24:32.644089456,0.6733906335023554,27.991687410928996,50.175566720226286,7,0.8596292387513123,-0.27901502581763404,18.466441514317523,64.50970401666956,40,75.24815499789909,1,209,0,
2025-07-28 12:10:19.159594624,2.718328461377905,4.29997698365261,9.051436990650915,7,0.6987268579745791,-0.16090238077673313,20.90214856638948,63.756759291047004,20,64.46075010190751,2,209,0,
2025-07-28 20:56:05.675099792,8.84645351133414,21.10630347331742,59.56801597684441,7,0.4613552194342282,-0.23737163854035093,15.750425398826863,59.46925057559964,20,88.14506954030112,3,209,1,18.138873185514534
2025-07-29 05:41:52.190604960,3.52037712373536,6.251930792289298,42.99268945363136,7,1.052877359996798,0.5915221405625698,20.690509069091156,60.66162583902344,10,88.82213045419212,3,210,1,26.302759018300904
2025-07-29 14:27:38.706110128,0.7690682930419026,1.9740066885762506,37.472117978922945,7,0.4200233901273762,-0.6328539698694218,21.155485750434366,59.822183142914945,80,64.65983650651675,0,210,0,
2025-07-29 23:13:25.221615296,27.834840695811465,41.41292277324353,132.30834702299106,7,1.2841318099636563,0.8641084198362801,21.525714822890624,60.69144613990333,10,100.0,3,210,1,23.0533277938658
2025-07-30 07:59:11.737120464,59.602516547928595,64.66289883275121,174.96846464789735,7,2.287638092398159,1.003506282434503,17.926517263882015,64.22561559427179,10,100.0,5,211,1,3.7620810303017596
2025-07-30 16:44:58.252625632,23.635904048516135,27.990466047450152,75.37974728638501,7,1.5549574242819104,-0.7326806681162488,21.517259470611886,52.297566567612265,20,93.67598526884952,5,211,1,15.21003611497778
2025-07-31 01:30:44.768130800,28.840149034042174,29.53522817289377,72.8103594066867,7,1.8137644719184909,0.25880704763658047,18.997737707098647,61.789452919615854,20,99.78124185541087,2,212,1,13.119230180756
2025-07-31 10:16:31.283635968,4.155625840638169,9.6229061965639,45.17890258672952,7,0.7044233146735713,-1.1093411572449194,19.46870364725507,63.937164301807925,40,67.56391378917469,2,212,1,33.21972544314477
2025-07-31 19:02:17.799141136,48.52011532288182,49.185240550181256,136.77002502046932,7,2.1618715464801803,1.4574482318066089,22.54261773490484,59.36108649831364,10,100.0,5,212,1,20.305966994895662
2025-08-01 03:48:04.314646304,3.289620702620673,13.592690376435243,39.84585432661903,8,0.7103601275538667,-1.4515114189263136,25.14816241759687,59.843204721930356,80,62.334073963585325,0,213,1,35.386154122455245
2025-08-01 12:33:50.830151472,45.371179773030775,55.12262209073908,107.7494137838243,8,1.7510907217643696,1.040730594210503,21.235900620888867,60.014394002489766,10,100.0,4,213,1,7.358930411162268
2025-08-01 21:19:37.345656640,78.94220897983942,78.10384206064684,206.3367191966097,8,3.1552313343609146,1.404140612596545,19.51230821059149,59.897748388058105,40,100.0,1,213,1,1.0
2025-08-02 06:05:23.861161808,18.657491725270226,33.86665643900577,87.63122444289635,8,1.0873909028241844,-2.0678404315367303,21.537223705864715,62.3491845109413,10,100.0,4,214,1,26.40366044619034
2025-08-02 14:51:10.376666976,59.563648341396686,63.89029648238267,102.96920564548189,8,2.6372820863261373,1.5498911835019529,23.051392232214205,62.99168162450074,10,100.0,4,214,1,1.0
2025-08-02 23:36:56.892172144,12.643505438391095,16.1343379397901,55.10297819962083,8,1.1739217541195397,-1.4633603322065976,22.42884734256132,51.87113284046271,10,97.61620900053657,4,214,1,25.29327489579239
2025-08-03 08:22:43.407677312,4.507291087384793,14.714534479617383,41.56841298051589,8,0.8600984193353113,-0.3138233347842284,26.686663199222668,65.66527676595179,40,71.09311560622555,0,215,0,
2025-08-03 17:08:29.923182480,8.617025144892144,12.93925681133469,29.042460016558216,8,1.1675280222620603,0.30742960292674903,19.78341427093974,60.97818439652335,10,85.17078837163935,3,215,1,27.058967261320397
2025-08-04 01:54:16.438687648,13.504818956424266,18.974664963493417,72.21291895195887,8,1.4063122354005673,0.23878421313850695,21.73227079546001,72.1204315485855,20,96.40766963269797,4,216,1,26.41474166259288
2025-08-04 10:40:02.954192816,1.1383455332076582,2.077251149321216,8.719367837480723,8,0.508490749564503,-0.8978214858360642,24.339428399745405,56.52494229132446,10,68.84036296767965,5,216,1,30.036809523914705
2025-08-04 19:25:49.469697984,14.606544050924263,22.696881034926395,47.96661807689683,8,0.8573408676844629,0.3488501181199599,24.227761613002823,58.17431373415986,20,83.22225428342038,4,216,1,22.237232510008607
2025-08-05 04:11:35.985203152,59.59080311813082,71.674018656088,124.83696572853816,8,2.0357022814722017,1.1783614137877387,17.36920367755827,61.52417416829776,10,100.0,2,217,1,3.4308868348737835
2025-08-05 12:57:22.500708320,3.1628091167300054,7.593247468364376,34.06093123267898,8,1.088125108104295,-0.9475771733679066,21.276626183413853,64.63281009541781,20,77.51690925903594,5,217,1,26.756138030146477
2025-08-05 21:43:09.016213488,23.596236542343675,32.5203031252476,105.02472042126452,8,1.2091913603156597,0.12106625221136458,24.266430103834445,52.84094050741658,10,100.0,5,217,1,26.280111871010185
2025-08-06 06:28:55.531718656,35.77300858426886,32.29226292743651,85.03509013105636,8,1.7653901723800904,0.5561988120644308,27.092786710700203,58.477501199223326,80,85.61797801302545,2,218,1,10.543917770071598
2025-08-06 15:14:42.047223824,43.15633553838744,44.13139882840744,124.9671055419187,8,1.6561896255499267,-0.10920054683016378,22.733269416513917,65.60795610089377,20,100.0,2,218,1,24.290115537755206
2025-08-07 00:00:28.562728992,48.33407541672298,90.66998710019084,228.32867675098464,8,2.6810345075187754,1.0248448819688487,20.604192493161875,57.93921842894697,80,100.0,2,219,1,3.687927483636815
2025-08-07 08:46:15.078234160,11.055220830854317,19.220390597349777,49.05883392887852,8,0.7732848042275015,-1.907749703291274,19.33581846960889,69.55858143084848,20,82.97273369720332,3,219,1,30.52349920996541
2025-08-07 17:32:01.593739328,56.78608177289034,61.244983200063245,111.13422341430561,8,2.0098276407349704,1.236542836507469,25.806081194686225,60.467770965003695,10,100.0,5,219,1,7.524619142785095
2025-08-08 02:17:48.109244512,21.239568355862602,23.918265885872785,58.384953921885526,8,1.12227273978523,-0.8875549009497405,22.840511116610813,58.26918988064911,40,79.17756996174927,0,220,1,24.60386955638202
2025-08-08 11:03:34.624749680,2.645177617212844,14.10765501793149,48.30019685592741,8,0.5876249623312444,-0.5346477774539855,19.701391059459556,65.84627111540838,10,97.20770677416296,4,220,1,37.861343391971104
2025-08-08 19:49:21.140254848,9.719742482074805,10.534082869901358,32.83973990416895,8,0.9189956354327522,0.3313706731015078,21.00577240107768,70.86225720161272,40,67.30651176779018,2,220,1,32.02681846969574
2025-08-09 04:35:07.655760016,19.00534918381878,19.35159561996961,84.03271415774904,8,1.063343954437567,0.1443483190048147,22.04708138323812,64.93539799288091,80,88.16908210491727,2,221,1,22.35086773665923
2025-08-09 13:20:54.171265184,4.262131499696938,5.396047648083725,17.715263815348738,8,0.7647435853851603,-0.2986003690524066,22.529007611763866,69.18493560409155,40,60.06264759598617,2,221,1,28.015067393407136
2025-08-09 22:06:40.686770352,15.350423286920293,22.191262148975362,64.14252422208214,8,0.9707167926111006,0.20597320722594026,19.656905424023712,71.2954621814154,40,77.9183095093547,2,221,1,29.869954564742535
2025-08-10 06:52:27.202275520,16.476206182784445,32.609361552537294,65.67237300661662,8,1.022596264977301,0.051879472366200496,20.242572559764984,58.332613392394045,40,80.49978340246722,0,222,1,31.504020828933555
2025-08-10 15:38:13.717780688,2.663588156977644,5.618677487630154,13.436714952193348,8,0.4927464284366397,-0.5298498365406614,18.179956889903544,67.66360869959686,40,59.737302829755464,2,222,1,30.685865302581835
2025-08-11 00:24:00.233285856,12.489080815629869,18.314653152585436,45.25468564240874,8,1.341915907444657,0.8491694790080173,23.58028491309724,55.384168121257616,80,54.55650149867594,0,223,0,
2025-08-11 09:09:46.748791024,22.151619480620937,27.489379552136302,64.19169048893309,8,1.2629603715791689,-0.07895553586548809,20.832519157978567,65.15602484197032,40,75.36644317066632,0,223,1,22.384092167090582
2025-08-11 17:55:33.264296192,10.36411417739904,15.407810528825909,40.76802515291679,8,0.46460794694563107,-0.7983524246335378,22.463456322620484,62.7050365959337,10,90.43749861208454,4,223,1,35.871743615674774
2025-08-12 02:41:19.779801360,0.18265433831550498,3.5034574577490174,12.790113593662252,8,0.4346458586529841,-0.02996208829264696,24.390447884880217,69.30661275066544,20,71.14966738943696,4,224,1,32.53894796879334
2025-08-12 11:27:06.295306528,0.13619345776356429,6.613370451141666,15.179996847086588,8,0.5882307801618631,0.15358492150887904,22.000849641254423,68.98347627793727,20,74.12517558331768,2,224,1,31.229720501657134
2025-08-12 20:12:52.810811696,6.6248428773016,9.758368658178934,28.733444034845125,8,1.0991604803778972,0.510929700216034,21.350407272194204,66.0016132008567,10,83.28119328231371,3,224,1,28.533445354869823
2025-08-13 04:58:39.326316864,39.09474265578603,45.1146969369094,115.39883558846927,8,1.9387815656627945,0.8396210852848973,21.97949015669429,64.67543390326693,80,100.0,1,225,1,18.433625310169763
2025-08-13 13:44:25.841822032,3.8947165644587542,40.81711603946823,88.05101208607913,8,0.8017219243874744,-1.1370596412753202,21.733393232095263,65.75585543239937,10,100.0,4,225,1,34.53629142321628
2025-08-13 22:30:12.357327200,15.0917418758283,17.371113047196737,39.15789518577696,8,1.4592171187030236,0.6574951943155493,24.114754414588724,63.5537031945484,10,81.92187268167233,3,225,1,31.165073162642038
2025-08-14 07:15:58.872832368,3.7668941959576454,4.679512950504608,15.614684663922404,8,0.6159009404639035,-0.8433161782391201,22.259578910607434,62.96982552552019,40,57.76695964956935,1,226,0,
2025-08-14 16:01:45.388337536,5.8218205281983355,20.873276573179034,55.881949098200735,8,1.074435138510746,0.4585341980468425,20.564636803576207,70.51976854673028,40,74.8464339259926,2,226,1,25.74065214222134
2025-08-15 00:47:31.903842704,28.262275526311882,29.38808050006113,54.73971345973123,8,1.1281246160468683,0.0536894775361223,23.7647324414366,71.15251775370508,80,71.96101113225433,2,227,1,20.254198009081726
2025-08-15 09:33:18.419347872,19.576879584395957,28.532091063703994,63.12041493646754,8,0.6972258832747795,-0.4308987327720888,24.145657009195823,62.66108060444721,80,71.43183116646134,2,227,0,
2025-08-15 18:19:04.934853040,1.5039243455500348,4.238128524294746,28.01018454585387,8,0.290773474080276,-0.40645240919450354,19.023739220712425,64.58898296376043,20,67.61552674014457,2,227,0,
2025-08-16 03:04:51.450358208,8.397665261702679,11.657693739586996,34.32835023808269,8,0.13446354739078237,-0.15630992668949362,24.781738354947205,63.840617294685856,80,49.66560106449855,2,228,0,
2025-08-16 11:50:37.965863376,0.44405489703378204,2.729970131747338,28.635891574686372,8,0.9585986647087307,0.8241351173179483,22.461421899183083,55.40550449584625,10,84.21304600027094,5,228,1,31.10865239766921
2025-08-16 20:36:24.481368544,9.834596319537086,14.937700168512595,38.21151926501521,8,0.8889755118531509,-0.06962315285557974,22.314423398813652,61.81358910898088,20,67.00467227520909,3,228,1,29.94599061445418
2025-08-17 05:22:10.996873712,16.289914003433182,20.090129825280822,57.21278667057172,8,0.8417707746318656,-0.047204737221285376,23.77707500696136,71.52617249277718,20,86.01556688614636,3,229,1,23.530761738417993
2025-08-17 14:07:57.512378880,1.891998801554376,11.68958596876783,51.49759350840183,8,0.74526064171479,-0.09651013291707555,20.645872026592983,59.81077024204402,40,76.90394838291512,2,229,1,36.09863935834479
2025-08-17 22:53:44.027884048,5.113815484905517,10.348531608409774,33.409999121564645,8,0.7436284330182412,-0.001632208696548787,23.704209440496072,74.16447813573495,40,61.41991704050554,2,229,0,
2025-08-18 07:39:30.543389216,7.608397264242756,30.070442560706475,79.27901727281322,8,1.0770590500147181,0.3334306169964769,21.058441332932166,69.48461609276266,20,100.0,2,230,1,18.953899728620513
2025-08-18 16:25:17.058894384,37.798253524456655,39.56172861122492,71.85471464472386,8,1.8934886368286359,0.8164295868139178,18.87825874717557,65.66381096592353,40,91.8823900711154,0,230,1,14.265775874940648
2025-08-19 01:11:03.574399552,74.98434113853526,91.82455341897227,199.90540719823431,8,2.859948126355425,0.9664594895267891,19.84887107259642,66.49298369150267,40,100.0,1,231,1,3.1546387448221367
2025-08-19 09:56:50.089904720,0.6892659327252411,7.246791145851776,37.93065954106041,8,0.4102853688928252,-2.4496627574625998,22.994706226009665,59.135291638731296,40,67.47510889954778,2,231,1,37.613216940880974
2025-08-19 18:42:36.605409888,21.469873204508616,41.32708932240425,68.73022705569628,8,1.5082234001885984,1.0979380312957732,19.986059928966093,62.42784945678731,20,99.33857928445549,3,231,1,15.998584374738602
2025-08-20 03:28:23.120915056,6.971637364582334,7.71227401511446,19.10062124590693,8,0.8770220430196844,-0.6312013571689139,25.11353773665882,70.99376653216784,20,69.54377295167802,5,232,1,25.759553587884582
2025-08-20 12:14:09.636420224,7.475014153262597,13.619053222995426,24.403338846364004,8,0.8058379769194752,-0.07118406610020922,24.28839582330474,60.74701113698324,20,65.2292765326869,4,232,0,
2025-08-20 20:59:56.151925392,21.052521764930127,32.469398849632945,74.65310097455895,8,1.6812552615310865,0.8754172846116113,24.593204930751373,69.15831198211488,10,100.0,5,232,1,20.979702827063612
2025-08-21 05:45:42.667430560,37.59374989255759,33.559223634437345,84.02472818948907,8,1.499902809623195,-0.1813524519078915,22.192435406753933,57.000555547612926,20,97.74772248326533,4,233,1,23.922746395420766
2025-08-21 14:31:29.182935728,45.21718179880809,52.14903775074227,126.18929927073947,8,1.7458624191565308,0.24595960953333584,22.475206806548456,57.92817508154202,40,100.0,1,233,1,12.12250267697558
2025-08-21 23:17:15.698440896,12.910094151681957,14.983242187950424,61.1940102042836,8,0.9916525904144637,-0.7542098287420671,19.58871857232485,73.4592078895584,20,93.62666557376474,2,233,1,25.007646890356405
2025-08-22 08:03:02.213946064,6.62698500974121,15.81693015957713,47.892116328455316,8,0.6557214304078959,-0.33593116000656786,23.984421101791074,63.92652243175056,10,92.3772734378995,5,234,1,27.04481667323936
2025-08-22 16:48:48.729451232,23.23566464365648,40.83998635253166,104.9387021147032,8,1.4722164612274253,0.8164950308195295,22.769285590600983,61.32673792608192,40,100.0,2,234,1,12.344463658163846
2025-08-23 01:34:35.244956416,4.335272134181592,12.7740927438036,96.88481111993852,8,0.5478447189537798,-0.9243717422736455,23.161047034203257,70.86657570223228,80,81.90179767510682,0,235,0,
2025-08-23 10:20:21.760461584,12.454242614276602,15.893266190010259,42.349875559458916,8,0.8279690575992575,0.2801243386454777,25.419928718388984,70.31571796578396,20,77.40605048694141,2,235,0,
2025-08-23 19:06:08.275966752,6.661026178149803,7.021526891266317,25.015332588402465,8,1.0816038764834923,0.2536348188842348,20.848300352039917,68.72422546615607,20,80.2740622326637,3,235,1,31.108408256495522
2025-08-24 03:51:54.791471920,16.034247344816905,32.823337351193075,85.76233662424626,8,1.0678008490587332,-0.01380302742475914,21.82491606012248,61.30490872269371,80,83.14874157502146,1,236,1,18.476847893182697
2025-08-24 12:37:41.306977088,4.124428033327645,9.648683335724863,42.68664680739316,8,0.5192050852203423,-0.5485957638383909,22.747565160391062,62.753858754925076,40,75.99375242765342,0,236,1,39.02155232898396
2025-08-24 21:23:27.822482256,3.190343509266639,3.85970061776371,29.939975274813175,8,0.8365396341042699,0.31733454888392765,20.240427682402306,65.78074110526309,20,76.13005307944672,4,236,0,
2025-08-25 06:09:14.337987424,37.5593397268453,51.80436363269177,120.23145630945808,8,1.559022040806485,0.7224824067022151,21.753226745562614,67.72884548696878,10,100.0,3,237,1,17.76231871473968
2025-08-25 14:55:00.853492592,1.6104992805568767,6.4814372345830344,22.85007799902049,8,0.4584357119275542,-1.1005863288789308,23.13150032194007,61.74878353191958,40,51.430851336514145,1,237,0,
2025-08-25 23:40:47.368997760,10.577018376147265,12.682894105743532,50.235177423216925,8,0.9536815326821795,0.49524582075462525,21.511984587668046,65.17933981393091,20,84.17650079151343,3,237,1,27.71184370705531
2025-08-26 08:26:33.884502928,3.7433290333578766,5.01867624054765,20.716648017538343,8,0.8127356278472924,-0.14094590483488711,24.798082193341788,65.69716325175416,40,68.58223223985112,1,238,1,36.934828755511404
2025-08-26 17:12:20.400008096,0.5956199057079998,0.9785306685060879,19.071173161186934,8,0.7657929830154357,-0.04694264483185662,19.17558000445163,70.8287070380475,20,74.31645375839669,2,238,0,
2025-08-27 01:58:06.915513264,0.5502525841699065,6.849637359737171,28.99942193317398,8,0.4300570588366729,-0.33573592417876286,24.460346569287175,68.20193732231658,80,61.12657226053794,1,239,1,38.771946635299194
2025-08-27 10:43:53.431018432,2.889611151874903,10.28675234416708,50.940130151422814,8,0.7798614810763929,0.34980442223971997,23.55459890065688,56.930447677873296,20,85.43624210742895,2,239,0,
2025-08-27 19:29:39.946523600,30.23521472806084,34.98099364018147,89.34850151005799,8,1.3612925910541955,0.5814311099778027,21.112043233663663,63.43124927512676,40,91.98871867796207,2,239,1,22.312622236801776
2025-08-28 04:15:26.462028768,4.979290600020741,17.756377456346705,39.749671697374126,8,0.6560184598617554,-0.7052741311924401,20.41840401884129,59.89052546068549,20,74.73901355024742,2,240,1,37.97506196449584
2025-08-28 13:01:12.977533936,45.07437168803639,50.9941419753259,119.72347581657874,8,2.152071409972444,1.4960529501106885,18.12422464849029,67.41001686900874,20,100.0,2,240,1,7.38859497682475
2025-08-28 21:46:59.493039104,13.070559737607956,19.837361106227192,65.9505993555711,8,0.8498739266425138,-1.30219748332993,20.712056258505502,69.22057931919156,40,87.01060248882816,1,240,1,21.795132744922384
2025-08-29 06:32:46.008544272,8.606859147226315,9.453900993113336,41.39254428223102,8,0.8223171120798557,-0.027556814562658127,24.41442335707878,65.14792002219679,20,83.26232739321978,2,241,1,41.61045283918506
2025-08-29 15:18:32.524049440,13.015681517911549,21.628804975722645,35.9158867500492,8,1.0077175739615851,0.18540046188172943,22.225609411502678,63.334926574980805,20,77.6250761283728,2,241,0,
2025-08-30 00:04:19.039554608,10.906715384926297,15.979441044145101,42.16345818870406,8,0.6637778428722765,-0.34393973108930864,24.6815001841184,65.05692581184934,40,73.62268236861043,0,242,0,
2025-08-30 08:50:05.555059776,21.330455528240226,25.3052119888343,46.51952001005151,8,1.3728798015244117,0.7091019586521352,21.133600271866907,65.79128119362079,80,63.97201880028606,1,242,1,24.19397718033506
2025-08-30 17:35:52.070564944,4.9796527259808965,13.457378479985138,30.634826941342023,8,0.8462230180552601,-0.5266567834691516,23.805404841020977,61.581886783031166,10,90.12850197766844,3,242,0,
2025-08-31 02:21:38.586070112,6.532303087839399,9.996969486916253,29.45878933213384,8,0.33335763425186626,-0.5128653838033939,20.974091228835615,58.7246213621621,10,89.49282844060778,3,243,1,31.030386589118837
2025-08-31 11:07:25.101575280,33.67809341070781,48.4574808583695,123.74898229667625,8,1.71362089904532,1.3802632647934536,20.49587982307617,54.60336445821494,10,100.0,4,243,1,17.1612208312395
2025-08-31 19:53:11.617080448,43.908916754162256,40.36359938522807,84.66835961474983,8,1.6272196421022018,-0.08640125694311807,22.23076197893194,71.225943485241,10,100.0,2,243,1,11.219396522385836
2025-09-01 04:38:58.132585616,33.46209343795961,43.52516827069431,87.00991186161139,9,1.8239086127486608,0.19668897064645896,21.133114827894946,67.4079269192447,10,100.0,4,244,1,8.058747970257752
2025-09-01 13:24:44.648090784,8.15663840246241,9.265885914822208,39.79827937506343,9,0.4667116598413186,-1.3571969529073422,19.39547953261685,66.77480271810342,10,90.5642433779847,2,244,1,25.76271166520221
2025-09-01 22:10:31.163595952,22.73685737327291,41.361708920952786,118.51376695720423,9,1.2970588429490773,0.8303471831077587,22.134614634936753,71.32448251250622,40,100.0,1,244,1,16.490101459118918
2025-09-02 06:56:17.679101120,9.703567686175225,9.660564039001446,37.55088951330312,9,0.8630819043112121,-0.43397693863786513,22.730278982287853,58.75747625038847,40,62.20684803268575,1,245,0,
2025-09-02 15:42:04.194606288,10.323584249210544,12.586827504272888,29.333248824973772,9,0.8432080188553148,-0.0198738854558973,25.072333073928032,56.3930773225967,40,62.58431073518272,1,245,1,33.91379571976503
2025-09-03 00:27:50.710111456,3.435163000740676,6.7050737473623405,53.02806680130853,9,0.7883456488312313,-0.05486237002408356,24.427478175484445,67.02889322503209,20,86.56166528675328,5,246,1,28.305896982431225
2025-09-03 09:13:37.225616624,13.415381453609912,16.64464261200853,52.92146694546053,9,0.6310696579904256,-0.15727599084080568,25.012047138294243,66.6106783568743,80,67.63030805459722,2,246,0,
2025-09-03 17:59:23.741121792,3.0894281621149613,4.883328052500918,12.028489517519988,9,0.941004711140784,0.3099350531503584,24.031212282355618,56.52446052277344,80,44.62122624263582,2,246,0,
2025-09-04 02:45:10.256626960,6.0422350435937755,11.925728974689207,49.36450360994087,9,0.8451309223764218,-0.09587378876436214,23.274101654391878,67.01535758368622,10,88.82081104294707,4,247,1,35.01476752866053
2025-09-04 11:30:56.772132128,28.96844767935532,34.825526534211164,63.13666076228452,9,1.6995678615293972,0.8544369391529754,20.169407156965484,63.253479177820694,10,100.0,5,247,1,15.757816379381373
2025-09-04 20:16:43.287637296,3.480414898696546,3.5445602589927963,18.90315496210647,9,0.7799019344105073,-0.91966592711889,22.9455038582648,61.256078626100596,40,51.19035964634834,1,247,0,
2025-09-05 05:02:29.803142464,1.1072540550453942,4.21540814662559,15.75199875140436,9,0.561977139676155,-0.21792479473435222,23.857850844450706,63.66140803816609,80,46.71279219229145,1,248,0,
2025-09-05 13:48:16.318647632,1.0725623560343194,13.536652832503751,38.19425642706638,9,0.3999781332634917,-0.16199900641266335,25.59768402595106,53.15797339982802,20,76.89026014504853,5,248,1,35.63671754896533
2025-09-05 22:34:02.834152800,42.39858439925319,50.9358671767716,115.13276968294838,9,1.7446197235030396,1.3446415902395479,24.0739707325176,62.44591618114826,20,100.0,3,248,1,12.264630953251096
2025-09-06 07:19:49.349657968,10.606271017736994,20.564507791010545,44.487956489840826,9,1.235683164837361,-0.5089365586656787,25.20078639821337,61.91856621058403,40,69.447368357542,2,249,1,23.66120010345222
2025-09-06 16:05:35.865163136,7.899551247024956,18.19929167679264,33.89508020144447,9,1.117071498039702,-0.11861166679765889,20.674689657298856,68.26288311473937,10,79.40913590994123,3,249,1,35.61669430376449
2025-09-07 00:51:22.380668320,24.980490624927494,30.77988550833507,107.37830657167916,9,1.1834886715611626,0.06641717352146048,22.10455580210885,64.72363142625565,80,91.85743668289201,0,250,1,23.433686638344604
2025-09-07 09:37:08.896173488,27.102419983214546,27.360026374911307,89.91478390216602,9,0.7519878061729681,-0.43150086538819443,23.634837471025726,68.74661645580078,20,100.0,5,250,1,21.949831617194874
2025-09-07 18:22:55.411678656,6.0562968609433145,8.971821230360458,36.81153540871111,9,0.6683062026614471,-0.08368160351152099,25.116825460291093,52.84214343392854,10,94.71307172429958,4,250,1,28.040629941313156
2025-09-08 03:08:41.927183824,17.74384165749523,31.724757324785855,58.8159058810579,9,1.1145838287719398,0.4462776261104927,22.523285538232216,61.43199454696487,80,81.60462433412529,1,251,0,
2025-09-08 11:54:28.442688992,22.11854599588893,51.56984696240072,85.208164295759,9,1.4081148671337091,0.2935310383617693,22.667712048234037,68.44519319092191,20,100.0,3,251,1,17.730761924689798
2025-09-08 20:40:14.958194160,15.947983085208307,19.09207829209217,61.632351223704916,9,1.115588284991368,-0.29252658214234106,24.225783769521723,64.15868316216576,10,94.83148597851194,3,251,1,19.037141377454457
2025-09-09 05:26:01.473699328,2.4659587654207398,2.5034939144303086,5.776005255830289,9,0.7495966303170505,-0.3659916546743176,20.618698416744877,69.96818280694208,20,60.845814621551845,3,252,1,28.753730828860355
2025-09-09 14:11:47.989204496,31.29796924112922,29.247386909803275,53.58886082622821,9,1.6164931633405222,0.8668965330234717,26.10422347424974,56.75581420225964,10,96.68050223892521,4,252,1,10.027174643199228
2025-09-09 22:57:34.504709664,11.618435408563856,16.461813403335206,37.358987866109466,9,0.9861286702317026,-0.6303644931088196,21.150153548859663,69.47240566859743,10,88.25169476188623,5,252,1,33.089925154580214
2025-09-10 07:43:21.020214832,4.979158529106655,11.13237937530651,29.287645715281435,9,0.350752823950671,-0.6353758462810316,19.090294971538327,62.65925154838867,10,84.99148950712184,3,253,1,30.270430598312323
2025-09-10 16:29:07.535720000,8.306732417816521,10.394937767964578,22.90022231245534,9,0.701844079497317,0.351091255546646,22.96669230795435,62.212131159905006,80,63.48806826396546,2,253,1,28.130739780721164
2025-09-11 01:14:54.051225168,0.5744261355405341,22.114462303046395,44.11285788863756,9,1.1934511024511127,0.49160702295379577,26.362596221504614,70.88659286814422,40,66.64617121535679,2,254,0,
2025-09-11 10:00:40.566730336,2.05219673769996,5.567144148539368,10.926721491784837,9,0.6715587231998886,-0.5218923792512241,24.1577413211457,71.7791757707395,10,71.89570506482092,5,254,1,41.12621488921054
2025-09-11 18:46:27.082235504,21.757486102682105,40.409292349965796,102.6323552086406,9,1.4128065592420733,0.7412478360421847,24.506207771753008,71.18155185192789,10,100.0,2,254,1,20.864248076048707
2025-09-12 03:32:13.597740672,0.00017452234575648484,11.373916504221715,26.00891296591323,9,0.6856398434439039,-0.7271667157981694,23.106024880209826,76.23971633643254,20,69.92454976753235,5,255,1,29.62630300341059
2025-09-12 12:18:00.113245840,8.082354753199066,18.24301783520319,38.42315181059311,9,0.9271531979172112,0.24151335447330724,22.73775973791075,72.41904750712287,20,81.17947915697513,4,255,1,32.96292081016398
2025-09-12 21:03:46.628751008,11.088186614008096,16.309532410025803,54.76370006499442,9,0.40823662016323536,-0.5189165777539758,19.97199173894766,62.14643803760629,80,72.55513688183825,1,255,1,40.5616521655184
2025-09-13 05:49:33.144256176,0.8427535373474537,8.276182381713054,43.50033337145014,9,0.551712031181866,0.1434754110186306,18.56236773804184,66.87047114837868,40,74.18266176938522,1,256,0,
2025-09-13 14:35:19.659761344,54.22226304418163,60.69092253120457,147.40982344117378,9,2.1837759198367404,1.6320638886548744,23.493048397098523,64.40001789800891,20,100.0,3,256,1,8.936289415139953
2025-09-13 23:21:06.175266512,3.845180177746692,11.703759997581285,33.743723421926425,9,0.9502402833814292,-1.2335356364553112,25.74499892593731,76.38525037425903,80,61.56491555943314,1,256,1,34.371261402624754
2025-09-14 08:06:52.690771680,5.440367642012553,10.883274046183523,21.50144457457261,9,0.7271746722265455,-0.22306561115488366,23.827597774064184,71.80301050230965,80,46.28537950476146,1,257,0,
2025-09-14 16:52:39.206276848,5.434845370859379,36.94600864390723,56.90399306464788,9,0.6488547165358718,-0.07831995569067374,24.405991914632477,65.37318503748962,80,65.97018088484393,0,257,0,
2025-09-15 01:38:25.721782016,3.9285904533809197,13.665295733048033,37.62697497346645,9,0.8012425976324492,0.15238788109657742,26.345722775181606,70.74612435657008,10,91.49167542905904,3,258,1,33.29583477400552
2025-09-15 10:24:12.237287184,0.02212363845577587,11.278472128922765,35.497695275175204,9,0.4524622644097941,-0.3487803332226551,23.855348195129306,60.234636652928856,40,57.40165134151635,1,258,1,44.3640234434883
2025-09-15 19:09:58.752792352,19.60364356612031,36.69876209889842,82.68387293941406,9,1.0157033640951068,0.5632410996853127,22.9720627421025,67.68605457366284,40,98.4248555864305,0,258,1,32.461540655674156
2025-09-16 03:55:45.268297520,51.09865228354123,51.263146465325896,137.9696434428132,9,1.8677727009807672,0.8520693368856604,21.59991308061381,61.78431292081247,40,100.0,2,259,1,3.6865745624609847
2025-09-16 12:41:31.783802688,3.809715456663165,4.492474805337146,18.315881329359506,9,0.7296199031195378,-1.1381527978612294,27.30100852183017,58.07020578863496,10,79.9230994285855,4,259,1,32.924276871091315
2025-09-16 21:27:18.299307856,16.317185901908807,18.549708270929358,48.062600884652454,9,1.2635930486994835,0.5339731455799457,24.329330268448,70.47515060793046,10,85.87873605412094,3,259,1,27.914382968454735
2025-09-17 06:13:04.814813024,20.315909119209362,29.666594387339565,93.19490252742769,9,1.2995701152931003,0.03597706659361677,21.408712857808492,71.13478805523206,20,100.0,2,260,1,22.56140991155823
2025-09-17 14:58:51.330318192,28.300158420555523,43.43756461876751,115.28097637999154,9,1.6267834593221897,0.3272133440290894,20.97329245324096,68.91731875874679,20,100.0,3,260,1,19.831729506182214
2025-09-17 23:44:37.845823360,8.239058690808385,11.931314910210501,40.79656228623729,9,0.878703377485873,-0.7480800818363167,25.841496315499885,65.75590252045161,20,84.43543039459665,3,260,1,41.00211151438518
2025-09-18 08:30:24.361328528,5.413061130890238,11.943524221226552,38.766430319217626,9,0.747961900202164,-0.130741477283709,21.280255768619707,60.37848504864066,80,49.000135098615885,2,261,0,
2025-09-18 17:16:10.876833696,5.902198789719531,10.596307788078166,44.74463638944977,9,0.8633931806677237,0.11543128046555973,27.082606656110947,60.94314232862678,40,76.31414219861166,2,261,0,
2025-09-19 02:01:57.392338864,18.70431803988635,22.481718256567607,74.58862658082619,9,0.615148449949519,-0.24824473071820474,17.881840458844202,61.943132207357266,10,100.0,2,262,1,25.014619651392703
2025-09-19 10:47:43.907844032,25.455971259450795,29.3075327101417,84.92647751141041,9,1.3244124225513996,0.7092639726018806,26.259812344645823,65.66087743950712,20,100.0,4,262,1,12.843871721166305
2025-09-19 19:33:30.423349200,3.006316974624597,16.388171112688173,52.122380651078196,9,0.5150230436949234,-0.8093893788564762,24.40829530292847,72.24990502923364,80,67.32915503399313,2,262,1,45.11864803651356
2025-09-20 04:19:16.938854368,6.952953599501706,7.530383279812719,24.271247218123918,9,0.9469434192969891,0.43192037560206575,23.691605744643972,72.21085485245372,10,83.48220979829401,2,263,1,38.914498008137784
2025-09-20 13:05:03.454359536,34.832666237655495,44.630609938915455,110.44647103357948,9,1.6135283630988924,0.6665849438019033,23.12343838316538,58.70587250843343,80,91.66109256710675,1,263,1,18.88934876415636
2025-09-20 21:50:49.969864704,24.652175530940564,34.13520007307065,92.52992302218595,9,1.340585129003084,-0.27294323409580845,27.27578009187818,63.5224741057955,80,89.3895119534372,2,263,1,18.865287499041223
2025-09-21 06:36:36.485369872,62.85464308023565,68.55984669011403,113.46632985465185,9,2.141676953655093,0.8010918246520091,24.928429689115497,63.42781884676698,80,85.13617422784374,0,264,1,9.107719108101563
2025-09-21 15:22:23.000875040,21.051501574800614,23.00398342724597,47.27032904469095,9,1.3544360435710423,-0.7872409100840507,21.72792241732195,54.410743627719484,40,71.3830700895072,2,264,1,24.734177878994277
2025-09-22 00:08:09.516380224,7.4932218432549655,38.02924153350298,74.62513584134187,9,1.155622476254891,-0.1988135673161513,20.116553119568724,69.93935079800252,10,100.0,4,265,1,25.121507155230443
2025-09-22 08:53:56.031885392,13.39732534949937,14.892305209737717,34.649995581398926,9,1.028259135555465,-0.1273633406994259,23.929036236233856,65.91808449828586,10,85.60025121462708,5,265,1,23.889258299508437
2025-09-22 17:39:42.547390560,16.226958306193865,17.064627337609462,45.721436628085016,9,0.8325808690662073,-0.1956782664892578,23.592393350615875,66.62335855222652,80,53.7261667942126,1,265,0,
2025-09-23 02:25:29.062895728,1.2255683318224668,2.5116221462514936,16.320303155445984,9,0.39489961911133825,-0.43768124995486907,20.57491802733001,73.95866349604024,40,61.95028847152535,1,266,0,
2025-09-23 11:11:15.578400896,11.795293295286157,22.358460705176324,43.3556221916622,9,1.0042103638466675,0.6093107447353292,23.524009858912404,67.71113888617593,80,55.43587203519584,0,266,1,31.46664506575446
2025-09-23 19:57:02.093906064,18.533026850352414,24.76445424584145,47.871716618756615,9,0.9794053974158525,-0.02480496643081498,22.507094421270267,65.15627505000724,20,83.59828827173686,2,266,1,28.89569941045188
2025-09-24 04:42:48.609411232,2.7466114546941705,10.738924566556738,61.205233197407665,9,0.7493000672949185,-0.23010533012093404,23.693734217238156,70.21069626627424,10,100.0,3,267,1,31.446167074428843
2025-09-24 13:28:35.124916400,22.755049589611676,25.127335930759337,79.86287152703201,9,0.7741918305464823,0.024891763251563837,25.1472149582965,72.68509470287721,10,100.0,5,267,1,28.4948113827948
2025-09-24 22:14:21.640421568,13.147859507204142,28.433166388447155,81.8641321631558,9,0.9497799427472358,0.17558811220075343,26.700824190567463,68.9135464215249,40,96.77712071089698,2,267,1,25.384570676840266
2025-09-25 07:00:08.155926736,45.61778266665771,44.553451948398234,77.84904467032132,9,2.217240865902435,1.2674609231551992,25.553641479976136,70.91767480796587,10,100.0,5,268,1,6.00586055466243
2025-09-25 15:45:54.671431904,0.6502261578316875,3.413031665294456,28.23140000248931,9,0.6350320054087312,-1.582208860493704,22.313263214431604,66.78445117946961,10,86.25297702472935,4,268,1,35.56857576537041
2025-09-26 00:31:41.186937072,4.62492904214157,9.114782876675717,24.464835245382744,9,0.7170051425157871,0.0819731371070559,24.514278117769237,67.14360698842339,10,81.95289745693516,3,269,1,32.81515139084184
2025-09-26 09:17:27.702442240,13.802744927433658,16.04396232784161,29.502091209524856,9,1.3335398289613607,0.6165346864455736,23.922986731802766,68.15864852913158,40,67.8158260255938,0,269,1,34.86423504774484
2025-09-26 18:03:14.217947408,5.276588536569529,19.202710062920985,35.39831240476295,9,0.33036814760031313,-1.0031716813610476,21.15286033410129,63.86863173456288,80,64.66663268761909,1,269,0,
2025-09-27 02:49:00.733452576,18.798714902831385,41.51723977447515,104.30904313502609,9,1.1280844728437576,0.7977163252434445,24.633950335905062,64.83466146119304,10,100.0,2,270,1,21.483006721920518
2025-09-27 11:34:47.248957744,21.344703973647718,28.032177969819504,70.18687827926574,9,1.1269812248216717,-0.0011032480220858343,27.571216376538317,74.60514161049815,80,79.00269092754786,1,270,1,22.416054568674564
2025-09-27 20:20:33.764462912,1.622399190578911,16.47929851499642,133.7207293838078,9,0.8689112155626204,-0.2580700092590513,23.943131896337757,77.7963378552391,40,100.0,0,270,1,29.423345854995084
2025-09-28 05:06:20.279968080,10.818708653176138,21.52791329005249,40.2404547651046,9,1.106784578609695,0.23787336304707463,20.710340010553747,75.7584003102,80,66.90614861742365,1,271,0,
2025-09-28 13:52:06.795473248,10.666324124847232,28.594806438396972,59.410703780903,9,0.8260732050843891,-0.28071137352530595,23.979688730398163,61.222015992519104,20,87.77890487239544,4,271,1,27.031041006155974
2025-09-28 22:37:53.310978416,6.913417142808852,9.527115033632292,28.547302006401935,9,0.9331303576210099,0.10705715253662085,21.51219198556254,60.77994509409322,10,89.45581278192681,4,271,1,26.30319146493957
2025-09-29 07:23:39.826483584,40.529127506507635,52.25719451456242,121.47148439453741,9,1.7524915418114353,0.8193611841904254,25.687311010444432,61.966652833617914,40,100.0,0,272,1,4.3549917723866365
2025-09-29 16:09:26.341988752,26.36092020192123,25.041795511913982,75.14530444373688,9,1.5199642842873977,-0.23252725752403758,25.03033185147571,68.6331409454483,40,93.158802210538,0,272,1,13.497732045215827
2025-09-30 00:55:12.857493920,17.920706126225696,28.51466068508227,48.96106372474285,9,0.937032189750925,-0.5829320945364728,23.659301530655853,53.95862031342237,80,67.32370478018618,0,273,1,27.96327438219649
2025-09-30 09:40:59.372999088,18.793593057383244,21.01431378785167,55.53837783829966,9,1.0613526792129495,0.12432048946202456,23.35933041342112,65.09931005716803,10,99.14752929933077,5,273,1,17.18238233667246
2025-09-30 18:26:45.888504256,9.290538663439138,15.962652266784135,41.089803511386194,9,0.7474038328613122,-0.31394884635163733,23.61774482678996,75.11992330584768,40,72.71476215742487,0,273,1,34.64012041164996
2025-10-01 03:12:32.404009424,38.07357113568057,34.249376931791765,93.30045147649545,10,1.8151712663446717,1.0677674334833596,24.079333720066593,73.03776361640844,20,100.0,4,274,1,14.77533448100738
2025-10-01 11:58:18.919514592,17.791768700013137,21.58602666385577,69.51102059627426,10,0.9671393973255861,-0.8480318690190857,22.538902445348857,65.62127172319634,80,76.22717552381968,2,274,1,24.00711687522289
2025-10-01 20:44:05.435019760,19.583498660329248,25.851977211942025,89.29665885266354,10,1.1417000395236538,0.17456064219806777,21.32847017649571,66.04117547114397,20,100.0,4,274,1,22.618816757370606
2025-10-02 05:29:51.950524928,29.67396406307358,42.41877811397879,131.19525545115047,10,1.6190293419338695,0.47732930241021565,26.401993814416155,71.08540037608824,20,100.0,3,275,1,15.832017266473786
2025-10-02 14:15:38.466030096,4.804558153931618,12.369541013989872,38.93443720836733,10,0.8288382698237549,-0.7901910721101146,23.374428920591637,72.9668055233921,80,68.283093251047,2,275,0,
2025-10-02 23:01:24.981535264,24.681488026868987,42.13997615022416,109.09308285101517,10,1.5924200435342557,0.7635817737105008,24.499967042211868,65.66607532904835,20,100.0,2,275,1,9.52332611166832
2025-10-03 07:47:11.497040432,3.258178978485499,5.4333424723232016,23.902125728415356,10,0.6617219596618753,-0.9306980838723804,24.75710934166134,67.20126077005551,80,49.08453825305068,2,276,0,
2025-10-03 16:32:58.012545600,6.354633662490217,12.988220232151455,52.448250166937726,10,0.6733250925153527,0.01160313285347736,24.851265286432582,65.58440001164419,80,64.83703792632065,2,276,1,36.37083107308258
2025-10-04 01:18:44.528050768,6.1332995440534175,10.394920194820376,50.31253724874937,10,0.6566754437575221,-0.016649648757830593,21.88028113999164,61.799087061500906,40,80.43756089161444,2,277,0,
2025-10-04 10:04:31.043555936,57.61331433378923,63.96571355439512,110.14321714757334,10,2.297057885261258,1.640382441503736,20.896943168104798,67.3985282543079,40,100.0,1,277,1,1.0
2025-10-04 18:50:17.559061104,29.125195145586638,35.040575589555544,79.05579573788506,10,1.4828281540221648,-0.8142297312390934,23.091958003243285,67.05904840421073,20,92.11775945988748,2,277,1,13.85507302437285
2025-10-05 03:36:04.074566272,18.118199489773318,29.124000346809094,79.32905063660871,10,1.12416966369387,-0.3586584903282948,25.081498501492234,62.276930293373375,20,92.62227961529413,4,278,1,27.733534545042943
2025-10-05 12:21:50.590071440,19.477371351303216,29.37630571858287,78.32507029668893,10,1.1871511684050025,0.0629815047111324,22.854920550341262,71.85204525876841,20,90.51765714732052,5,278,1,24.998236365768896
2025-10-05 21:07:37.105576608,12.385538695261964,20.338014865815385,38.598589828310324,10,0.6476401504489722,-0.5395110179560303,23.621734526892894,71.07975786171217,20,72.80522062283286,2,278,1,35.97039254633677
2025-10-06 05:53:23.621081776,44.08763295763802,58.13839193202989,110.14033736665337,10,2.096607635363995,1.4489674849150227,28.606940746718827,72.18329034266478,20,100.0,2,279,1,8.72287418912515
2025-10-06 14:39:10.136586944,10.285388119815838,12.142807253436766,41.19458068746293,10,0.8633582927085706,-1.2332493426554243,20.682278205816697,64.90590017352969,40,77.52347724177216,1,279,1,31.302209212083135
2025-10-06 23:24:56.652092128,7.183067485232563,8.948586767585898,142.4216326917936,10,0.9335213000887279,0.07016300738015735,22.88384904623984,58.86995568554843,20,100.0,4,279,1,32.09607284154887
2025-10-07 08:10:43.167597296,2.6696014191022757,9.156590827365758,26.860434873771595,10,0.6449900381371201,-0.28853126195160783,28.207926879230723,71.16609313239397,20,71.61389974120222,3,280,1,43.06380667161458
2025-10-07 16:56:29.683102464,23.141110768246797,28.377091659771207,57.05925788146226,10,0.8989136162582907,0.2539235781211706,24.346333378272572,65.55049787137747,10,91.31256362563826,2,280,1,22.68648268011266
2025-10-08 01:42:16.198607632,19.888939229583038,23.296916357584198,52.116108972037864,10,1.0590587103061677,0.16014509404787702,23.044382282194196,64.45936456015554,80,65.34242249866223,0,281,0,
2025-10-08 10:28:02.714112800,7.276272642736265,10.87325942837488,18.678396151703364,10,0.7142720625147907,-0.344786647791377,26.814721883308827,62.669102725355955,80,40.65255776303072,2,281,0,
2025-10-08 19:13:49.229617968,0.38274301431586616,6.513182039340959,27.64948760999225,10,0.7213673417664467,0.007095279251655984,24.60848553775808,67.61943668915595,40,61.9776579485643,1,281,1,37.35247187925624
2025-10-09 03:59:35.745123136,27.395014741659622,25.45193699749575,61.36648993283005,10,0.8883649559054708,0.16699761413902414,23.822257303719763,76.92438467286792,80,81.0057169156334,2,282,1,27.050560831474993
2025-10-09 12:45:22.260628304,0.17225503656395333,9.707001677629966,26.907645639335158,10,0.6087510208973657,-0.27961393500810516,24.924469824330576,66.55221633373353,20,76.7728407131994,4,282,1,37.907575158784326
2025-10-09 21:31:08.776133472,18.245731209903568,26.261362320090424,69.50680640835273,10,1.230263290557637,0.6215122696602713,23.24438030915856,63.67218063501352,80,73.70441240240372,1,282,0,
2025-10-10 06:16:55.291638640,52.72747736909718,57.36121280097261,122.08857088622047,10,1.9958640983353657,0.7656008077777288,22.546489474680246,72.42261020606294,40,100.0,1,283,1,4.586174117244164
2025-10-10 15:02:41.807143808,8.634764874554383,19.680926462676524,36.81102034194074,10,0.8844301640812224,-1.1114339342541433,24.37515876609055,70.06876664157652,80,55.79779428033253,0,283,0,
2025-10-10 23:48:28.322648976,4.017670215730604,11.08716127901279,22.998463101341912,10,0.5658177152747711,-0.31861244880645134,22.601246703861527,58.649974409586044,80,47.49584283627502,1,283,0,
2025-10-11 08:34:14.838154144,18.30514146179697,29.28532406010107,129.31468137563968,10,1.013041483192872,0.4472237679181009,24.66552186526581,72.60000208211213,10,100.0,5,284,1,23.503970719597298
2025-10-11 17:20:01.353659312,25.484544015139882,26.88831285268196,50.24614411656016,10,1.1968900388033539,0.18384855561048186,25.37384924242645,79.97241105746355,10,89.41169878867872,3,284,1,24.753029903987336
2025-10-12 02:05:47.869164480,11.859095447833509,10.251823202515165,40.85059226819119,10,0.6975617424884197,-0.49932829631493414,26.392063766561648,56.36920607177173,20,78.65468995570883,5,285,1,31.461313278944427
2025-10-12 10:51:34.384669648,51.18475854604624,50.17771874674479,113.87696042410735,10,2.1621960207756397,1.46463427828722,26.962705086575298,63.235180110972664,80,98.46864662387122,2,285,1,16.404655775776412
2025-10-12 19:37:20.900174816,0.7957708206384246,4.3545915601713165,31.382942467768142,10,0.4124709566474061,-1.7497250641282336,23.916299520292952,55.21290960385688,20,71.01030020509683,5,285,0,
2025-10-13 04:23:07.415679984,10.541770033928605,33.798614441064636,78.60183257466207,10,0.868239543679633,0.4557685870322269,25.747523927123666,69.12086731878688,80,82.55394105548808,1,286,0,
2025-10-13 13:08:53.931185152,19.011888710246673,33.05136323161243,91.71093634095494,10,1.5643371398889645,0.6960975962093315,25.754668203674317,74.49117380557998,20,100.0,4,286,1,18.9826362225586
2025-10-13 21:54:40.446690320,29.777302386460185,40.265379681377865,127.46338641568073,10,1.6903478469077895,0.126010707018825,25.446189387815934,70.10860766134934,20,100.0,5,286,1,12.330521259792725
2025-10-14 06:40:26.962195488,2.9631534023993233,4.565731582780938,49.31422728748646,10,0.23261771174395574,-1.4577301351638337,23.85256745661894,76.58295104760305,80,67.58703454249581,2,287,0,
2025-10-14 15:26:13.477700656,24.141829821060636,26.25606871469575,56.481206149697414,10,1.0924436255976635,0.8598259138537078,22.776288285783735,73.81759927307458,10,97.02554242171956,5,287,1,24.499428353256576
2025-10-15 00:11:59.993205824,12.068123810997447,14.993664473993777,40.95128429341243,10,0.9397917153044287,-0.15265191029323477,25.857368263277966,78.21746558780059,40,79.02893550966112,2,288,1,24.324091487431694
2025-10-15 08:57:46.508710992,7.57647290254169,12.428455497418565,26.74043026484084,10,0.8405650264713181,-0.09922668883311059,21.460582509765345,75.54966910883837,20,70.0435361152532,3,288,1,29.83465417713713
2025-10-15 17:43:33.024216160,2.118529651717391,4.389042890023575,32.17565904706247,10,0.28816244878720493,-0.5524025776841133,24.35957412488285,67.77579063699142,40,72.83218187627493,2,288,1,37.256655802147854
2025-10-16 02:29:19.539721328,30.070105659063824,37.71445968905087,72.53209708840848,10,1.7102598086362497,1.4220973598490447,19.808938153700673,70.16603265116994,80,82.14071475734444,1,289,1,18.094312000241658
2025-10-16 11:15:06.055226496,2.5666869581446647,3.9257478463490907,12.254968369898055,10,0.7556361014627094,-0.9546237071735403,22.264344004586793,65.53091312520178,20,74.98189522325123,3,289,0,
2025-10-16 20:00:52.570731664,5.561344173336487,34.67925276639642,63.465670680174426,10,1.0543997375387617,0.2987636360760523,23.20383074423182,68.76291639791309,80,72.6031155368023,0,289,1,30.879552827554917
2025-10-17 04:46:39.086236832,5.1383166079158125,5.964618333772219,31.776237158390938,10,0.9337582136384626,-0.12064152390029914,27.172497541897947,70.26725661336936,20,71.94519001955551,3,290,1,29.30233267110919
2025-10-17 13:32:25.601742000,30.767364055504654,46.60802118360922,89.02105160836027,10,1.671885491460369,0.7381272778219063,26.376216048808534,69.57546338232324,10,100.0,2,290,1,17.971850523709648
